# Resource object code (Python 3)
# Created by: object code
# Created by: The Resource Compiler for Qt version 6.8.2
# WARNING! All changes made in this file will be lost!

from PySide6 import QtCore

qt_resource_data = b"\
\x00\x00!\x1b\
\x89\
PNG\x0d\x0a\x1a\x0a\x00\x00\x00\x0dIHDR\x00\
\x00\x04\x00\x00\x00\x04\x00\x08\x02\x00\x00\x00\xf0\x7f\xbc\xd4\
\x00\x00 \xe2IDATx\x9c\xec\xdd\xcf\x8b\xdd\xf7\
}\xef\xf13\xf6\xf8\xcarr\xb1\xee\xdd\x18;\x0b\xc9\
\x04\xc4\x0d1\xd9y\xa98YX\xf1*\xb9x\xe9E\
\x89\xc1\xd0\x9dq!\xcb\x86\xa6$\xcbn\x0a\xd9\xd5\xe0\
B\xff\x82\xaeJ\xd4B\x1bk\x99.Z\x88\xa1v\x09\
\xd6@\x9dE\xd56r7\x92*\xd3\xe9\xc2\xc6?\xc6\
#\xe9\xcc9\xdf\xef\xe7\xc7\xfb\xf5x\xec\xcd\xe7\x9d3\
\x1e\xf4zF\x07|\xf8\xca\xcbW6\x00\x00@\x86G\
z\x1f\x00\x00\x00\xb4#\x00\x00\x00 \x88\x00\x00\x00\x80\
 \x02\x00\x00\x00\x82\x08\x00\x00\x00\x08\x22\x00\x00\x00 \
\x88\x00\x00\x00\x80 \x02\x00\x00\x00\x82\x08\x00\x00\x00\x08\
\x22\x00\x00\x00 \x88\x00\x00\x00\x80 \x02\x00\x00\x00\x82\
\x08\x00\x00\x00\x08\x22\x00\x00\x00 \x88\x00\x00\x00\x80 \
\x02\x00\x00\x00\x82\x08\x00\x00\x00\x08\x22\x00\x00\x00 \x88\
\x00\x00\x00\x80 \x02\x00\x00\x00\x82\x08\x00\x00\x00\x08\x22\
\x00\x00\x00 \x88\x00\x00\x00\x80 \x02\x00\x00\x00\x82\x08\
\x00\x00\x00\x08\x22\x00\x00\x00 \x88\x00\x00\x00\x80 \x02\
\x00\x00\x00\x82\x08\x00\x00\x00\x08\x22\x00\x00\x00 \x88\x00\
\x00\x00\x80 \x02\x00\x00\x00\x82\x08\x00\x00\x00\x08\x22\x00\
\x00\x00 \x88\x00\x00\x00\x80 \x02\x00\x00\x00\x82\x08\x00\
\x00\x00\x08\x22\x00\x00\x00 \x88\x00\x00\x00\x80 \x02\x00\
\x00\x00\x82\x08\x00\x00\x00\x08\x22\x00\x00\x00 \x88\x00\x00\
\x00\x80 \x02\x00\x00\x00\x82\x08\x00\x00\x00\x08\x22\x00\x00\
\x00 \x88\x00\x00\x00\x80 \x02\x00\x00\x00\x82\x08\x00\x00\
\x00\x08\x22\x00\x00\x00 \x88\x00\x00\x00\x80 \x02\x00\x00\
\x00\x82\x08\x00\x00\x00\x08\x22\x00\x00\x00 \x88\x00\x00\x00\
\x80 \x02\x00\x00\x00\x82\x08\x00\x00\x00\x08\x22\x00\x00\x00\
 \x88\x00\x00\x00\x80 \x02\x00\x00\x00\x82\x08\x00\x00\x00\
\x08\x22\x00\x00\x00 \x88\x00\x00\x00\x80 \x02\x00\x00\x00\
\x82\x08\x00\x00\x00\x08\x22\x00\x00\x00 \x88\x00\x00\x00\x80\
 \x02\x00\x00\x00\x82\x08\x00\x00\x00\x08\x22\x00\x00\x00 \
\x88\x00\x00\x00\x80 \x02\x00\x00\x00\x82\x08\x00\x00\x00\x08\
\x22\x00\x00\x00 \x88\x00\x00\x00\x80 \x02\x00\x00\x00\x82\
\x08\x00\x00\x00\x08\x22\x00\x00\x00 \x88\x00\x00\x00\x80 \
\x02\x00\x00\x00\x82\x08\x00\x00\x00\x08\x22\x00\x00\x00 \x88\
\x00\x00\x00\x80 \x02\x00\x00\x00\x82\x08\x00\x00\x00\x08\x22\
\x00\x00\x00 \x88\x00\x00\x00\x80 \x02\x00\x00\x00\x82\x08\
\x00\x00\x00\x08\x22\x00\x00\x00 \x88\x00\x00\x00\x80 \x02\
\x00\x00\x00\x82\x08\x00\x00\x00\x08\x22\x00\x00\x00 \x88\x00\
\x00\x00\x80 \x02\x00\x00\x00\x82\x08\x00\x00\x00\x08\x22\x00\
\x00\x00 \x88\x00\x00\x00\x80 \x02\x00\x00\x00\x82\x08\x00\
\x00\x00\x08\x22\x00\x00\x00 \x88\x00\x00\x00\x80 \x02\x00\
\x00\x00\x82\x08\x00\x00\x00\x08\x22\x00\x00\x00 \x88\x00\x00\
\x00\x80 \x02\x00\x00\x00\x82\x08\x00\x00\x00\x08\x22\x00\x00\
\x00 \x88\x00\x00\x00\x80 \x02\x00\x00\x00\x82\x08\x00\x00\
\x00\x08\x22\x00\x00\x00 \x88\x00\x00\x00\x80 \x02\x00\x00\
\x00\x82\x08\x00\x00\x00\x08\x22\x00\x00\x00 \x88\x00\x00\x00\
\x80 \x02\x00\x00\x00\x82\x08\x00\x00\x00\x08\x22\x00\x00\x00\
 \x88\x00\x00\x00\x80 \x02\x00\x00\x00\x82\x08\x00\x00\x00\
\x08\x22\x00\x00\x00 \x88\x00\x00\x00\x80 \x02\x00\x00\x00\
\x82\x08\x00\x00\x00\x08\x22\x00\x00\x00 \x88\x00\x00\x00\x80\
 \x02\x00\x00\x00\x82\x08\x00\x00\x00\x08\x22\x00\x00\x00 \
\x88\x00\x00\x00\x80 \x02\x00\x00\x00\x82\x08\x00\x00\x00\x08\
\x22\x00\x00\x00 \x88\x00\x00\x00\x80 \x02\x00\x00\x00\x82\
\x08\x00\x00\x00\x08\x22\x00\x00\x00 \x88\x00\x00\x00\x80 \
\x02\x00\x00\x00\x82\x08\x00\x00\x00\x08\x22\x00\x00\x00 \x88\
\x00\x00\x00\x80 \x02\x00\x00\x00\x82\x08\x00\x00\x00\x08\x22\
\x00\x00\x00 \x88\x00\x00\x00\x80 \x02\x00\x00\x00\x82\x08\
\x00\x00\x00\x08\x22\x00\x00\x00 \x88\x00\x00\x00\x80 \x02\
\x00\x00\x00\x82\x08\x00\x00\x00\x08\x22\x00\x00\x00 \x88\x00\
\x00\x00\x80 \x02\x00\x00\x00\x82\x08\x00\x00\x00\x08\x22\x00\
\x00\x00 \x88\x00\x00\x00\x80 \x02\x00\x00\x00\x82\x08\x00\
\x00\x00\x08\x22\x00\x00\x00 \x88\x00\x00\x00\x80 \x02\x00\
\x00\x00\x82\x08\x00\x00\x00\x08\x22\x00\x00\x00 \x88\x00\x00\
\x00\x80 \x02\x00\x00\x00\x82\x08\x00\x00\x00\x08\x22\x00\x00\
\x00 \x88\x00\x00\x00\x80 \x02\x00\x00\x00\x82\x08\x00\x00\
\x00\x08\x22\x00\x00\x00 \x88\x00\x00\x00\x80 \x02\x00\x00\
\x00\x82\x08\x00\x00\x00\x08\x22\x00\x00\x00 \x88\x00\x00\x00\
\x80 \x02\x00\x00\x00\x82\x08\x00\x00\x00\x08\x22\x00\x00\x00\
 \x88\x00\x00\x00\x80 \x02\x00\x00\x00\x82\x08\x00\x00\x00\
\x08\x22\x00\x00\x00 \x88\x00\x00\x00\x80 \x02\x00\x00\x00\
\x82\x08\x00\x00\x00\x08\x22\x00\x00\x00 \x88\x00\x00\x00\x80\
 \x02\x00\x00\x00\x82\x08\x00\x00\x00\x08\x22\x00\x00\x00 \
\x88\x00\x00\x00\x80 \x02\x00\x00\x00\x82\x08\x00\x00\x00\x08\
\x22\x00\x00\x00 \x88\x00\x00\x00\x80 \x02\x00\x00\x00\x82\
\x1c\xf6>\x00Nq\xf5{\x07?\xfc\xfd\xb7{_\x01\
\x9b\xe3\xbbW{\x9f\xc0\xae\x8eno._\xef}\xc4\
\x0a.\x9e\xdf\xbcw\xa5\xd1[>\xc3\xbd\xdd\xbcy\xfc\
\xc6\xebw\xda\xbc\x05\xdb\xf37\x00\x0c\xe7\xea\xf7\x0e^\
\xfc\xdeA\xef+\x00\x00j\x12\x00\x8c\xc5\xfa\x07\x00X\
\x95\x00` \xd6?\x00\xc0\xda\x04\x00\xa3\xb0\xfe\x01\x00\
\x1a\x10\x00\x0c\xc1\xfa\x07\x00hC\x00\xd0\x9f\xf5\x0f\x00\
\xd0\x8c\x00\xa03\xeb\x1f\x00\xa0%\x01@O\xd6?\x00\
@c\x02\x80n\xac\x7f\x00\x80\xf6\x04\x00}X\xff\x00\
\x00]\x08\x00:\xb0\xfe\x01\x00z\x11\x00\xb4f\xfd\x03\
\x00t$\x00h\xca\xfa\x07\x00\xe8K\x00\xd0\x8e\xf5\x0f\
\x00\xd0\x9d\x00\xa0\x11\xeb\x1f\x00`\x04\x02\x80\x16\xac\x7f\
\x00\x80A\x08\x00Vg\xfd\x03\x00\x8cC\x00\xb0.\xeb\
\x1f\x00`(\x02\x80\x15Y\xff\x00\x00\xa3\x11\x00\xac\xc5\
\xfa\x07\x00\x18\x90\x00`\x15\xd6?\x00\xc0\x98\x04\x00\xcb\
\xb3\xfe\x01\x00\x86%\x00X\x98\xf5\x0f\x0002\x01\xc0\
\x92\xac\x7f\x00\x80\xc1\x09\x00\x16c\xfd\x03\x00\x8cO\x00\
\xb0\x0c\xeb\x1f\x00`\x0a\x02\x80\x05X\xff\x00\x00\xb3\x10\
\x00\xec\xcb\xfa\x07\x00\x98\x88\x00`/\xd6?\x00\xc0\x5c\
\x04\x00\xbb\xb3\xfe\x01\x00\xa6#\x00\xd8\x91\xf5\x0f\x000\
#\x01\xc0.\xac\x7f\x00\x80I\x09\x00\xce\xcc\xfa\x07\x00\
\x98\x97\x00\xe0l\xac\x7f\x00\x80\xa9\x09\x00\xce\xc0\xfa\x07\
\x00\x98\x9d\x00`[\xd6?\x00@\x01\x02\x80\xadX\xff\
\x00\x005\x08\x00\x1e\xce\xfa\x07\x00(C\x00\xf0\x10\xd6\
?\x00@%\x87\xbd\x0f`h\x1d\xd7\xff\xa5K\xe7\x9b\
\xbdu\xe3\xc6\xedfo\xb5\xd4\xf23l\xa9\xe5\xcf\xeb\
\xc6\xd1\x9dfo]\xba\xf8x\xb3\xb7\x00H&\x00\xb8\
\xaf\xbe\xff\xdf\xff\xfb\xef^i\xf6\xd6\xc1\xb9k\xcd\xde\
j\xa9\xe5g\xd8R\xcb\x9f\xd7\xb3\x97\xdfn\xf6\xd6\xf1\
\xdd\xab\xcd\xde\x02 \x99\xaf\x00q:\xdf\xfc\x01\x00(\
I\x00p\x0a\xeb\x1f\x00\xa0*\x01\xc0I\xd6?\x00@\
a\x02\x80/\xb0\xfe\x01\x00j\x13\x00|\xc6\xfa\x07\x00\
(O\x00\xf0\x09\xeb\x1f\x00 \x81\x00`c\xfd\x03\x00\
\xe4\x10\x00X\xff\x00\x00A\x04@:\xeb\x1f\x00 \x8a\
\x00\x88f\xfd\x03\x00\xa4\x11\x00\xb9\xac\x7f\x00\x80@\x02\
 \x94\xf5\x0f\x00\x90I\x00$\xb2\xfe\x01\x00b\x09\x80\
8\xd6?\x00@2\x01\x90\xc5\xfa\x07\x00\x08'\x00\x82\
X\xff\x00\x00\x08\x80\x14\xd6?\x00\x00\x02 \x85\xf5\x0f\
\x00\xc0\xc7\x04@}\xd6?\x00\x00\x9f\x12\x00\xc5Y\xff\
\x00\x00|\x9e\x00\xa8\xcc\xfa\x07\x00\xe0\x04\x01P\x96\xf5\
\x0f\x00\xc0\x97\x09\x80\x9a\xac\x7f\x00\x00N%\x00\x0a\xb2\
\xfe\x01\x00\xb8\x1f\x01P\x8d\xf5\x0f\x00\xc0\x03\x08\x80R\
\xac\x7f\x00\x00\x1eL\x00\xd4a\xfd\x03\x00\xf0P\x02\xa0\
\x08\xeb\x1f\x00\x80m\x08\x80\x0a\xac\x7f\x00\x00\xb6$\x00\
\xa6g\xfd\x03\x00\xb0=\x0107\xeb\x1f\x00\x803\x11\
\x00\x13\xb3\xfe\x01\x008+\x010+\xeb\x1f\x00\x80\x1d\
\x08\x80)Y\xff\x00\x00\xecF\x00\xcc\xc7\xfa\x07\x00`\
g\x02`2\xd6?\x00\x00\xfb\x10\x003\xb1\xfe\x01\x00\
\xd8\x93\x00\x98\x86\xf5\x0f\x00\xc0\xfe\x04\xc0\x1c\xac\x7f\x00\
\x00\x16q\xd8\xfb\x00\x1e\xce\xfa\x07\xeax\xfbw\x8d\x1e\
:\xba\xdd\xe8\xa1\xf6|\x86\xfbk\xf6\x19\xde<\xdel\
\xce7z\x0b\xb6&\x00Fg\xfd\x03u\x1c\xdd\xde\xbc\
\xf8\xab\xdeGL\xceg\xb8\xbf\x96\x9f\xe1\x13\x8fo^\
z\xbe\xd1[\xb05_\x01\x1a\x9a\xf5\x0f\x00\xc0\xb2\x04\
\xc0\xb8\xac\x7f\x00\x00\x16'\x00\x06e\xfd\x03\x00\xb0\x06\
\x010\x22\xeb\x1f\x00\x80\x95\x08\x80\xe1X\xff\x00\x00\xac\
G\x00\x8c\xc5\xfa\x07\x00`U\x02` \xd6?\x00\x00\
k\x13\x00\xa3\xb0\xfe\x01\x00h@\x00\x0c\xc1\xfa\x07\x00\
\xa0\x0d\x01\xd0\x9f\xf5\x0f\x00@3\x02\xa03\xeb\x1f\x00\
\x80\x96\x04@O\xd6?\x00\x00\x8d\x09\x80n\xac\x7f\x00\
\x00\xda\x13\x00}X\xff\x00\x00t!\x00:\xb0\xfe\x01\
\x00\xe8E\x00\xb4f\xfd\x03\x00\xd0\x91\x00h\xca\xfa\x07\
\x00\xa0/\x01\xd0\x8e\xf5\x0f\x00@w\x02\xa0\x11\xeb\x1f\
\x00\x80\x11\x08\x80\x16\xac\x7f\x00\x00\x06!\x00Vg\xfd\
\x03\x000\x0e\x01\xb0.\xeb\x1f\x00\x80\xa1\x08\x80\x15Y\
\xff\x00\x00\x8cF\x00\xac\xc5\xfa\x07\x00`@\x02`\x15\
\xd6?\x00\x00c\x12\x00\xcb\xb3\xfe\x01\x00\x18\x96\x00X\
\x98\xf5\x0f\x00\xc0\xc8\x04\xc0\x92\xac\x7f\x00\x00\x06'\x00\
\x16c\xfd\x03\x000>\x01\xb0\x0c\xeb\x1f\x00\x80)\x08\
\x80\x05X\xff\x00\x00\xccB\x00\xec\xcb\xfa\x07\x00`\x22\
\x02`/\xd6?\x00\x00s\x11\x00\xbb\xb3\xfe\x01\x00\x98\
\x8e\x00\xd8\x91\xf5\x0f\x00\xc0\x8c\x04\xc0.\xac\x7f\x00\x00\
&%\x00\xce\xcc\xfa\x07\x00`^\x02\xe0l\xac\x7f\x00\
\x00\xa6&\x00\xce\xc0\xfa\x07\x00`v\x87\xbd\x0f\x98\x86\
\xf5\xcft\xfe\xfc/~\xdb\xfb\x84\xe9\xfd\xf0\xf7\xbe\xd6\
\xfb\x84Z\x9e|l\xd3\xec#\xfd\xf0\xde\xe6/\xff\xb5\
\xd1[-]8\xdc|\xff\xa9Fo\xf9\x0c\xf7w\xef\
\xd1\xcd\xddFO\xc1\xf6\x0e^y\xf9J\xef\x1b&`\
\xfd\xb7\xf7\xcc\xd3\xe7\x9a\xbdup\xeeZ\xb3\xb7\x98\xcb\
\xf1\xdd\xab\xbdO`WG\xb77\x97\xaf\xf7>b\x05\
\x17\xcfo\xdek\xf5\x07\xb7\xcfpo7o\x1e\xbf\xf1\
\xfa\x9d6o\xc1\xf6|\x05\xe8\xe1\xac\x7f\x00\x00\xca\x10\
\x00\x0fa\xfd\x03\x00P\x89\x00x\x10\xeb\x1f\x00\x80b\
\x04\xc0}Y\xff\x00\x00\xd4#\x00Ng\xfd\x03\x00P\
\x92\x008\x85\xf5\x0f\x00@U\x02\xe0$\xeb\x1f\x00\x80\
\xc2\x04\xc0\x17X\xff\x00\x00\xd4&\x00>c\xfd\x03\x00\
P\x9e\x00\xf8\x84\xf5\x0f\x00@\x02\x01\xb0\xb1\xfe\x01\x00\
\xc8!\x00\xac\x7f\x00\x00\x82\xa4\x07\x80\xf5\x0f\x00@\x94\
\xe8\x00\xb0\xfe\x01\x00H\x93\x1b\x00\xd6?\x00\x00\x81B\
\x03\xc0\xfa\x07\x00 Sb\x00X\xff\x00\x00\xc4\x8a\x0b\
\x00\xeb\x1f\x00\x80dY\x01`\xfd\x03\x00\x10.(\x00\
\xac\x7f\x00\x00H\x09\x00\xeb\x1f\x00\x00R\x02\xc0\xfa\x07\
\x00\x80\x8f\xd5\x0f\x00\xeb\x1f\x00\x00>U<\x00\xac\x7f\
\x00\x00\xf8\xbc\xca\x01`\xfd\x03\x00\xc0\x09e\x03\xc0\xfa\
\x07\x00\x80/\xab\x19\x00\xd6?\x00\x00\x9c\xaa`\x00X\
\xff\x00\x00p?\xd5\x02\xc0\xfa\x07\x00\x80\x07(\x15\x00\
\xd6?\x00\x00<X\x9d\x00\xb0\xfe\x01\x00\xe0\xa1\x8a\x04\
\x80\xf5\x0f\x00\x00\xdb\xa8\x10\x00\xd6?\x00\x00li\xfa\
\x00\xb0\xfe\x01\x00`{s\x07\x80\xf5\x0f\x00\x00g2\
q\x00X\xff\x00\x00pV\xb3\x06\x80\xf5\x0f\x00\x00;\
\x982\x00\xac\x7f\x00\x00\xd8\xcd|\x01`\xfd\x03\x00\xc0\
\xce\x0e{\x1fp6\xd6?l\xef'?\xfez\xbb\xb7\
~\xfa\x9bfo1\xb1[\x1fm~~\xd4\xee\xad\x92\
>\xbc\xb7\xf9Y\xab_7\x9f\xe1\xfe\xee=\xba\xd9<\
\xd5\xe8-\xd8\xda\xc1+/_\xe9}\xc3\xb6\xac\xff(\
\xcf<}\xae\xd9[\x07\xe7\xae5{\xab\xa5\xe3\xbbW\
\x9b\xbd\xe53d+G\xb77\x97\xaf\xf7>\x02\xda\xb9\
\xf9\xc4\xe3o\xbc\xf4|\xef+\xe0\xa4i\xbe\x02d\xfd\
\x03\x00\xc0\xfe\xe6\x08\x00\xeb\x1f\x00\x00\x161A\x00X\
\xff\x00\x00\xb0\x94\xd1\x03\xc0\xfa\x07\x00\x80\x05\x0d\x1d\x00\
\xd6?\x00\x00,k\xdc\x00\xb0\xfe\x01\x00`q\x83\x06\
\x80\xf5\x0f\x00\x00k\x181\x00\xac\x7f\x00\x00X\xc9p\
\x01`\xfd\x03\x00\xc0z\xc6\x0a\x00\xeb\x1f\x00\x00V5\
P\x00X\xff\x00\x00\xb0\xb6Q\x02\xc0\xfa\x07\x00\x80\x06\
\x86\x08\x00\xeb\x1f\x00\x00\xda\xe8\x1f\x00\xd6?\x00\x004\
\xd39\x00\xac\x7f\x00\x00h\xa9g\x00X\xff\x00\x00\xd0\
X\xb7\x00\xb0\xfe\x01\x00\xa0\xbd>\x01`\xfd\x03\x00@\
\x17\x1d\x02\xc0\xfa\x07\x00\x80^Z\x07\x80\xf5\x0f\x00\x00\
\x1d5\x0d\x00\xeb\x1f\x00\x00\xfaj\x17\x00\xd6?\x00\x00\
t\xd7(\x00\xac\x7f\x00\x00\x18A\x8b\x00\xb0\xfe\x01\x00\
`\x10\xab\x07\x80\xf5\x0f\x00\x00\xe3X7\x00\xac\x7f\x00\
\x00\x18\xca\x8a\x01`\xfd\x03\x00\xc0h\xd6\x0a\x00\xeb\x1f\
\x00\x00\x06\xb4J\x00X\xff\x00\x000\xa6\xe5\x03\xc0\xfa\
\x07\x00\x80a-\x1c\x00\xd6?\x00\x00\x8cl\xc9\x00\xb0\
\xfe\x01\x00`p\x8b\x05\x80\xf5\x0f\x00\x00\xe3[&\x00\
\xac\x7f\x00\x00\x98\xc2\x02\x01`\xfd\x03\x00\xc0,\xf6\x0d\
\x00\xeb\x1f\x00\x00&\xb2W\x00X\xff\x00\x000\x97\xdd\
\x03\xc0\xfa\x07\x00\x80\xe9\xec\x18\x00\xd6?\x00\x00\xcc\xe8\
p\x87\x7f\xc6\xfa\x07Nx\xeb\xcd\xe7\x9a\xbd\xf5\xeak\
\xbfn\xf8\xd6;\xcd\xdez\xeb\xcdo6{\xab\x9b'\
\x1f\xdb4\xfbW\xe5\xd6G\x9b\x1f\xfdS\xa3\xb7Z\xba\
p\xb8\xf9\x93\xff\xd7\xe8-\x9f\xe1\xfe\xfe\xeb\xd1\xcd\xdf\
4z\x0a\xb6w\xf0\xca\xcbW\xce\xf4\x0fX\xff\xb4\xf1\
\xcc\xd3\xe7\x9a\xbdup\xeeZ\xb3\xb7Z:\xbe{\xb5\
\xf7\x09\xab\xf0\xf3b+G\xb77\x97\xaf\xf7>b\x05\
\x17\xcfo\xde;\xdb\x1f\xdc\xbb\xf3\x19\xee\xed\xe6\xcd\xe3\
7^\xbf\xd3\xe6-\xd8\xde\xd9\xbe\x02d\xfd\x03\x00\xc0\
\xd4\xce\x10\x00\xd6?\x00\x00\xccn\xdb\x00\xb0\xfe\x01\x00\
\xa0\x80\xad\x02\xc0\xfa\x07\x00\x80\x1a\x1e\x1e\x00\xd6?\x00\
\x00\x94\xf1\x90\x00\xb0\xfe\x01\x00\xa0\x92\x07\x05\x80\xf5\x0f\
\x00\x00\xc5\xdc7\x00\xac\x7f\x00\x00\xa8\xe7\xf4\x00\xb0\xfe\
\x01\x00\xa0\xa4S\x02\xc0\xfa\x07\x00\x80\xaaN\x06\x80\xf5\
\x0f\x00\x00\x85}!\x00\xac\x7f\x00\x00\xa8\xed\xb3\x00\xb0\
\xfe\x01\x00\xa0\xbcO\x02\xc0\xfa\x07\x00\x80\x04\x8fX\xff\
\x00\x00\x90\xe3\x11\xeb\x1f\x00\x00r<b\xfd\x03\x00@\
\x8e\xfb\xfe\x97\x80\x01\x00\x80z\x04\x00\x00\x00\x04\x11\x00\
\x00\x00\x10D\x00\x00\x00@\x10\x01\x00\x00\x00A\x04\x00\
\x00\x00\x04\x11\x00\x00\x00\x10D\x00\x00\x00@\x10\x01\x00\
\x00\x00A\x04\x00\x00\x00\x04\x11\x00\x00\x00\x10D\x00\x00\
\x00@\x10\x01\x00\x00\x00A\x04\x00\x00\x00\x04\x11\x00\x00\
\x00\x10D\x00\x00\x00@\x10\x01\x00\x00\x00A\x04\x00\x00\
\x00\x04\x11\x00\x00\x00\x10D\x00\x00\x00@\x10\x01\x00\x00\
\x00A\x04\x00\x00\x00\x049\xec}\x00\x9c\xee\xd5\xd7\xde\
\xe9}\xc2\xf4Z~\x86o\xbd\xf9\xcd\x86o=\xd7\xec\
\xadW_\xfbu\xc3\xb7j\xfe\xbc\x00\x18\xcd\xc1\x077\
^\xe8}\x03\x9c\xe2k\x97~\xd9\xfb\x04\xce\xe0\xf8\xee\
\xd5\xde'\xac\xe2\xe0\xdc\xb5\xde'\xac\xa2\xea\xcf\xeb\x0b\
\x8eno._\xef}\xc4\x0a.\x9e\xdf\xbcw\xa5\xd1\
[>\xc3\xbd\xdd\xbcy\xfc\xc6\xebw\xda\xbc\x05\xdb\xf3\
\x15 \x00\x00\x08\x22\x00\x00\x00 \x88\x00\x00\x00\x80 \
\x02\x00\x00\x00\x82\x08\x00\x00\x00\x08\x22\x00\x00\x00 \x88\
\x00\x00\x00\x80 \x02\x00\x00\x00\x82\x08\x00\x00\x00\x08\x22\
\x00\x00\x00 \x88\x00\x00\x00\x80 \x02\x00\x00\x00\x82\x08\
\x00\x00\x00\x08\x22\x00\x00\x00 \x88\x00\x00\x00\x80 \x02\
\x00\x00\x00\x82\x08\x00\x00\x00\x08\x22\x00\x00\x00 \x88\x00\
\x00\x00\x80 \x02\x00\x00\x00\x82\x08\x00\x00\x00\x08\x22\x00\
\x00\x00 \x88\x00\x00\x00\x80 \x02\x00\x00\x00\x82\x08\x00\
\x00\x00\x08\x22\x00\x00\x00 \x88\x00\x00\x00\x80 \x02\x00\
\x00\x00\x82\x08\x00\x00\x00\x08\x22\x00\x00\x00 \x88\x00\x00\
\x00\x80 \x02\x00\x00\x00\x82\x08\x00\x00\x00\x08\x22\x00\x00\
\x00 \x88\x00\x00\x00\x80 \x02\x00\x00\x00\x82\x08\x00\x00\
\x00\x08\x22\x00\x00\x00 \x88\x00\x00\x00\x80 \x87\xbd\x0f\
\x80\xd3\xfd\xed_?\xdf\xfb\x04\xf0\xef\xe1\xcc\x9e|l\
S\xf2\xc7w\xa1\xe1\x1f\xdc>C(\xea\xe0\x83\x1b/\
\xf4\xbe\x01N\xf1\xcc\xd3\xe7z\x9f\x00\x00{\xb9y\xf3\
\xf8\x8d\xd7\xef\xf4\xbe\x02N\xf2\x15 \x00\x00\x08\x22\x00\
\x00\x00 \x88\x00\x00\x00\x80 \x02\x00\x00\x00\x82\x08\x00\
\x00\x00\x08\x22\x00\x00\x00 \x88\x00\x00\x00\x80 \x02\x00\
\x00\x00\x82\x08\x00\x00\x00\x08\x22\x00\x00\x00 \x88\x00\x00\
\x00\x80 \x02\x00\x00\x00\x82\x08\x00\x00\x00\x08\x22\x00\x00\
\x00 \x88\x00\x00\x00\x80 \x02\x00\x00\x00\x82\x08\x00\x00\
\x00\x08\x22\x00\x00\x00 \x88\x00\x00\x00\x80 \x02\x00\x00\
\x00\x82\x08\x00\x00\x00\x08\x22\x00\x00\x00 \x88\x00\x00\x00\
\x80 \x02\x00\x00\x00\x82\x08\x00\x00\x00\x08\x22\x00\x00\x00\
 \x88\x00\x00\x00\x80 \x02\x00\x00\x00\x82\x08\x00\x00\x00\
\x08\x22\x00\x00\x00 \x88\x00\x00\x00\x80 \x02\x00\x00\x00\
\x82\x08\x00\x00\x00\x08\x22\x00\x00\x00 \x88\x00\x00\x00\x80\
 \x02\x00\x00\x00\x82\x08\x00\x00\x00\x08\x22\x00\x00\x00 \
\x88\x00\x00\x00\x80 \x87\xbd\x0f\x80\xd3={\xf9z\xef\
\x13`\xf3\xfe{Wz\x9fP\xca\x8d\xa3\xdb\xdf}\xf1\
\xef{_\x01\xed|\xf5\x89\xc7\xbf\xf5\x8d\xe7z_\x01\
'\x09\x00\x06u\xe3\xe8v\xef\x13\x80\xe5\xf9\xd5&\xca\
W\x9e8\xfe\xd67z\x1f\x01_\xe2+@\x00\x00\x10\
D\x00\x00\x00@\x10\x01\x00\x00\x00A\x04\x00\x00\x00\x04\
\x11\x00\x00\x00\x10D\x00\x00\x00@\x10\x01\x00\x00\x00A\
\x04\x00\x00\x00\x04\x11\x00\x00\x00\x10D\x00\x00\x00@\x10\
\x01\x00\x00\x00A\x04\x00\x00\x00\x04\x11\x00\x00\x00\x10D\
\x00\x00\x00@\x10\x01\x00\x00\x00A\x04\x00\x00\x00\x04\x11\
\x00\x00\x00\x10D\x00\x00\x00@\x10\x01\x00\x00\x00A\x04\
\x00\x00\x00\x04\x11\x00\x00\x00\x10D\x00\x00\x00@\x10\x01\
\x00\x00\x00A\x04\x00\x00\x00\x04\x11\x00\x00\x00\x10D\x00\
\x00\x00@\x10\x01\x00\x00\x00A\x04\x00\x00\x00\x04\x11\x00\
\x00\x00\x10D\x00\x00\x00@\x10\x01\x00\x00\x00A\x04\x00\
\x00\x00\x04\x11\x00\x00\x00\x10D\x00\x00\x00@\x10\x01\x00\
\x00\x00A\x04\x00\x00\x00\x04\x11\x00\x00\x00\x10D\x00\x00\
\x00@\x10\x01\x00\x00\x00A\x0e{\x1f\x00\xa7;\xbe{\
\xb5\xd9[\x07\xe7\xae5{\xab\xa5\x96\x9faK-\x7f\
^-\xdf\xaa\xfa\xf3\xfa\xbcK\x17\xcf7\xfb\x9fy\xe3\
\xe8\xf6\xb3\x97\xaf\xb7y\xab\xa5K\x17\xcf\xbf\xff\xde\x95\
\xdeW,\xaf\xea\xcf\x0b\xc6\xe4o\x00\x00\x00 \x88\x00\
\x00\x00\x80 \x02\x00\x00\x00\x82\x08\x00\x00\x00\x08\x22\x00\
\x00\x00 \x88\x00\x00\x00\x80 \x02\x00\x00\x00\x82\x08\x00\
\x00\x00\x08\x22\x00\x00\x00 \x88\x00\x00\x00\x80 \x02\x00\
\x00\x00\x82\x08\x00\x00\x00\x08\x22\x00\x00\x00 \x88\x00\x00\
\x00\x80 \x02\x00\x00\x00\x82\x08\x00\x00\x00\x08\x22\x00\x00\
\x00 \x88\x00\x00\x00\x80 \x02\x00\x00\x00\x82\x08\x00\x00\
\x00\x08\x22\x00\x00\x00 \x88\x00\x00\x00\x80 \x02\x00\x00\
\x00\x82\x08\x00\x00\x00\x08\x22\x00\x00\x00 \x88\x00\x00\x00\
\x80 \x02\x00\x00\x00\x82\x08\x00\x00\x00\x08\x22\x00\x00\x00\
 \x88\x00\x00\x00\x80 \x02\x00\x00\x00\x82\x08\x00\x00\x00\
\x08\x22\x00\x00\x00 \x88\x00\x00\x00\x80 \x02\x00\x00\x00\
\x82\x08\x00\x00\x00\x08\x22\x00\x00\x00 \x88\x00\x00\x00\x80\
 \x02\x00\x00\x00\x82\x1c\xf6>\x00\xe0l.]:\xdf\
\xec\xad\x1b7n\xb7{\xeb\xe8N\xb3\xb7.]|\xbc\
\xd9[\xb0\xa5\x96\xbf\xda\xcd|\xf5\x09\xbfk\x8cH\x00\
\x00\x93y\xff\xdd+\xcd\xde:8w\xad\xd9[\xcf^\
~\xbb\xd9[\xc7w\xaf6{\x0b\xb6q\xe9\xe2\xf9\x96\
\xbf\xda\xcd\xdc\xbcy\xfc\xc6\xeb\xed\xda\x1e\xb6\xe4+@\
\x00\x00\x10D\x00\x00\x00@\x10\x01\x00\x00\x00A\x04\x00\
\x00\x00\x04\x11\x00\x00\x00\x10D\x00\x00\x00@\x10\x01\x00\
\x00\x00A\x04\x00\x00\x00\x04\x11\x00\x00\x00\x10D\x00\x00\
\x00@\x10\x01\x00\x00\x00A\x04\x00\x00\x00\x04\x11\x00\x00\
\x00\x10D\x00\x00\x00@\x10\x01\x00\x00\x00A\x04\x00\x00\
\x00\x04\x11\x00\x00\x00\x10D\x00\x00\x00@\x10\x01\x00\x00\
\x00A\x04\x00\x00\x00\x04\x11\x00\x00\x00\x10D\x00\x00\x00\
@\x10\x01\x00\x00\x00A\x04\x00\x00\x00\x04\x11\x00\x00\x00\
\x10D\x00\x00\x00@\x10\x01\x00\x00\x00A\x04\x00\x00\x00\
\x04\x11\x00\x00\x00\x10D\x00\x00\x00@\x10\x01\x00\x00\x00\
A\x04\x00\x00\x00\x04\x11\x00\x00\x00\x10D\x00\x00\x00@\
\x10\x01\x00\x00\x00A\x04\x00\x00\x00\x04\x11\x00\x00\x00\x10\
D\x00\x00\x00@\x10\x01\x00\x00\x00A\x0e{\x1f\x00\x00\
\x9c\xc1\xdf\xbd\xfd\xbb\xde'\xac\xe2;\xdf\xfe?\xbdO\
\x80\x14\x02\x00\x00\xa6q\xe3\xe8\xf6w_\xfcU\xef+\
\x96w\xe9\xe2\xf9\xf7\xdf\xbb\xd2\xfb\x0aH\xe1+@\x00\
\x00\x10D\x00\x00\x00@\x10\x01\x00\x00\x00A\x04\x00\x00\
\x00\x04\x11\x00\x00\x00\x10D\x00\x00\x00@\x10\x01\x00\x00\
\x00A\x04\x00\x00\x00\x04\x11\x00\x00\x00\x10D\x00\x00\x00\
@\x10\x01\x00\x00\x00A\x04\x00\x00\x00\x04\x11\x00\x00\x00\
\x10D\x00\x00\x00@\x10\x01\x00\x00\x00A\x04\x00\x00\x00\
\x04\x11\x00\x00\x00\x10D\x00\x00\x00@\x10\x01\x00\x00\x00\
A\x04\x00\x00\x00\x04\x11\x00\x00\x00\x10D\x00\x00\x00@\
\x10\x01\x00\x00\x00A\x04\x00\x00\x00\x04\x11\x00\x00\x00\x10\
D\x00\x00\x00@\x10\x01\x00\x00\x00A\x04\x00\x00\x00\x04\
\x11\x00\x00\x00\x10D\x00\x00\x00@\x10\x01\x00\x00\x00A\
\x04\x00\x00\x00\x04\x11\x00\x00\x00\x10D\x00\x00\x00@\x10\
\x01\x00\x00\x00A\x04\x00\x00\x00\x04\x11\x00\x00\x00\x10D\
\x00\x00\x00@\x10\x01\x00\x00\x00A\x0e{\x1f\x00\x00l\
\xeb\xc2\x85\xc3\xff\xff\xfd\xa7z_\xb1\xbc\x0b\x17\x0c\x12\
h\xc7\xef\x1b\x00L\xe3\xc2\x93\x8f\xbd\xf5g\xdf\xec}\
\x0507_\x01\x02\x00\x80 \x02\x00\x00\x00\x82\x08\x00\
\x00\x00\x08\x22\x00\x00\x00 \x88\x00\x00\x00\x80 \x02\x00\
\x00\x00\x82\x08\x00\x00\x00\x08\x22\x00\x00\x00 \x88\x00\x00\
\x00\x80 \x02\x00\x00\x00\x82\x08\x00\x00\x00\x08\x22\x00\x00\
\x00 \x88\x00\x00\x00\x80 \x02\x00\x00\x00\x82\x08\x00\x00\
\x00\x08\x22\x00\x00\x00 \x88\x00\x00\x00\x80 \x02\x00\x00\
\x00\x82\x08\x00\x00\x00\x08\x22\x00\x00\x00 \x88\x00\x00\x00\
\x80 \x02\x00\x00\x00\x82\x08\x00\x00\x00\x08\x22\x00\x00\x00\
 \x88\x00\x00\x00\x80 \x02\x00\x00\x00\x82\x08\x00\x00\x00\
\x08\x22\x00\x00\x00 \x88\x00\x00\x00\x80 \x02\x00\x00\x00\
\x82\x08\x00\x00\x00\x08\x22\x00\x00\x00 \x88\x00\x00\x00\x80\
 \x02\x00\x00\x00\x82\x08\x00\x00\x00\x08\x22\x00\x00\x00 \
\x88\x00\x00\x00\x80 \x02\x00\x00\x00\x82\x08\x00\x00\x00\x08\
r\xd8\xfb\x00\x80\xb3\xf9\xe3\x9f\xfd\xa6\xf7\x09\xab\xf8\xc9\
\x8f\xbf\xde\xfb\x04\xe8\xe6\xd6\xad\x8f\xfe\xf4\xe7G\xbd\xaf\
X\xde\xbd{\x8fn6O\xf5\xbe\x02N\x12\x00\xc0d\
~\xf2\xd3\x9a\x01\xf0G\x7f(\x00\xc8u\xeb\xc3{%\
\x7f\xb5\xbf\xf2\xc4\xe3?xI\x000\x1c_\x01\x02\x00\
\x80 \x02\x00\x00\x00\x82\x08\x00\x00\x00\x08\x22\x00\x00\x00\
 \x88\x00\x00\x00\x80 \x02\x00\x00\x00\x82\x08\x00\x00\x00\
\x08\x22\x00\x00\x00 \x88\x00\x00\x00\x80 \x02\x00\x00\x00\
\x82\x08\x00\x00\x00\x08\x22\x00\x00\x00 \x88\x00\x00\x00\x80\
 \x02\x00\x00\x00\x82\x08\x00\x00\x00\x08\x22\x00\x00\x00 \
\x88\x00\x00\x00\x80 \x02\x00\x00\x00\x82\x08\x00\x00\x00\x08\
\x22\x00\x00\x00 \x88\x00\x00\x00\x80 \x02\x00\x00\x00\x82\
\x08\x00\x00\x00\x08\x22\x00\x00\x00 \x88\x00\x00\x00\x80 \
\x02\x00\x00\x00\x82\x08\x00\x00\x00\x08\x22\x00\x00\x00 \x88\
\x00\x00\x00\x80 \x02\x00\x00\x00\x82\x08\x00\x00\x00\x08\x22\
\x00\x00\x00 \x88\x00\x00\x00\x80 \x02\x00\x00\x00\x82\x08\
\x00\x00\x00\x08\x22\x00\x00\x00 \x88\x00\x00\x00\x80 \x02\
\x00\x00\x00\x82\x08\x00\x00\x00\x08r\xd8\xfb\x008\xdd\xab\
\xaf\xbd\xd3\xfb\x84\xe9\xf9\x0c\xf7\xf7\xd6\x9b\xcf\xf5>\xa1\
\x94[\xb7>\xfa\x83\x1f\xbd\xdb\xe8\xad\x0f\xef\xb5y\xa8\
\xb1[\x1f\xde+\xf9\xab]\xf5\xe7\x05c:\xf8\xe0\xc6\
\x0b\xbdo\x80S|\xed\xd2/{\x9f\x00\x9b\xe3\xbbW\
{\x9fP\xca\x8d\xa3\xdb\xcf^\xbe\xde\xfb\x0ah\xe7+\
O<\xfe\x83\x97\x9e\xef}\x05\x9c\xe4+@\x00\x00\x10\
D\x00\x00\x00@\x10\x01\x00\x00\x00A\x04\x00\x00\x00\x04\
\x11\x00\x00\x00\x10D\x00\x00\x00@\x10\x01\x00\x00\x00A\
\x04\x00\x00\x00\x04\x11\x00\x00\x00\x10D\x00\x00\x00@\x10\
\x01\x00\x00\x00A\x04\x00\x00\x00\x04\x11\x00\x00\x00\x10D\
\x00\x00\x00@\x10\x01\x00\x00\x00A\x04\x00\x00\x00\x04\x11\
\x00\x00\x00\x10D\x00\x00\x00@\x10\x01\x00\x00\x00A\x04\
\x00\x00\x00\x04\x11\x00\x00\x00\x10D\x00\x00\x00@\x10\x01\
\x00\x00\x00A\x04\x00\x00\x00\x04\x11\x00\x00\x00\x10D\x00\
\x00\x00@\x10\x01\x00\x00\x00A\x04\x00\x00\x00\x04\x11\x00\
\x00\x00\x10D\x00\x00\x00@\x10\x01\x00\x00\x00A\x04\x00\
\x00\x00\x04\x11\x00\x00\x00\x10D\x00\x00\x00@\x10\x01\x00\
\x00\x00A\x04\x00\x00\x00\x04\x11\x00\x00\x00\x10D\x00\x00\
\x00@\x10\x01\x00\x00\x00A\x0e>\xb8\xf1B\xef\x1b\xe0\
\xa4{\xf7\x8e\x7fq\xed\xdfz_\x01\x9b\xef|\xfb\xff\
\xf6>\xa1\x94[\x1f~\xf4\x0f\xff\xf8\x9f\xbd\xaf\x80v\
\xfe\xf9\xdd\xff\xf5\xdb\x7f\xf9\xdf\xbd\xaf\x80\x93\x04\x00\xc3\
\xb9w\xef\xf8\xdf\xff\xe3\xde\xf1\x7f\x1f\xf7>\x04\x00v\
\xf7\xce\xaf\x1f\xf9\xc5_=\xda\xfb\x0a8\x85\xaf\x001\
\x16\xeb\x1f\x80\x02\xac\x7fF&\x00\x18\x88\xf5\x0f@\x01\
\xd6?\x83\x13\x00\x8c\xc2\xfa\x07\xa0\x00\xeb\x9f\xf1\x09\x00\
\x86`\xfd\x03P\x80\xf5\xcf\x14\x04\x00\xfdY\xff\x00\x14\
`\xfd3\x0b\x01@g\xd6?\x00\x05X\xffLD\x00\
\xd0\x93\xf5\x0f@\x01\xd6?s\x11\x00tc\xfd\x03P\
\x80\xf5\xcft\x04\x00}X\xff\x00\x14`\xfd3#\x01\
@\x07\xd6?\x00\x05X\xffLJ\x00\xd0\x9a\xf5\x0f@\
\x01\xd6?\xf3\x12\x004e\xfd\x03P\x80\xf5\xcf\xd4\x04\
\x00\xedX\xff\x00\x14`\xfd3;\x01@#\xd6?\x00\
\x05X\xff\x14 \x00h\xc1\xfa\x07\xa0\x00\xeb\x9f\x1a\x04\
\x00\xab\xb3\xfe\x01(\xc0\xfa\xa7\x0c\x01\xc0\xba\xac\x7f\x00\
\x0a\xb0\xfe\xa9D\x00\xb0\x22\xeb\x1f\x80\x02\xac\x7f\x8a\x11\
\x00\xac\xc5\xfa\x07\xa0\x00\xeb\x9fz\x04\x00\xab\xb0\xfe\x01\
(\xc0\xfa\xa7$\x01\xc0\xf2\xac\x7f\x00\x0a\xb0\xfe\xa9J\
\x00\xb00\xeb\x1f\x80\x02\xac\x7f\x0a\x13\x00,\xc9\xfa\x07\
\xa0\x00\xeb\x9f\xda\x04\x00\x8b\xb1\xfe\x01(\xc0\xfa\xa7<\
\x01\xc02\xac\x7f\x00\x0a\xb0\xfeI \x00X\x80\xf5\x0f\
@\x01\xd6?!\x04\x00\xfb\xb2\xfe\x01(\xc0\xfa'\x87\
\x00`/\xd6?\x00\x05X\xffD\x11\x00\xec\xce\xfa\x07\
\xa0\x00\xeb\x9f4\x02\x80\x1dY\xff\x00\x14`\xfd\x13H\
\x00\xb0\x0b\xeb\x1f\x80\x02\xac\x7f2\x09\x00\xce\xcc\xfa\x07\
\xa0\x00\xeb\x9fX\x02\x80\xb3\xb1\xfe\x01(\xc0\xfa'\x99\
\x00\xe0\x0c\xac\x7f\x00\x0a\xb0\xfe\x09'\x00\xd8\x96\xf5\x0f\
@\x01\xd6?\x08\x00\xb6b\xfd\x03P\x80\xf5\x0f\x02\x80\
\xadX\xff\x00\x14`\xfd\xc3\xc7\x04\x00\x0fa\xfd\x03P\
\x80\xf5\x0f\x9f\x12\x00<\x88\xf5\x0f@\x01\xd6?|\x9e\
\x00\xe0\xbe\xac\x7f\x00\x0a\xb0\xfe\xe1\x04\x01\xc0\xe9\xac\x7f\
\x00\x0a\xb0\xfe\xe1\xcb\x04\x00\xa7\xb0\xfe\x01(\xc0\xfa\x87\
S\x09\x00N\xb2\xfe\x01(\xc0\xfa\x87\xfb\x11\x00|\x81\
\xf5\x0f@\x01\xd6?<\x80\x00\xe03\xd6?\x00\x05X\
\xff\xf0`\x02\x80OX\xff\x00\x14`\xfd\xc3C\x09\x00\
6\xd6?\x005X\xff\xb0\x0d\x01\x80\xf5\x0f@\x05\xd6\
?lI\x00\xa4\xb3\xfe\x01(\xc0\xfa\x87\xed\x09\x80h\
\xd6?\x00\x05X\xffp&\x02 \x97\xf5\x0f@\x01\xd6\
?\x9c\x95\x00\x08e\xfd\x03P\x80\xf5\x0f;\x10\x00\x89\
\xac\x7f\x00\x0a\xb0\xfea7\x02 \x8e\xf5\x0f@\x01\xd6\
?\xecL\x00d\xb1\xfe\x01(\xc0\xfa\x87}\x08\x80 \
\xd6?\x00\x05X\xff\xb0'\x01\x90\xc2\xfa\x07\xa0\x00\xeb\
\x1f\xf6'\x00\x22X\xff\x00\x14`\xfd\xc3\x22\x04@}\
\xd6?\x00\x05X\xff\xb0\x14\x01P\x9c\xf5\x0f@\x01\xd6\
?,H\x00Tf\xfd\x03P\x80\xf5\x0f\xcb\x12\x00e\
Y\xff\x00\x14`\xfd\xc3\xe2\x04@M\xd6?\x00\x05X\
\xff\xb0\x06\x01P\x90\xf5\x0f@\x01\xd6?\xacD\x00T\
c\xfd\x03P\x80\xf5\x0f\xeb\x11\x00\xa5X\xff\x00\x14`\
\xfd\xc3\xaa\x04@\x1d\xd6?\x00\x05X\xff\xb06\x01P\
\x84\xf5\x0f@\x01\xd6?4 \x00*\xb0\xfe\x01(\xc0\
\xfa\x876\x04\xc0\xf4\xac\x7f\x00\x0a\xb0\xfe\xa1\x19\x010\
7\xeb\x1f\x80\x02\xac\x7fhI\x00L\xcc\xfa\x07\xa0\x00\
\xeb\x1f\x1a\x13\x00\xb3\xb2\xfe\x01(\xc0\xfa\x87\xf6\x04\xc0\
\x94\xac\x7f\x00\x0a\xb0\xfe\xa1\x0b\x010\x1f\xeb\x1f\x80\x02\
\xac\x7f\xe8E\x00L\xc6\xfa\x07\xa0\x00\xeb\x1f:\x12\x00\
3\xb1\xfe\x01(\xc0\xfa\x87\xbe\x04\xc04\xac\x7f\x00\x0a\
\xb0\xfe\xa1;\x010\x07\xeb\x1f\x80\x02\xac\x7f\x18\x81\x00\
\x98\x80\xf5\x0f@\x01\xd6?\x0cB\x00\x8c\xce\xfa\x07\xa0\
\x00\xeb\x1f\xc6!\x00\x86f\xfd\x03P\x80\xf5\x0fC\x11\
\x00\xe3\xb2\xfe\x01(\xc0\xfa\x87\xd1\x08\x80AY\xff\x00\
\x14`\xfd\xc3\x80\x04\xc0\x88\xac\x7f\x00\x0a\xb0\xfeaL\
\x02`8\xd6?\x00\x05X\xff0,\x010\x16\xeb\x1f\
\x80\x02\xac\x7f\x18\x99\x00\x18\x88\xf5\x0f@\x01\xd6?\x0c\
N\x00\x8c\xc2\xfa\x07\xa0\x00\xeb\x1f\xc6'\x00\x86`\xfd\
\x03P\x80\xf5\x0fS\x10\x00\xfdY\xff\x00\x14`\xfd\xc3\
,\x04@g\xd6?\x00\x05X\xff0\x11\x01\xd0\x93\xf5\
\x0f@\x01\xd6?\xccE\x00tc\xfd\x03P\x80\xf5\x0f\
\xd3\x11\x00}X\xff\x00\x14`\xfd\xc3\x8c\x04@\x07\xd6\
?\x00\x05X\xff0)\x01\xd0\x9a\xf5\x0f@\x01\xd6?\
\xccK\x004e\xfd\x03P\x80\xf5\x0fS\x13\x00\xedX\
\xff\x00\x14`\xfd\xc3\xec\x04@#\xd6?\x00\x05X\xff\
P\x80\x00h\xc1\xfa\x07\xa0\x00\xeb\x1fj\x10\x00\xab\xb3\
\xfe\x01(\xc0\xfa\x872\x04\xc0\xba\xac\x7f\x00\x0a\xb0\xfe\
\xa1\x12\x01\xb0\x22\xeb\x1f\x80\x02\xac\x7f(F\x00\xac\xc5\
\xfa\x07\xa0\x00\xeb\x1f\xea\x11\x00\xab\xb0\xfe\x01(\xc0\xfa\
\x87\x92\x04\xc0\xf2\xac\x7f\x00\x0a\xb0\xfe\xa1*\x01\xb00\
\xeb\x1f\x80\x02\xac\x7f(L\x00,\xc9\xfa\x07\xa0\x00\xeb\
\x1fj\x13\x00\x8b\xb1\xfe\x01(\xc0\xfa\x87\xf2\x04\xc02\
\xac\x7f\x00\x0a\xb0\xfe!\x81\x00X\x80\xf5\x0f@\x01\xd6\
?\x84\x10\x00\xfb\xb2\xfe\x01(\xc0\xfa\x87\x1c\x02`/\
\xd6?\x00\x05X\xff\x10E\x00\xec\xce\xfa\x07\xa0\x00\xeb\
\x1f\xd2\x08\x80\x1dY\xff\x00\x14`\xfdC \x01\xb0\x0b\
\xeb\x1f\x80\x02\xac\x7f\xc8$\x00\xce\xcc\xfa\x07\xa0\x00\xeb\
\x1fb\x09\x80\xb3\xb1\xfe\x01(\xc0\xfa\x87d\x02\xe0\x0c\
\xac\x7f\x00\x0a\xb0\xfe!\x9c\x00\xd8\x96\xf5\x0f@\x01\xd6\
? \x00\xb6b\xfd\x03P\x80\xf5\x0f\x08\x80\xadX\xff\
\x00\x14`\xfd\x03\x1f\x13\x00\x0fa\xfd\x03P\x80\xf5\x0f\
|J\x00<\x88\xf5\x0f@\x01\xd6?\xf0y\x02\xe0\xbe\
\xac\x7f\x00\x0a\xb0\xfe\x81\x13\x04\xc0\xe9\xac\x7f\x00\x0a\xb0\
\xfe\x81/\x13\x00\xa7\xb0\xfe\x01(\xc0\xfa\x07N%\x00\
N\xb2\xfe\x01(\xc0\xfa\x07\xeeG\x00|\x81\xf5\x0f@\
\x01\xd6?\xf0\x00\x02\xe03\xd6?\x00\x05X\xff\xc0\x83\
\x09\x80OX\xff\x00\x14`\xfd\x03\x0f%\x006\xd6?\
\x005X\xff\xc06\x04\x80\xf5\x0f@\x05\xd6?\xb0\xa5\
\xf4\x00\xb0\xfe\x01(\xc0\xfa\x07\xb6\x17\x1d\x00\xd6?\x00\
\x05X\xff\xc0\x99\xe4\x06\x80\xf5\x0f@\x01\xd6?pV\
\xa1\x01`\xfd\x03P\x80\xf5\x0f\xec 1\x00\xac\x7f\x00\
\x0a\xb0\xfe\x81\xdd\xc4\x05\x80\xf5\x0f@\x01\xd6?\xb0\xb3\
\xac\x00\xb0\xfe\x01(\xc0\xfa\x07\xf6\x11\x14\x00\xd6?\x00\
\x05X\xff\xc0\x9eR\x02\xc0\xfa\x07\xa0\x00\xeb\x1f\xd8_\
D\x00X\xff\x00\x14`\xfd\x03\x8b\xa8\x1f\x00\xd6?\x00\
\x05X\xff\xc0R\x8a\x07\x80\xf5\x0f@\x01\xd6?\xb0\xa0\
\xca\x01`\xfd\x03P\x80\xf5\x0f,\xabl\x00X\xff\x00\
\x14`\xfd\x03\x8b\xab\x19\x00\xd6?\x00\x05X\xff\xc0\x1a\
\x0a\x06\x80\xf5\x0f@\x01\xd6?\xb0\x92j\x01`\xfd\x03\
P\x80\xf5\x0f\xac\xa7T\x00X\xff\x00\x14`\xfd\x03\xab\
\xaa\x13\x00\xd6?\x00\x05X\xff\xc0\xda\x8a\x04\x80\xf5\x0f\
@\x01\xd6?\xd0@\x85\x00\xb0\xfe\x01(\xc0\xfa\x07\xda\
\x98>\x00\xac\x7f\x00\x0a\xb0\xfe\x81f\xe6\x0e\x00\xeb\x1f\
\x80\x02\xac\x7f\xa0\xa5\x89\x03\xc0\xfa\x07\xa0\x00\xeb\x1fh\
l\xd6\x00\xb0\xfe\x01(\xc0\xfa\x07\xda\x9b2\x00\xac\x7f\
\x00\x0a\xb0\xfe\x81.\xe6\x0b\x00\xeb\x1f\x80\x02\xac\x7f\xa0\
\x97\xc9\x02\xc0\xfa\x07\xa0\x00\xeb\x1f\xe8h\xa6\x00\xb0\xfe\
\x01(\xc0\xfa\x07\xfa\x9a&\x00\xac\x7f\x00\x0a\xb0\xfe\x81\
\xee\xe6\x08\x00\xeb\x1f\x80\x02\xac\x7f`\x04\x13\x04\x80\xf5\
\x0f@\x01\xd6?0\x88\xd1\x03\xc0\xfa\x07\xa0\x00\xeb\x1f\
\x18\xc7\xd0\x01`\xfd\x03P\x80\xf5\x0f\x0ce\xdc\x00\xb0\
\xfe\x01(\xc0\xfa\x07F3h\x00X\xff\x00\x14`\xfd\
\x03\x03\x1a1\x00\xac\x7f\x00\x0a\xb0\xfe\x811\x0d\x17\x00\
\xd6?\x00\x05X\xff\xc0\xb0\xc6\x0a\x00\xeb\x1f\x80\x02\xac\
\x7f`d\x03\x05\x80\xf5\x0f@\x01\xd6?0\xb8Q\x02\
\xc0\xfa\x07\xa0\x00\xeb\x1f\x18\xdf\x10\x01`\xfd\x03P\x80\
\xf5\x0fL\xa1\x7f\x00X\xff\x00\x14`\xfd\x03\xb3\xe8\x1c\
\x00\xd6?\x00\x05X\xff\xc0Dz\x06\x80\xf5\x0f@\x01\
\xd6?0\x97n\x01`\xfd\x03P\x80\xf5\x0fL\xa7O\
\x00X\xff\x00\x14`\xfd\x033\xea\x10\x00\xd6?\x00\x05\
X\xff\xc0\xa4Z\x07\x80\xf5\x0f@\x01\xd6?0\xaf\xa6\
\x01`\xfd\x03P\x80\xf5\x0fL\xad]\x00X\xff\x00\x14\
`\xfd\x03\xb3k\x14\x00\xd6?\x00\x05X\xff@\x01-\
\x02\xc0\xfa\x07\xa0\x00\xeb\x1f\xa8a\xf5\x00\xb0\xfe\x01(\
\xc0\xfa\x07\xcaX7\x00\xac\x7f\x00\x0a\xb0\xfe\x81JV\
\x0c\x00\xeb\x1f\x80\x02\xac\x7f\xa0\x98\xb5\x02\xc0\xfa\x07\xa0\
\x00\xeb\x1f\xa8g\x95\x00\xb0\xfe\x01(\xc0\xfa\x07JZ\
>\x00\xac\x7f\x00\x0a\xb0\xfe\x81\xaa\x16\x0e\x00\xeb\x1f\x80\
\x02\xac\x7f\xa0\xb0%\x03\xc0\xfa\x07\xa0\x00\xeb\x1f\xa8m\
\xb1\x00\xb0\xfe\x01(\xc0\xfa\x07\xca[&\x00\xac\x7f\x00\
\x0a\xb0\xfe\x81\x04\x0b\x04\x80\xf5\x0f@\x01\xd6?\x10b\
\xdf\x00\xb0\xfe\x01(\xc0\xfa\x07r\xec\x15\x00\xd6?\x00\
\x05X\xff@\x94\xdd\x03\xc0\xfa\x07\xa0\x00\xeb\x1fH\xb3\
c\x00X\xff\x00\x14`\xfd\x03\x81v\x09\x00\xeb\x1f\x80\
\x02\xac\x7f \xd3\x99\x03\xc0\xfa\x07\xa0\x00\xeb\x1f\x88\xf5\
?\x01\x00\x00\xff\xff\x9f\x9a\xcd\xa5\xf3\x09S\x02\x00\x00\
\x00\x00IEND\xaeB`\x82\
\x00\x014A\
\x89\
PNG\x0d\x0a\x1a\x0a\x00\x00\x00\x0dIHDR\x00\
\x00\x04\x00\x00\x00\x04\x00\x08\x06\x00\x00\x00\x7f\x1d+\x83\
\x00\x00\x80\x00IDATx\x9c\xec\xfd\x0dp[\xf7\
y\xe8\xf9?\xcf\xef\x80\x04\xc1wR\x82\x14\xc9\x12E\
+\x8a\x1d\x0b\xb6\xe5Tyk\x1c\xc7\xf0$\xff\x7f\x9b\
\xa6n\x9c\xe4B\x8e\xed&\xf6\x9d\xdd\xf5\xee$M2\
\xd3{gg\xef\xbd\xa9y\x90\x9d\xd9\x99L;\xe9\xb4\
w\xd6\xbb\xd3\xdb\xe6\xc6\xed\xe4\xa5\xe6&M\xea\xdbd\
\xb7I\x1c:/\xeb\x99\xeb\xaa\x89\xe2BN,\x85\xa1\
}\x15\xc94$\xbe\x0a$@\x02\xe7\xb7s\x0e\x00\x0a\
\xa4\xa5X\xb6%\x1c\x00\xe7\xfb\x99\xa1A\x82\xb4\xf8#\
\x88\x03\x9e\xe79\xcf\xf3\xfc\x8c\x00\x00\x00\x00\x00\x80\x8e\
G\x02\x00\x00\x00\x00\x00\x80\x08 \x01\x00\x00\x00\x00\x00\
@\x04\x90\x00\x00\x00\x00\x00\x00 \x02H\x00\x00\x00\x00\
\x00\x00\x10\x01$\x00\x00\x00\x00\x00\x00\x88\x00\x12\x00\x00\
\x00\x00\x00\x00D\x00\x09\x00\x00\x00\x00\x00\x00\x22\x80\x04\
\x00\x00\x00\x00\x00\x00\x11@\x02\x00\x00\x00\x00\x00\x80\x08\
 \x01\x00\x00\x00\x00\x00@\x04\x90\x00\x00\x00\x00\x00\x00\
 \x02H\x00\x00\x00\x00\x00\x00\x10\x01$\x00\x00\x00\x00\
\x00\x00\x88\x00\x12\x00\x00\x00\x00\x00\x00D\x00\x09\x00\x00\
\x00\x00\x00\x00\x22\x80\x04\x00\x00\x00\x00\x00\x00\x11@\x02\
\x00\x00\x00\x00\x00\x80\x08 \x01\x00\x00\x00\x00\x00@\x04\
\x90\x00\x00\x00\x00\x00\x00 \x02H\x00\x00\x00\x00\x00\x00\
\x10\x01$\x00\x00\x00\x00\x00\x00\x88\x00\x12\x00\x00\x00\x00\
\x00\x00D\x00\x09\x00\x00\x00\x00\x00\x00\x22\x80\x04\x00\x00\
\x00\x00\x00\x00\x11@\x02\x00\x00\x00\x00\x00\x80\x08 \x01\
\x00\x00\x00\x00\x00@\x04\x90\x00\x00\x00\x00\x00\x00 \x02\
H\x00\x00\x00\x00\x00\x00\x10\x01$\x00\x00\x00\x00\x00\x00\
\x88\x00\x12\x00\x00\x00\x00\x00\x00D\x00\x09\x00\x00\x00\x00\
\x00\x00\x22\x80\x04\x00\x00\x00\x00\x00\x00\x11@\x02\x00\x00\
\x00\x00\x00\x80\x08 \x01\x00\x00\x00\x00\x00@\x04\x90\x00\
\x00\x00\x00\x00\x00 \x02H\x00\x00\x00\x00\x00\x00\x10\x01\
$\x00\x00\x00\x00\x00\x00\x88\x00\x12\x00\x00\x00\x00\x00\x00\
D\x00\x09\x00\x00\x00\x00\x00\x00\x22\x80\x04\x00\x00\x00\x00\
\x00\x00\x11@\x02\x00\x00\x00\x00\x00\x80\x08 \x01\x00\x00\
\x00\x00\x00@\x04\x90\x00\x00\x00\x00\x00\x00 \x02H\x00\
\x00\x00\x00\x00\x00\x10\x01$\x00\x00\x00\x00\x00\x00\x88\x00\
\x12\x00\x00\x00\x00\x00\x00D\x00\x09\x00\x00\x00\x00\x00\x00\
\x22\x80\x04\x00\x00\x00\x00\x00\x00\x11@\x02\x00\x00\x00\x00\
\x00\x80\x08 \x01\x00\x00\x00\x00\x00@\x04\x90\x00\x00\x00\
\x00\x00\x00 \x02H\x00\x00\x00\x00\x00\x00\x10\x01$\x00\
\x00\x00\x00\x00\x00\x88\x00\x12\x00\x00\x00\x00\x00\x00D\x00\
\x09\x00\x00\x00\x00\x00\x00\x22\x80\x04\x00\x00\x00\x00\x00\x00\
\x11@\x02\x00\x00\x00\x00\x00\x80\x08 \x01\x00\x00\x00\x00\
\x00@\x04\x90\x00\x00\x00\x00\x00\x00 \x02H\x00\x00\x00\
\x00\x00\x00\x10\x01$\x00\x00\x00\x00\x00\x00\x88\x00\x12\x00\
\x00\x00\x00\x00\x00D\x00\x09\x00\x00\x00\x00\x00\x00\x22\x80\
\x04\x00\x00\x00\x00\x00\x00\x11@\x02\x00\x00\x00\x00\x00\x80\
\x08 \x01\x00\x00\x00\x00\x00@\x04\x90\x00\x00\x00\x00\x00\
\x00 \x02H\x00\x00\x00\x00\x00\x00\x10\x01$\x00\x00\x00\
\x00\x00\x00\x88\x00\x12\x00\x00\x00\x00\x00\x00D\x00\x09\x00\
\x00\x00\x00\x00\x00\x22\x80\x04\x00\x00\x00\x00\x00\x00\x11@\
\x02\x00\x00\x00\x00\x00\x80\x08 \x01\x00\x00\x00\x00\x00@\
\x04\x90\x00\x00\x00\x00\x00\x00 \x02H\x00\x00\x00\x00\x00\
\x00\x10\x01$\x00\x00\x00\x00\x00\x00\x88\x00\x12\x00\x00\x00\
\x00\x00\x00D\x00\x09\x00\x00\x00\x00\x00\x00\x22\x80\x04\x00\
\x00\x00\x00\x00\x00\x11@\x02\x00\x00\x00\x00\x00\x80\x08 \
\x01\x00\x00\x00\x00\x00@\x04\x90\x00\x00\x00\x00\x00\x00 \
\x02H\x00\x00\x00\x00\x00\x00\x10\x01$\x00\x00\x00\x00\x00\
\x00\x88\x00\x12\x00\x00\x00\x00\x00\x00D\x00\x09\x00\x00\x00\
\x00\x00\x00\x22\x80\x04\x00\x00\x00\x00\x00\x00\x11@\x02\x00\
\x00\x00\x00\x00\x80\x08 \x01\x00\x00\x00\x00\x00@\x04\x90\
\x00\x00\x00\x00\x00\x00 \x02H\x00\x00\x00\x00\x00\x00\x10\
\x01$\x00\x00\x00\x00\x00\x00\x88\x00\x12\x00\x00\x00\x00\x00\
\x00D\x00\x09\x00\x00\x00\x00\x00\x00\x22\x80\x04\x00\x00\x00\
\x00\x00\x00\x11@\x02\x00\x00\x00\x00\x00\x80\x08 \x01\x00\
\x00\x00\x00\x00@\x04\x90\x00\x00\xd0\xd6\xac\xb5j\xad\xf5\
\xdf\xd5\xfa[\xed>m\xbc\xaf\xf1\xfe\xado[?w\
\xa9\xaf\xffu\xf7]\xeas\xb57\xb9\xc4\xbf\xbf\xf5\xfe\
\x8d\x9fg\xcb\xbf)/\xf7}]\xd75\xb5\xff_.\
s\x9d\xb2\xe5\xdf\x97K\xfd\xfc\x97zl\x1b\xfe\x8d\x8b\
~\xcfK<v[\x7f\xb6\xc6\x9fO.\xf6;\xbb\xd4\
\xe3\xb5\xe5\xed\xa2\x9f\xdb\xfa\xef\x5c\xea\xf7p\x91\x9f\xed\
b_+[\xfe\xad\x8b\xfd,\x97\xfc^[\xd6*[\
?\xe7\xff\x0e/\xf7y\xb5\xf5\xf6\x12\x8f\xffK\xd6\xb7\
u\xfd[\xff\x8dK<?.\xeb\xe7z\xb9c\xefR\
\xb7\x97\xfa}^\xe29\xb2\xf1\xd6\xf0xq\xfcs\xfc\
7\xfb\xf8\x07\x80\xb6\xc5\x8b\x18\x80\xab\xc9?Y\xb2\xf5\
\xd7\x1aU\xad\x9f\xa0J\xe3\xc7\xaa\xc1\x97]\xf4\xf5\xc8\
\xff\x1a\xdfG2\xef\x1a_w\x8c\xed\x11\x91\xa2\x88\xc4\
\xca2^\xff\x1a\xeb\xd9\x11+\xde\xd0\xc6\xc7\xd6\xaaQ\
\x1d\xb2\xa2\xc3\xf5\xfb\x8c\x11\xf1*2,\xc6n|\x9d\
\x8a\xaa'\xd6_\x9c\xbf\xa8a\x15\x19\xae\xfe\xff\xf5\xf5\
V\x97\xb7\xf1\xef\x06_\xa3C\xaf\xed!\xb1\xe3\xaf\xed\
\xff\x07\x80N\xa33\xaf\xe9\xffV;\xd3\xf8Z}\xe1\
~\xd9\xf8\x83cE\x16Tt\xb1\xe15\xdf\xffO\xf5\
\xb5\xde\xd3\x05QY\x90\xfa\xdf\x0a\xaf\xfa\xff8bf\
*R\xd9\xf8\xf7\x8cq\x82uz^\xf5\xef\x95\xa7v\
\xa1\xa7\xcb\xccK\xed\xef\xd2\x97\xbf\xfc\xbd\xe7\xea\x7f\xb3\
.\xf1\xb7\xae~\xbfm<\x07\xdfz\xbf\xff7\xf1\xb5\
<\x1e\x00\xf0\xeb\x90\x00\x00\xf0\xb2j\xc1y\xfd\xc4\xa4\
v\x97\xddz\xf2\xb2\xe9\x84\xe6_\xff\xeb\x0f\x0cIq\
\xa1\x1e\x80\x8f\xaf\xaf\xd9\x11\xcfV\x86\xab'6\x1a\x04\
\xc1V\xedx\xedDlD\xac\x0cW\xff\x19m\x08\x90\
\x09\x96\x01\x00\xed\xa8\x96\xd4PY\x10k\x17k\xef\xcf\
o$!l\xf5\xf3*v\xc1\x8a,\x88\x98\xe7\x82\xaf\
qt\xdesd\xe1\xcb_\xfe\xdes\x9b\xfe\xb5\xda\xdf\
Y\xadf\xcceK\xa2\xc1\xd6?\x06\x80\x97\xc3\xab\x05\
\x10q\xf5\xf3\x89z)d\xe3\xd5\xf8\xfa\xfb\xfe\x89\xc5\
\xbd\xef{\xe7p\xf7@l\xa8\x5c\x96q\xcf\xab\xf8\x81\
\xfb\xb0\x15\x1d\xde\x08\xe2\xad\x5c+\xa2\xfbj\xff*\x81\
;\x00\x00\xaf\x99\xce\x88\xcaB=Q\xa0b\x16\xac\xb5\
\xcf\xf9\x1fW\xc4<\x173:_\xb6\xde\xa2\x89\x0f\xcc\
|\xe9K\xff\xb0PO\xd07&\x08\xb6&\xee\xa90\
\x00\xa2\x8d\x04\x00\x10\x01\xf5\x93\x81\xc6+\x05\x8d'\x08\
\x1f\xc9\xbck\xbc\x22fH*\x95[\x82\xc0\xde\xea\xb8\
\x18;d\xad\xbc\xa9Z\xf2N@\x0f\x00@\xeb\xd3\x99\
\xa0%Bd1x\xdf\xda\x99\x8a\x98\xe7z\xbau~\
\xcd\xf4\x1d\xfb\xd2\x97\xfea\xe1bI\x01!1\x00D\
\x06\x09\x00\xa0\x03\x5c\xa8\x0a\xdc\x9c\xddo\xf88\x08\xf2\
\xadg\x0eY[\x19\xaf\x05\xf8\xfb\xc4\xea-*v\xd8\
\xd6z\xdf\x01\x00@\x87S\xfdI\xb5\xa2@\x8f\xa9\xb5\
3j\x9c\x9fx*\x0b_|\xf4{\xc7\xe4\x22\xf3y\
H\x0c\x00\x9d\x85\x04\x00\xd0~\xb6\x0e\xd6k\x0c\xfc\xe5\
\x81\x0f\xa7\xf7\x95J\xe5;T\xcc!5:d\xadM\
s\x05\x1f\x00\x00\xbc\x1c+rLU~)V\x8f\xa9\
\xe8\xb1\x8a\xda\x99\xaf|\xf5\xfb?q]W'&&\
\xec\xd6\x81\x86\xf5J\x82\xb0\xd7\x0d\xe0\xf2\x91\x00\x00\xda\
C}\x08\xdfF\xe9~&\xf3[#]\x95\xe2!\x15\
\xef\x90U9$\xa2\xb7\x88\xb5\xb7\x84\xbdP\x00\x00\xd0\
Y\xea\x89\x01\xb5\xf2DP1\xb0Z>\xf6\xc5\xff\xf2\
\x83`\xe7\x04\x92\x00@{!\x01\x00\xb4\x1em\xfcC\
\xea\x07\xfc\xd9lV\x7f\xf6\xf4\xe3\x87\x1cko\x0f\x82\
}\xab\x5c\xd5\x07\x00\x00\xa1\xb1\x22\xc7\x8c\xca\x8f\xad\x95\
'<\xd5c_\xf9\xea\xf7\x7f\x22\x17\x06\x0f\x92\x10\x00\
Z\x14\x09\x00 D\x0d\xbd\xfb\xb2uO\xe0{?x\
{Z\xc5;$*\xef\x17+\xb7\xd0\xa7\x0f\x00\x00Z\
\x95\x8a,\x88\xcaO\xc4\xca7\xd48?\xf9\x9b\xc9\xef\
=\xd1\xb8M0\x95\x02@k \x01\x004Y\xe3@\
\x9d\xc6\xe9\xbb\x1f=r\xfb\xb8W\xb1\xef'\xe0\x07\x00\
\x00\xedNE\x16\x82\xd6\x01\x91\xafw\xf58S_\xf8\
\xd2T0d\xb06Yp\xcb\x97\x92\x18\x00\x9a\x85\x04\
\x00p\x95m\x99\xa0\xbbq\xcc\xdd\xfb\xbew\x0e\x9bD\
\xec\x90g\xbd\xbb\xc4\xca\xfb)\xe9\x07\x00\x00\x9dKg\
T\xe5\x89\x8a\xd5o|\xf9\xabS_\xdf\xb8\x97\xca\x00\
\xa0\xa9H\x00\x00WQ\xed\x0a\xff\xc6\xc4\xfe#G~\
{\xa4\xab\xb2\xf2{\xaar?W\xf9\x01\x00@\x14\x05\
\xd5\x01*S\xd6\xb3\x7f\xaf\x89\xa1\xaf\x7f\xf1\x8b\xffe\
a\xe3s\x0dU\x92\xcc\x12\x00\xae\xbcX\xd8\x0b\x00:\
M\xbd\xac?\x9b\xcd\x06\xc1\xff}\xbf{\xdb\x88I8\
wy\x9ew\x7f\xb7\xc8!?\xe8\xb7\xfc9\x03\x00\x00\
\x11\x15\x5c\x00\xb1r\x97\xaa\xde%\xc5\xa5\xcf\xdf\xf7\xaf\
\xde\xf5\x0d\xb1\xf2u\xe9\x19\xfc\x86\xb5v\xa1\xe1K\x95\
\xa1\x82\xc0\x95E\x05\x00p\xe5h\xe3\xde\xb8\x1f\xc9\xdc\
q\xbbg+\xf7\xab\x95\xbb\xb8\xd2\x0f\x00\x00\xf0\xeb\xd5\
\x06\x09~\xc3q\xcc#\x8f\xfc\xed\xd4\x94\x5ch\x11\x10\
\xda\x04\x80+\x83\x04\x00\xf0\xda\xd5\xc7\xf8\xeb}\xf7\xfd\
\xee\xb0\x14\x97?\xa5b?E\xd0\x0f\x00\x00\xf0j\xe9\
\x8c\xaa\xfdkc\xf4\x0b\x7f\xfd\xe8\x133\x1b\xf723\
\x00xMH\x00\x00\xafB\xedJ\xff\x85\x81~\x1f\xbc\
=-\xe2M\x88\xc8\xed\xe1\xae\x0c\x00\x00\xa0\xc3\xa8|\
C\xac\xf9\xb3/}\xed\x89\xa0*\xa0\xb6}2\xad\x01\
\xc0\xab@\x02\x00\xb8L\x0d[\xf6\x05Si\xee}\xdf\
;\x87\x9d\x84\xde_\xf1\xf4SL\xf0\x07\x00\x00\xb8\xda\
tF\xc4f\xbf\xf8\xd5\xef?\xb2qO\xad\xf5\x92d\
\x00pyH\x00\x00//8N\x5c\xd7U\xd7um\
&\xf3[#]\x95\xd5OR\xe6\x0f\x00\x00\x10\x8a\x19\
\x11}\xc4q\xe4\x91\xbf~\xf4\x89\x19\x92\x00\xc0\xe5#\
\x01\x00\x5cB\xc3\x15\xff \xbb|\xef\xfb\xde9,q\
C\x7f?\x00\x00@\x8bP\x95G\x8c\xd1lC\x22\xc0\
\xd6n\xd9F\x10\xb8\x08\x12\x00@\x83\xadA\xbf\xb5V\
\x8e\xfc\xf6;F\xba\xfbc\x9f\x12+\x9f$\xf0\x07\x00\
\x00h=\xaa\xf2\x88\xb5\xf63\xd7\xdd\xfc\x9e\x19\xd7u\
\x1b\x03\x7f\x92\x00@\x03\x12\x00@\xd5\xc6$\xff\xfa\x1d\
\x04\xfe\x00\x00\x00\xed\xa51\x11011a\x85\x9d\x03\
\x80MH\x00 \xf2j%b\xc1\xd5\xfel6\xab\xb9\
\xdc\x93\xc3q\xbb\xfaI\xebQ\xea\x0f\x00\x00\xd0\x8e\xac\
\x95\xcf\xc4b\x17\xb6\x10\xac\xb5\x03l\x0ct\x0ewu\
@xL\xd8\x0b\x00\xc2\xe4\x07\xff~\xd0_/\xf5\x7f\
\xf6\xa7\x8f?\xd4]Y\xf9\x85\xe7\xd9\x09\x82\x7f\x00\x00\
\x80\xf6\xa4*\x0fU*\xf6\xf1\xdf\xff\xd0\xbb>%\xb5\
s>\xff|\xaf\xfe\x06D\x15\x15\x00\x88\xa4z\xaf\xbf\
\x1f\xfc\xbb\xae+\xf7|\xe0\x9d\xf7\xab\x9a\x87\xd8\xce\x0f\
\x00\x00\xa0\xe3\xcc\xf8\xa7}\xd7\xdd\xfc\xee\xbf\xae\xb7\x05\
\xd4\xd8Z{\x00\x10\x19T\x00 2j\x19_\xad_\
\xf5\xf7_\xf0\xa7\x8f\x7f\xef\xf6{?x\xdb\xe3\xaa\xfa\
y\x82\x7f\x00\x00\x80\x8e\xe4\x9f\xe3\xfd\xe7g\x7f\xfa\xf8\
/\xee\xfb\xd0m\xd7\xd6\xef\xccf\xb3\xa6q\x004\x10\
\x05<\xe1\x11\x09\xb5R\xaf \xf0\xf7\xdf\xc9=\xf9\xff\
\x0cw\xf7\xc6>gU\xee\x0f{m\x00\x00\x00h\x1e\
U}\xc4Zo\xeb\xa0@\xfa\x02\x10\x09$\x00\x10\x15\
\xc6u]\xf1\xdf\xee\xfd\xc0m\x9fR\x95\x87\xe8\xf1\x07\
\x00\x00\x88*\x9d\xf1\xac\xfd\xf37\x1ez\xf7\x9f\xf9\x1f\
MLLXv\x0b@\x14\x90\x00@G\xaaO\xf6\xaf\
s]W\x7f~\xec\xf1\xb4\xa8\xfd\x9c\x8a\x1c\x0auq\
\x00\x00\x00h\x11:#\xe2\xbd\xfbK_\xfb\xe1L\xf5\
\x142\x88\xffm\xb5(\x80\xaa\x00t\x1e\x12\x00\xe8T\
\xc1s\xdb\x0f\xfcs\xb9'\x87\xbb\xca\xab\x13\xa2\xf6\x93\
a/\x0a\x00\x00\x00\xadGU\x1f1F\xb2\x7f3\xf9\
\xfd\xe7\xec\x85m\x02\x18\x12\x88\x8e\xc3\x10@t\x8c\xfa\
\x80\xbf\xfa6/~\xf0\xff\xcc\xb1o\xdf\xd5UY=\
J\xf0\x0f\x00\x00\x80K\xb1\xd6\xde_\xa9\xd8\xc7\xef\xf9\
\xc0;\x83\xf9P~\xe0\x9f\xcdf\xfdXI\xd96\x10\
\x9d\x84\x94\x16:F\xe3\x14\xd7#G~{\xa4\xdb[\
\xf9\xbc\xb5\xf2\xfepW\x05\x00\x00\x80v\xa2*\x8fX\
k?\xf3\xa5\xaf\xfdp\xa6^\x0d@;\x00:\x05\x09\
\x00\xb4\xbb\xea\xb4\x96ZfVU\xf5\xc3\x1f\xbc\xfd\xfd\
\x8ex\x9fg\xc8\x1f\x00\x00\x00^\x1d\x9d\xb1\xd6\xfb\xcc\
\xf5\x87\xde\xf3\x88\xeb\xba\xd6\xd6\x06L\xd5n\xc3^\x1c\
\xf0\xaa\xf1\xecE\xbb\xf3\x9f\xc3\xea\xba\xae\x1c;\xf6\x83\
\x91^\xb3\xf6W\x5c\xf5\x07\x00\x00\xc0\x95P\xdf2\xf0\
K_\xfb\xe1\x8c\x7f\xbeY\xdb-\x80j\x00\xb4\xadX\
\xd8\x0b\x00^\xa9z\xa9\xbf\xaa\x06}\xfe\xfe\xfb??\
\xf6x:\xa1\xe2\x07\xff\xe3a\xaf\x0f\x00\x00\x00\x9d\xc1\
Z{\xbf\x88\xb9\xfd\xee\x0f\xbc\xeb\xdf\x88\xc8\xd7kW\
\xff\xb5\xa1\xfa\x94d\x00\xda\x0a\x15\x00h+\xf5\xe0?\
\x9b\xcd\x06\xb7L\xf8\x07\x00\x00@3X+\x9f\xb9\xfe\
\xd0\xbb\xb3R\xddiJ\x98\x0f\x80vD\x02\x00m\xa1\
q_\x7f\xd7u\x83\x92\xff{\xdf\xf7\xceq\x1b\xd7\xaf\
\xb1\xaf?\x00\x00\x00\x9aCgD\xbcw_w\xf3{\
fj\xb3\x01H\x00\xa0\xad\xb0\x0d Z^\xbd\xc4\xaa\
\x9ed\xf5\xffs\xef\x07n\xfb\x94\xc6\xf5(\xc1?\x00\
\x00\x00\x9a\xc7\x8e\x8b\xe8\xd1\x9f\x1d\xfb\xee\xa7\xfc\xf3\xd2\
ZU\xaa\xd6\xaaT\xb9\xb8\x8a\x96G\x02\x00-\xad\xb1\
\xe4\xdf\xf7\x81w\xbfu\xe4\xd9c\x8f\xff\xa9\xa8|\x8e\
)\xff\x00\x00\x00\x08\xc1\xb0Q\xf9\xdc\xbd\x1fx\xd7\x9f\
\x1e;\xf6\x83\x91\xdaFT\x1bs\x01\x80V\xc6\x10@\
\xb4\xa4\xc6=\xfd\xeb\xd9\xd4\xbb\xefz\xc7\xb5\x8e\x89}\
\xa7\x9ay\x05\x00\x00\x00B\xa4\xf6\x93\x09Y\xfb\xbd{\
?\xf8\xcew\xaf;\xbb\x9e\xcbf\xb3\xc2p@\xb4:\
\xcaT\xd0\x8a6\xf6\xf6\xaf5\xfe\xeb\x87?x\xfb\xef\
\xb1\xb7?\x00\x00\x00Z\xd0\x82\xb5\xf6\x0f\xbf\xfcw?\
|D\xaa\xe7\xb0\x1b\xc1?\x89\x00\xb4\x1a*\x00\xd0R\
\x1a\xaf\xfc\xfb\xc1\xbf\xeb\xba\xf2\xf3\xa7\xbf\xfb\x90Z\xef\
!^=\x01\x00\x00\xd0\x82\x86U\xf5\xf3\xf7|\xe0\xb6\
\xf1r\xecu\x9f\xf1Oi\xa5\xb6e5\xd0jxV\
\xa2\xa5\xd4\xa6\xfd\x07\x81\xff\xb1\x1f|s\xa4w8\xfe\
W\xd6\xca\xfb\xc3^\x17\x00\x00\x00\xf0\xb2T\xbe\xb1\xea\
u\xffw\x87\x0e\xdd6?11\xe1\x9f\xd8\x0a;\x05\
\xa0\x95\x90\x00@+\x09\x86\xa7d\xb3Y}\xf6\xa9\xef\
\x8cK\xdc|\x97~\x7f\x00\x00\x00\xb4\x99\x99\x8aWy\
\xcf\xdf~\xfd\xff\xfd\xa5\xad^\xdd\xaa\xdfO\x12\x00\xa1\
#\x01\x80P\xd5\xae\xf8\xdb\xdasQ3\x99\x8c\xc6\xca\
\xb3\xb7\x1b\xb5_\xa5\xdf\x1f\x00\x00\x00\xedIg*\xb2\
\xf6!\xcf\xd9{,\x95J\xd9\x89\x89\x09\xff|\xd7\xd6\
\xe6[\x91\x08@hH\x00 l\xc1s\xd0u\xdd\xe0\
\xf6\xd9\xa7\xbf\xfb)\xb1\xf2\xb9\xb0\x17\x05\x00\x00\x00\xbc\
V\x9e\x95?\xfc\xca\xdf\xfd\xe0\xcf\xfd\xa0\xdfu]\xa9\
\xb7\x05\x90\x04@XL\xd8\x0b@d\x05W\xfck\x81\
\x7f\xf0*\xf8\xf3\xa7\xbf;A\xf0\x0f\x00\x00\x80Na\
T>w\xdf\x87n{\xc8\x0f\xfe\xa56\x18\xd0Z+\
\x0d\x1b\x05\x00ME\x05\x00\xc2\xa0\x8d/zG\x8e\x1c\
1]\xe53\x9f\x17\xd5\x8f\x86\xba*\x00\x00\x00\xe0*\
P\xd5?\xff\xe2W\xbf\xff\x87\xf5J\x00\xd7u-U\
\x00\x08\x03\x15\x00h\xaaz\xc63\x9b\xcd\x06\xd3\xfe?\
\xf8\x9e\xb7\x8dvU^\xf8.\xc1?\x00\x00\x00:\x95\
\xb5\xf6\x93\xf7~\xe8\xb6\xaf~\xe0\xddo\x1di\xb8[\
\x1b\xb7\xc0\x06\x9a\x81'\x1c\x9a\xa9\xda\xf0dmp\xd5\
\xdf\x9c\xff\xd5\xb8I8_U\x91Ca/\x0c\x00\x00\
\x00\xb8\xda\xac\xc81\x15\xfb\xc1/}\xed\x873\xf5\xbb\
\xd8&\x10\xcd\x14\x0b{\x01\x88\x86z\xc9\xbf\xaaV\x83\
\xff\xf5_\x8d;\x89\xd8w\xd8\xe6\x0f\x00\x00\x00QQ\
\xbd\xf0\xa5\xdf\xbd\xfb\xaew\xbc\xc7\xeb\xbaf&\x95J\
I\xad\x15\x80\xdd\x01\xd0\x14\xb4\x00\xa0\x19\xb4\x1a\xfb\x07\
#O\xab\xc1\xbf!\xf8\x07\x00\x00@$\x8d;\xc6\xf9\
NW\xe5\xcc\xbe\xfap@[Eu6\xae:\x12\x00\
\xb8\x9a6\xfa\x9aj\xc1\xbf\xde}\xd7;\x08\xfe\x01\x00\
\x00\x10u\xfe\xb9\xf0\xe3w\xdf\xf5\x8ekU\xd5d\xb3\
\xd9 .#\x09\x80\xab\x8d'\x18\xae\x0a\xff\xc5\xab\xb6\
\xc7i\xb0\xc7\x7f.\x97S\xae\xfc\x03\x00\x00\x00\x9b\xcc\
T\xbcJ\xbd\x1d\xc0\xd6v\x07\x10\xda\x01p\xb5P\x01\
\x80+\xae\x96\xb9\x0c^\xb4\xea\xc1\x7f\xd7\xfa\x99[\x08\
\xfe\x01\x00\x00\x80M\xc6\x1d\xe3|W\xd6\xcf\xdc\xe2\x9f\
37\x0c\xcdf\x87\x00\x5c\x15$\x00pE\xf9/T\
\xd9l\xb6\xfe\xe2\x15\x04\xff\xf1\xca\x0b\x87\xd4(\xc1?\
\x00\x00\x00\xf0R\xfb\xba\xfcs\xe5\xf53\xb7d2\x19\
\xad\x0f\xcf\x16Z\x02p\x158a/\x00\x9d\xa3~\xe5\
\xff\x8e;\xee\x08\x06\xfe%\x93I\x95\xd2\xa9k\x8d1\
\xff \x22\xaf\x0b{}\x00\x00\x00@\x8b\xeaqT~\
\xcb[_|\xec\xc8\xbd\xff\xfd\xa2\xaaJ:\x9d\x0ev\
\xd0\xb2\xd6J6\x9b\x0d{}\xe8\x10T\x00\xe0\x8a\xf1\
_\xa0\xfc\xc0\xdfu]\x09z\xfe\xcf\xffj\xbc+\xd6\
\xf5m\x11\xd9\x17\xf6\xda\x00\x00\x00\x80\xd6\xa6\xfb\xbab\
\xcew\xee\xbe\xeb\x1d\xe3\xb5v\x80\xa0\x9d\xb6^Y\x1b\
\xf6\xea\xd0\x19x\x22\xe15\xab\x0f\xfc\xb3\xd62\xed\x1f\
\x00\x00\x00xm\x9e[/\x97\xdf3\xf9\xf7ONK\
m\x8b\xc0\xfa'T\x95\xe1\x80xMH\x00\xe05\xa9\
\xbd\x1e\x05q\x7f-C)\xcf\xfc\xe4\x1f\xaf%\xf8\x07\
\x00\x00\x00^\xb5z\x12\xe0\x97\xae\xeb\x06\xbb\x03\xd4.\
\xb6\x91\x00\xc0kB\x02\x00\xafI}0I6\x9bU\
\xd7u\xf5\xee\xf7\xbec\xdcI8\xdf\xa5\xec\x1f\x00\x00\
\x00x-\xecs\xeb\xe5J\x90\x04\xa8\x15\x02\xd4\xaf\xbc\
\x91\x04\xc0\xabF\x02\x00\xafZ=\xf8WU\xcdd2\
Z\xccO\x8f\xf4\x8f\xf6~GE\x0e\x85\xbd6\x00\x00\
\x00\xa0\xddY\x91c\xe7\xd7\x9d\xf7\xf4\xf4$\xe7''\
'\xbd\x0bw\x03\xaf\x0eC\x00\xf1\xaa4^\xf9\x17\x11\
\xcd\xe7\xf3:\xb8\xad\xf7/\x09\xfe\x01\x00\x00\x80+\xc3\
?\xb7\x1e\xe8\xaa\xfc_\xfe\xb9\xb6\x1f\xbb5\x0c\x05\x04\
^\x15\x12\x00x5\x82\xbd\xfek\x13\xff5\x93\xc9\xc8\
\xae\xd1\xca\xe7\xac\x95\xf7\x87\xbd0\x00\x00\x00\xa0\xc3\xdc\
\xbe{\xb4\xfcW\xf5\xc0\xdfZ+\x0ds\x01\x81W\x84\
\x04\x00^\x11k\xad\xd6_p2\x99\x8c\xa6\xd3i\x8d\
\x95_xHE>\x11\xf6\xda\x00\x00\x00\x80\xce\xa4\x1f\
\xbd\xe7\x03\xb7\xfd\x91\xeb\xba\xa6\xbe\xeb\x96\xff>\xd5\x00\
x\xa5x\xc2\xe0\xb2m\xd9\xee/x\xc1\xb9\xf7C\xb7\
}B\xac|.\xec\xb5\x01\x00\x00\x00\x9d\xaeb\xed\xbf\
\xf9\xdb\xbf\xfb\xe1\x9f\x8b\x88\xd7\xb8C \x83\x01q\xb9\
H\x00\xe0\xb2\xd5\x13\x00\xae\xebj.\x97\xd3\xae\xf53\
\xb7\x88\xd1\x7f\x0a{]\x00\x00\x00@Tx\x9e\xbc\xa7\
\xd2\xf5\xba\xa9\xc9\xc9I\xeb\xba\xae\xb0E ^\x09\x12\
\x00xY\xb5\x81\x7f\xb6Vnd2\x99\x8cH\xe9\xd4\
\xb5]\xb1\xd8w\xd8\xee\x0f\x00\x00\x00h\xaa\x85\xf5r\
\xf9-\x93\x7f\xff\xe4\x8c\x88x\x0d\xdb\x03\x0a;\x04\xe0\
\xe50\x03\x00\x97kc\xe0_\xb1\x98\x1f\xe9\x8au}\
\x9b\xe0\x1f\x00\x00\x00h\xba\xe1\xae\x98\xf3\x9d\xf7\xbe\xf7\
\xb6\x91\xc6\xe1\xdc\xb5\xe1\x80\x5c\xe0\xc5\xafE\x02\x00\x97\
T{\x01\xd9\xd8\xee\xcfu]\x9d\x9c\x9c4\x83]\x95\
\xbf\x12\xb1\xe3a\xaf\x0f\x00\x00\x00\x88&\xdd7\x9c\x90\
\xbfL\xa7\xd3\xc19\xba\xeb\xbaa/\x08m\x82\x0c\x11\
~\x1d\xad\xed5*\xb9\x5c.\xd8\xeb\x7f\xf7h\xe5!\
\x11\xf9\xa3\xb0\x17\x06\x00\x00\x00D\x9d\xe7\xc9\xff\xfa\x95\
\xaf\xff\xe03\x99L\xc6\xa6R);11Qo\x07\
\xa0\x15\x00\x17E\x05\x00.eS61\x08\xfe\x87\xbd\
\xfb\x09\xfe\x01\x00\x00\x80\xd6`\x8c\xfcQ\xe6\xfd\xef\xb8\
\xcb?W\xcf\xe5r\xaa\xf5A\x00\x96\xf8\x1f\x17G\x05\
\x00^\xa2\xb1wHUM:\x9d\xd6\xe4\xa0\x8cw\xc7\
*OY\x91\xe1pW\x07\x00\x00\x00\xa0A0\x140\
\xbf\x14\x9fI&\x93\xf6\xd1G\x1f\xf5\xea\x9f\xa0\x12\x00\
[Q\x01\x80\xad\x82\xc4a}\x98H&\x93\x91D\xa2\
2\xd2\x15\xab|\x87\xe0\x1f\x00\x00\x00h9\xc1P\xc0\
d\xa22\x92\xcf\xe77\x86\x02\xca\x96\x0b{\x80\x90\x00\
@#\xff\x05bK\xb9P\xd0\xf7?\x92\x90\x87\x98\xf8\
\x0f\x00\x00\x00\xb4*\xdd\xd7\xdd\xab\x9f\x9e\x9a\x9a\x0aZ\
\x01\x18\x0a\x88Kq\xc2^\x00ZG=[\xe8\xbfp\
$\x93I\xdd\xb1c\x87^3Z\xfe\x94\x88~:\xec\
\xb5\x01\x00\x00\x00\xf8\xb5\xdev\xf0\x8dc\x0b/\x9e+\
\xfe\xd7B\xa1 G\x8e\x1c\x91\xda\xb9}\xd8\xebB\x0b\
\xa1\x02\x00\x81-\xe5A:99\xa9\xc9\xc1\xd28\xc1\
?\x00\x00\x00\xd0\x1e\x1c\xd5\x87vo\xf3\xae\xf5\xcf\xe5\
\xb7|\x8aV\x00\x04x\x22 \x08\xfeUU\x1a\xb7\xfc\
\x9b\x9e\x9e6\xd7\xef\xeb=A\xe9?\x00\x00\x00\xd0>\
\xac\xc8O\x17V\xe5=\xdf\xfa\xd6\x0f\xe6\xfc\x0f]\xd7\
\x15\xb6\x07D\x1d\x15\x00\xa8\x0b\x82\x7f\xd7uk\xc1\x7f\
\x82\xbe\x7f\x00\x00\x00\xa0\xcd\xa8\xc8\xcd\xa3\x09\xf9\xa3\xc3\
\x87\x0f\x9bL&\xb31\x0f \x9b\xcd*\x17\x80\xc1\x13\
 \xe2.\xba\xe5\xdfP\xe5\xae.G&\xc3]\x19\x00\
\x00\x00\x80Wk\xbd\xec\xfd\xff\xa7\x7fU\x9c\x1a\x18\x18\
\xb0\xe9t\xda\xa3\x0a\x00B\x02 \xf2\x82\xa9\xff\xd9l\
V]\xd7U?\xf8\xdf\xd6\xbfzm\xbc\xbb\xfb\xdb\x5c\
\xfd\x07\x00\x00\x00\xda\x99}n>_x\xcb\xb7~\xf0\
\xe3y\x11\xf1\xeaw\xdaj\xffo\xc8kCXba\
/\x00\xe1\xa8_\xf9\xaf\x95\x02Im\xcb?\xb3{t\
\xe4\x8f\x08\xfe\x01\x00\x00\x80v\xa7\xfb\x86\x93\xfd\x7f\x99\
J\xa52\xc9dR\xd2\xe9\xb4\xd7p\x01\x98*\x80\x88\
\x22\xf5\x13Q\xf5\xc1\x7f\xfes \x93\xc9\x04}\xff\x07\
\xf6\xf4\xdc\xef8\xe6?\x85\xbd6\x00\x00\x00\x00W\x86\
'N\xe6\xc4s\xcb\xdf\xd8\xbf\x7f\xbf799ik\
U\x00\xb4\x02D\x14\x15\x00\x11\xd48\xf5\xbf>\xf1\x7f\
|Wl\xdcq\x0c[\xfe\x01\x00\x00\x00\x1d\xc4H\xe5\
/\xc7\xb6\xc5\xbf?999\x97\xc9d$\x95JI\
-\x09\xa0$\x01\xa2\x87]\x00\x22\xa8\xa1\xec?P,\
\x165\xde\xddM\xe9?\x00\x00\x00\xd0y\x86\x12\xfd\xe6\
/k-\xbfT\x80G\x1cO\x80\x88\xb1\xd6j=\x01\
\x90\xcb\xe5\xf4\xf8\xf1\xe3\xce\x8d\x07\x86?J\xe9?\x00\
\x00\x00\xd0\xb9*\xd6\x1e\x19J\x1e\xfc\xfa\xfc\xfc|\xd0\
\x0aP+\x01\xa0\x02 b\xa8\x00\x88\x16\xadM\xfc\x0f\
>\x98\x9c\x9c\xd4\xeb\xf6\xf5Q\xfa\x0f\x00\x00\x00t8\
G\xf5\x8fgf\xfeedrr\xd2\xd4\xe3\x82\xc6-\
\xc1\x11\x0d\xcc\x00\x88\x10k\x83\x04\x9f\xcd\xe5rfj\
jJS\xa9\x94I\xf4t\x7f\x9a\xd2\x7f\x00\x00\x00\xa0\
\xe3\xedK\xf6;\x9fN\xa5R\xff6\x99L\xfa\x81\x7f\
u\x08\xc0\x85\xe9\xe0T\x03D\x00\x15\x00\x11Q\xcf\xee\
\xf9\x07w>\x9f\x0f\xb6\xfc\xbbn_\xdf\xb8\x88~$\
\xec\xb5\x01\x00\x00\x00\xb8\xfa\xac\xc8'\x0e\xbe\xbe\xffv\
?\x16\xc8\xe5rA\xf0_k\x0b'\xf8\x8f\x08*\x00\
\xa2\xc3\xaajP\xee\xb3\xbc\xbc\x1c$\x03\x12=\xf1\x7f\
\x0c{Q\x00\x00\x00\x00\x9a'\x16\xeb\xfe\x93B\xa1\xf0\
\xb6\xc9\xc9I{\xe4\xc8\x11I\xa5R\xd52a\xb6\x06\
\x8c\x04\x12\x00\x1d\xae\xf1\xca\x7f&\x93\x09\xde\x9f\x9e\x9e\
\x96\x9b\xae\x1b\xfe$\xa5\xff\x00\x00\x00@\xb4\xa8\xc8\xcd\
o{\xd35\x9f\xe8\xeb\xeb\xfb\xb3|>\xaf\xae\xebZ\
\xd7u\xb5\xb65\xa0T\xbb\x01\xd0\xa9h\x01\x88\x90T\
*e\xfd\x83|l\xa7s\xadQ\xf3\x07a\xaf\x07\x00\
\x00\x00@\xf3\xc5\xd4\xfc\xfb\xd7\xbd\xae\x7f\xa4V\x19\xac\
\x13\x13\x13\x96\xc0?\x1aH\x00t8\xff@\xcef\xb3\
\xc1\xd5\x7f\xd7u\xcd\xcc\xccL,\xd1\xcd\xe0?\x00\x00\
\x00 \xaa\xac\xc8\xf0\xce\xa1\xee?^\x5c\x5c4\xe9t\
ZU\xd5\xd4\xaa\x00\xb468\x1c\x1d\x8a\x04@g\xdb\
8\x80'''\xfd\x03\xda\xbc\xe9\xe0\x8e11\x0c\xfe\
\x03\x00\x00\x00\x22\xee#\x87o\xdc\x1d\x0c\x04\xccd2\
R\xdf*\xbc6\x14\x10\x1d\x8a\x04@\x87\xab\xed\xfb\xaf\
\x99L\xc6\x8c\x8f\x8f\x9bDO\xfc\xdba\xaf\x09\x00\x00\
\x00@\xf8\x8cz\x9f\xce\xe5rfzz\xdad2\x19\
\xadm\x07\xb81G\x0c\x9d\x87_l\x07\xaa\x0d\xef\xa8\
\xffn5\x9dN\x9bD\x22\xe1\x0c\xf5\x9c\xff\xa8Q\xf9\
\x8b\x90\x97\x07\x00\x00\x00\xa0E\x94\xcb\x95\x07\x97\xd7\x87\
\xfe\xfa\xc5\x17_\xf4\xf6\xef\xdf\xefMNNZ\x1f;\
\x02t&*\x00:S\xbd\xf4?\xe8\xe3\xc9\xe7\xf3f\
uuU\x8d\xca\x7f\x08{a\x00\x00\x00\x00ZG,\
\xe6\xfc\x87\xb5\xb5\xb9\xe1\xad\xf7S\x05\xd0\x99\x9c\xb0\x17\
\x80+\xab\xf1@=~\xfc\xb8I$\x12\xa6P(\x98\
7\xeeK|BT3\xe1\xae\x0e\x00\x00\x00@\x8b\x19\
\xee\xeb2\xa5\xe9\xffv\xee\x07\xb1X\xcc>\xf0\xc0\x03\
\xf6\x89'\x9e\xd0;\xee\xb8#\xecu\xe1*\xa0\x02\xa0\
C\xa9\xaa\xe6\xf3y-\x16\x8bzp\xef\xf0\xb8\xa8\xf9\
D\xd8k\x02\x00\x00\x00\xd0\x82\x1c\xfd\x83={FF\
\xa6\xa6\xa64\x97\xcb\xa9\xeb\xbaA[1;\x02t\x1e\
*\x00:Lm\xfb\x8e \x01\xf0\xf4\xd3O\x07W\xff\
\xc7\xf6\x0d\x7f\xc2\xa8\xde\x19\xf6\xda\x00\x00\x00\x00\xb4\x1e\
\x15\xe9\xe9\xedvJ\x85\x92\xf9a\xa9T\x923g\xce\
\x04\xdb\x89S\x05\xd0y\xa8\x00\xe8 \xf5\x0c\x9d\x1f\xfc\
\xe7r\xb9\xe0\xea\xff\xa1\x1b\x92\xd7:\xaa\xf4\xfe\x03\x00\
\x00\x00\xb8$\xc7\xd1?\xb8~\xef\xb6\x91\xc5\xc5E\x93\
N\xa7\xe9\xff\xefP$\x00:\x8c\xaaJ:\x9d6\xf9\
|^K\xa5\x92v\xc7\x0c\xc1?\x00\x00\x00\x80\x973\
4\xb2\xbd\xe7\x0f\xf6\xec\xd9\xa3\xcb\xcb\xcb:55e\
jm\x00$\x03:\x08\x09\x80\x0eR\xdb\xfa/\xf8\x9d\
&\x93Is\xf0\xc0\xf0\xb8\xaa\xf9\xfd\xb0\xd7\x05\x00\x00\
\x00\xa0\xf5\xa9\x9a\x8f\x8b\x14\x86\x17\x17\x17\xcd\xd4\xd4\x94\
d\xb3\xd9 \xc4\xa8%\x01H\x04t\x00\x12\x00\x9d!\
8 \xeb\xfd\xff\xf9|\xde<\xf5\xd4S\xa6/\x91\xf8\
t\xd8\x0b\x03\x00\x00\x00\xd0\x1eTdh\xc7Pw0\
<\xfc\xc1\x07\x1f\xac\xc7\x17\xb5\xeb\x8c\xc2D\xc0\x0e@\
\x02\xa0\xcdYk\x1b\xf7\xfc\xdf\xb8M\x1d\x18\xbdVU\
\xb8\xfa\x0f\x00\x00\x00\xe0\xb29\x8e\xf9\xf8\xb5;\x07\xb6\
\xcd\xcf\xcfkc\xbc\xc8\x8e\x00\x9d\x81\x04@\x9bk\xcc\
\xc6\xb9\xae\xab\xa9T\xca\xe4r9gp\xa0\xef\xdf\x87\
\xbd6\x00\x00\x00\x00\xedEE\x86\xb6\xed\xe8\xfd\xf8S\
O=e2\x99LP\x01P\xbf\xe0\xc8<\x80\xf6\xc7\
/\xb0\xfd\x05\x07\xa5\x7fp\xe6\xf3y=u\xea\x94s\
\xe8\x86\xe4\xb5\xf1\xae\xd83a/\x0c\x00\x00\x00@[\
Z|n\xf6\xfc\xc1\xc1\xc1\xd7\x9d[]]\xad\xa4\xd3\
iobb\xa2\x9a\x05P\xa5\x14\xa0\x8dQ\x01\xd0\xc6\
\xea\xe5\xff\xae\xeb\x06\x1f'\x93I\xb3g\xcf\x1eub\
\xe6#a\xaf\x0d\x00\x00\x00@\xdb\x1a\xda\xbb\xa3\xf7\xe3\
\xcf<\xf3L\xb0#@.\x97\xab\xcf\x01\x10.\x22\xb7\
7\x12\x00m\xcc?\x08\xfd7\xff\x80\xcc\xe7\xf3\xfa\xd4\
SO\x99\x93'Oj\x8c\xc9\xff\x00\x00\x00\x00^\x03\
U\xf3\xf17\xbc\xe1\x9aQ\xff\xfd\xe9\xe9iS\x1f8\
\xce0\xc0\xf6F\x02\xa0\x8d\xd5\xf6\xe5\x0c\xde\xcf\xe7\xf3\
f||\x5c\xde\xf1\x1b\xfb\xee\x17\x91\xb1\xb0\xd7\x06\x00\
\x00\x00\xa0}\xa9\xc8\xd0H\xaf\xfd\xc8\xec\xecl\xec\xe8\
\xd1\xa3:55e\xb2\xd9\xac\xba\xaeK\x0c\xd9\xc6\xf8\
\xe5\xb5\xa9\xfa\x00\x8e#G\x8e\x98\xc9\xc9I-\x95J\
\xfa\xec\xb3\xcf\x9aX\xcc\xfc/a\xaf\x0d\x00\x00\x00@\
\xfb\x8b9\xe6c\xa7N\x9d\xd2\xf1\xf1q355\x15\
\xc4\x1f\x13\x13\x13\x96a\x80\xed\x8b\x04@\x1b\xab\xf7\xe1\
\x1c>|X\xcb\xe5\xb2\xbe\xf5\xd0\xd8\xed\x22\xb2/\xec\
u\x01\x00\x00\x00\xe8\x04:\xf6\xaf\xee|\xfb\xed\xb1X\
\xcc\xa6R\xa9M\xb3\x00\xd8\x16\xb0=\x91\x00hC\xd6\
\xda\xe0\xc0s]7\xe8\xfd_\x5c\x5c4kkk\xa6\
\xa7'\xf6\xb1\xb0\xd7\x06\x00\x00\x00\xa0st\xc5b\xff\
nyy9666\xa6\x93\x93\x93\xea\xc7 \xf5Y\
dh?$\x00\xdaOu\xe3\x7fkejj\xca,\
//\x07W\xff\xdfvpl\x9fQ\xfd\xdd\xb0\x17\x07\
\x00\x00\x00\xa0s\xa8\xeam\xfb_74\xbc\xba\xba\xaa\
\x87\x0f\x1f\x0e\xaa\x00\xea\x9f\x0ayix\x15H\x00\xb4\
\x19[\xbd\xfc/\xf5\xda\x9b\xc5\xc5\xc5`\xf8_w\x9f\
\xf3\xd1\xb0\xd7\x06\x00\x00\x00\xa0\xf3\xec\xbb6\xf9\xf1g\
\x9f}\xd6\x1c=z4\xa8@v]Wi\x01hO\
$\x00\xda\x8b\x1f\xf4\x07\x07[&\x93\x09\xf6\xe4\xf4\xef\
\xcc\xe5r1\xc71\xf7\x86\xbd8\x00\x00\x00\x00\x9dG\
\x8d\xf9\xd8\xda\xda\x9a\xf3\xde\xf7\xbe7\x88A\xea\xb3\x00\
\x18\x06\xd8~H\x00\xb4\x97\xe0\xea\x7f6\x9b\x0d\x0e\xb4\
\xc3\x87\x0f\xcb\xca\xca\x8as\xeb\x9b_\x7f\x1b[\xff\x01\
\x00\x00\x00\xb8\x1aTd\xe8\xf6\xb7\xbf\xfe\xb6o}\xeb\
[N\xb1X\xdc\xa8\x02\x08{]x\xe5ba/\x00\
\xafHp\xf5_U\xfd\xe0\xdf\x9c;w\xce\xa9T*\
\xda\xd3\xed\xfc~\xd8\x0b\x03\x00\x00\x00\xd0\xb9b\xb1\xd8\
}\x22\xf2\xfdB\xa1`r\xb9\x9c\x97L&UD\xe8\
\x03h3T\x00\xb4\x8fz\xf0\xaf\x99LF\x8f\x1e=\
*\xe5rYo\x18\xdf9b\x1c\xf3\xbe\xb0\x17\x07\x00\
\x00\x00\xa0s\x19c\xde\xf7\xb6\xb7\xdd<\xbck\xd7\xae\
`\x18`\xc3\xa7\xa8\x04h#N\xd8\x0b\xc0\xe5SU\
\x93N\xa7\xe5\xe1\x87\x1f\xf6oc\xb3\xb3\xb3N\xea\xfa\
]\x19c\xf4Ca\xaf\x0d\x00\x00\x00@\xe7R\x91\x9e\
\xbe\x1e\xe7\xc4\x0bgW\x9e\xde\xb5k\x97]\x5c\x5c\xb4\
\xdf\xfc\xe67\xf5\xc8\x91#255\x15\xf6\xf2p\x99\
\xc8\xd6\xb4\x8f\x8d\xed6\xd2\xe9\xb4\x99\x99\x99\x89\x15\x0a\
\x85\xd8\xbb\xdf\xf9\xc6\xaf\x18\x15*\x00\x00\x00\x00\x00\x5c\
U\xd6\xda\x1f~\xf9\xef~\xf8\xde\xf1\xf1\xf1\xf2\x03\x0f\
<P\xce\xe5rvrr\xd2\xab\x7f:\xe4\xe5\xe12\
P\x01\xd0\x06\xac\xb5\xea\xban}\xeb?\x93H$\x9c\
\xd3\xa7O;7\x8c\xef\x1c\x19\x1c\xec\xf9?\xc2^\x1f\
\x00\x00\x00\x80\x08P\x1dJ\xf4\x0f\xfe\xe7Db\xa0\xf8\
\xd3\x9f\xfe\xd4NMM\x11\xf4\xb7\x19*\x00\xdaDu\
\xfb\xff \x01\xe0\xa4\xd3ignn\xce\xb9no\xff\
\xfd\xddq\xe7\x7f\x0f{m\x00\x00\x00\x00\xa2a\xbd\x5c\
\xf9\xd8\xd4\x93'\xfe\xe6\xcdo~\xf3z\x7f\x7f\x7f9\
\x95J\xd9\x89\x89\x09[\xdf\xb1\x0c\xad\x8d]\x00\xda\x80\
\x1f\xfcg\xb3\xd9`\xf8\xdf\xf1\xe3\xc7\xf5\xe4\xc9\x93Z\
,\x16\xcd\x0d\xfb\xaf\xa7\xf4\x1f\x00\x00\x00@\xd3\xc4\x1c\
s\xef\x8e\x1d;\xfefaa\xc1\xbc\xf8\xe2\x8bFD\
<?\xf0\xb76(\x06\xa0\x22\xa0\xc5\x91\xa2iq\xb5\
\x03)\xb8\xfa\x7f\xf8\xf0ag\xc7\x8e\x1d\xe6\x9f\xff\xf9\
\x9fc\x03\x03\x03\xce[o\xde\xf5\xbc\x88\x0c\x85\xbdF\
\x00\x00\x00\x00\xd1`E\x16\x7f\xf6\xcb\xb3\x87\x8c\xe9\xcd\
/..VN\x9e<Y\x11\x11\xcfZ\xeb\xd5*\x96\
I\x02\xb40\xb6\x01lqZ\xd3\x98\xac\xd9\xbe}\xbb\
\xde\xf4\x86\x91;\x09\xfe\x01\x00\x00\x004\x93\x8a\x0c\x8d\
\xef\x1a\xb8\xa9X,\x9ar\xb9\x1c\xc4)\x99L&\x88\
Yj\x17/\xd1\xc2H\x00\xb4\x01\xd7u\xe5\xd1G\x1f\
\x95b\xb1\xa8O?\xfd\xb4\x99\x9d\x9d\xd5x<\xfe;\
a\xaf\x0b\x00\x00\x00@\xf4t\xc5\xba\xdew\xe6\xcc\x99\
 \x01p\xe0\xc0\x81 \xa6\xa4\x05\xa0=\x90\x00hq\
\xf5,\xdag?\xfbYS(\x14\xcc\xce\x9d;\xb5R\
\xa9\x18c\xf4\x9da\xaf\x0d\x00\x00\x00@\xf4\xc4b\xfa\
;\xfd\xfd\xfd\xce\xe8\xe8h\x10ONNN\xd6\xab\x96\
\xd1\xe2H\x00\xb4\xb6`\xf8_.\x97\xd3\xa3G\x8f\xda\
\xf1\xf1qy\xee\xb9\xe7\x9c\xdf|\xd3\xf8!\x11\x19\x0b\
{q\x00\x00\x00\x00\xa2H\xc7^\xff\xfamcg\xce\
\x9c\xd1r\xb9\xac\xe9t\xbazo\xb5\x0d\x80D@\x0b\
#\x01\xd0\xe2\x5c\xd7\x0dn\x0f\x1f>\xac\xa5R)8\
\x98\xfa\xfb{o\x0d{]\x00\x00\x00\x00\xa2k\xdb@\
\xcf\xef\x0c\x0c\x0c8\xbbv\xed\xd2d2i\xd2\xe9\xb4\
\xa1\x0d\xa0\xf5\x91\x00hQ\xfe\xc1\xe3\xbf\xb9\xae+\xa9\
TJ\xf7\xef\xdf\xaf\xd3\xd3\xd3\xa6\x5c.;\xc6Q\xb6\
\xff\x03\x00\x00\x00\x10\x9a\x98\xe3\xbco~~^\x96\x96\
\x96\x9c\xc9\xc9II&\x93\x1b\xdb\x97\x85\xbd6\x5cZ\
,\xec\x05\xe0\x926\xca\xff\xf3\xf9\xbc\xf8o\xb3\xb3\xb3\
:88h\x8c\xea\x8da/\x0e\x00\x00\x00@t\xa9\
\xea\x8d\x95J\xc5\xc9\xe5r\x95\x03\x07\x0eh}\x0e\x80\
\xad\x96\x01\x04\xef\x86\xbdF\xbc\x14\xd9\x99\x16e\xad\x0d\
\x0e\xa0t:m\xf2\xf9\xbc\x99\x9f\x9f\x8f\x15\x8b\xc5\xd8\
\xdb\x7fc\xff\x1d\xc3\x83\x89\xaf\x87\xbd>\x00\x00\x00\x00\
\xd1VX-\xfe\xde\x8f\x9e\xfa\xe5Twww\xe5\xd0\
\xa1C\x95\xfe\xfe\xfe\xf2\xa3\x8f>\xeaI5\x03@\x02\
\xa0\x05\xd1\x02\xd0\xc2\xac\xb5vyyy#I3<\
<\xac\xfd\x89x*\xdcU\x01\x00\x00\x00\x80HW\xcc\
\xb9\xc9\x8fQ\xfc\xf7\x9f\x7f\xfe\xf9\x8d\x80\x9f\xe0\xbfu\
\x91\x00hA\xf5\xc9\x99G\x8e\x1c\x09~?\x8b\x8b\x8b\
\xce\xfa\xfa\xbaY[[\xa3\xff\x1f\x00\x00\x00@K\x88\
9\xb1\xf7\xe5\xf3\xf9 V)\x14\x0a&\x9f\xcf\xd7\xb7\
\x03\xa4\xd2\xbcE\x91\x00hA\xaaj\x1b\x87g\x9c:\
u\xca\xd6n\xd5\xa8\xd0\xff\x0f\x00\x00\x00 tj4\
\xe5y\x9e\xb1\xd6\xea\xf8\xf8xp\x9f\xeb\xba\x1b\x03\xcd\
\xd1z\x9c\xb0\x17\x80\x97j\xe8\xff\xd7\x13'N8\xcb\
\xcb\xcb\xb1\xf5\xf5\xf5X\xfa\xedo<\x94\xe8\x8d\xff\x8f\
a\xaf\x0f\x00\x00\x00\x00T\xa4'9\xd2\xf7\xad\xf3E\
\x99\xed\xe9\xe9\xf1v\xed\xda%\xf9|\xde\x1e?~\x5c\
\xd2\xe9\xb4d\xb3\xd9\xb0\x97\x88-\xa8\x00hQ\xb9\x5c\
N'''\xe5\xc4\x89\x13\xb2g\xcf\x1ek\xad\xd5\xbe\
\xfe\x04W\xff\x01\x00\x00\x00\xb4\x8cD_\xcf\xad\x9e\xe7\
\x05\xd5\xcb~\xe0\x9f\xcf\xe7\xd5u\xdd\xb0\x97\x85K \
\x01\xd0bjW\xff\x83\xf7GFF\x82\xdf\xcf\xf3\xcf\
?\x1f\xdc\xc6\x1c}g\xc8\xcb\x03\x00\x00\x00\x80\x0d\xdd\
\xb1\xd8\x8d333\xe6\xe4\xc9\x93N\xa1P0SS\
S\xc10\xf3\x86\x8ef\xb4\x10\x12\x00-\xc8u\xdd\xe0\
h9z\xf4\xa8\x9c<y\xd2\x8c\x8e\x8e\xea\xc2\xc2\x82\
c\x8ca\x07\x00\x00\x00\x00\x00-\xc3\x18\xbdu``\
@\xf3\xf9\xbc\x96\xcbe}\xf0\xc1\x07\xf5\xc8\x91#\xa6\
6\x07\x80,@\x8b\xe1\x17\xd2b\xb6\xee\xff\xdf\xd3\xd3\
\x13\x9b\x9e\x9e\xee\xda\xbf\xff\x9a\xed\xd7\xef\x1b9\x19\xf6\
\xfa\x00\x00\x00\x00\xa0\xd1\xcf\x9f\x9b?0=\xfd\xab\xb3\
\x89Db}dd\xa4\x9cL&\xbdt:\xedML\
LX\xb6\x04l-T\x00\xb4\xa0z\xcfL2\x994\
g\xce\x9c\x91\xf9\xf9y\xdd5\xda{s\xd8\xeb\x02\x00\
\x00\x00\x80\xad\x92C\xdd7{\x9eg\xb6o\xdf\xae\xa5\
RI\x93\xc9$A\x7f\x8b\x22\x01\xd0bT5\x18\x00\
\xb8\xbc\xbc\xac333R\xa9Ttpp\xd0tw\
Q\xfe\x0f\x00\x00\x00\xa0\xf5\xf4\xf6t\xa7\xac\xb5z\xfa\
\xf4\xe9M\xf1%s\x00ZO,\xec\x05\xe0\xe2\x8a\xc5\
b\xd0C\xb3}\xfbv]XX\xd0\xaen\xe7\x1da\
\xaf\x09\x00\x00\x00\x00\xb6\xea\xearn\xb4\xd6\x9a\x9d;\
w\xda\x5c.g\x86\x86\x86\x8c\x88x\x22B%@\x8b\
\xa1\x02\xa0\xb5l\xa4\xc8J\xa5\x92\xee\xdd\xbbW\xce\x9c\
9c\x16\x17\x17\x8dQgo\xb8K\x03\x00\x00\x00\x80\
\x972F\x83\xed\xca\xfd\xd8e\xf7\xee\xddZ,\x165\
\x93\xc9\x84\xbd,\x5c\x04\x09\x80\x16\xe3\xba\xae\xa6R)\
=y\xf2\xa4LOO\x9b\xfe\xfe~\xa7Z=co\
\x0c{m\x00\x00\x00\x00\xb0\x95\xaa\xa6\xac\xb5\xc6\xf3<\
\xb3\xbe\xbenJ\xa5\x92>\xfc\xf0\xc3\xea\x7f\x8a\x9d\x00\
Z\x0b\x09\x80\x16311aO\x9f>\xad\xbf\xf9\x9b\
\xbf\xe9\x1f@\xba\xb8\xb8(o\xfd\x8d\xfd\x04\xff\x00\x00\
\x00\x00Z\xd6[n\xb9v\xaf\x1f\xec\x1bc6\xca\xfe\
\xad\xb5\xb4\x00\xb4\x18\x12\x00-\xc4?>TU\x8f\x1e\
=*g\xce\x9c\xb1\xa3\xa3\xa3\xda\xdf\xdfo\xfa\xe2\xf1\
\xb1\xb0\xd7\x06\x00\x00\x00\x00\x972<\xd8s\xeb\xe2\xe2\
\xa2\xa9T*\xa6X,\x9a\xe5\xe5e?\xb41\x0c\x02\
l-$\x00Z\x88\x7f\x84d2\x99\xe0\x08)\x97\xcb\
\x9a\xcf\xe7\xf5W\xbf\xfa\x95\xc6{\xba\xd9\x01\x00\x00\x00\
\x00@\xcbrb\xf1\x1b\x07\x06\x06txxx#\xe2\
\xcfd2B\x11@k!\x01\xd0\x22\x1a\x0f\x8c\xc3\x87\
\x0f\xcb\xce\x9d;\x83\x83g\xe7\xce\x9d\xc6\x18\xa1\x05\x00\
\x00\x00\x00@\xcbr\xd4\x0eZk\xcd\xb9s\xe7t}\
}=\x18d\xee\xdf\x9f\xcdf)\x01h!$\x00Z\
\x84\xd6jc\xf2\xf9\xbc>\xfe\xf8\xe3f}}]\xcb\
\xe5r\xf0\xfbq\x8c\xee\x09{}\x00\x00\x00\x00p)\
\xc6\x98`\xdbrk\xad\xce\xce\xceJ<\x1e\xb7~l\
\xe3\xba\xae0\x08\xb0u\x90\x00h\x11\xd6Z\xeb\x1f\x1c\
SSSA\xf9\xff\x993g\x82\xfd\xff=\xcf3\xaa\
J\x05\x00\x00\x00\x00\x80\x96\xa5*\xc1\x10@?~I\
&\x93\x9a\xcb\xe5\xcc\xc7>\xf61\xea\xff[\x0c\x09\x80\
\x16\x93N\xa7\x83\xdb\x1d;v\x04\x99\xb2\x1b\xdf\x98\xa4\
\xff\x1f\x00\x00\x00@\xcb;t\xf0\x9a1?\x86\x19\x1d\
\x1dU?\xae\x99\x9c\x9c\x14\xd7u\xc3^\x16\x1a\xc4\xc2\
^\x006\x04\xe51\x87\x0f\x1f\xd6r\xb9\xac\xa5R\xc9\
\xf8\xf7u\xc7\xe2\xc3a/\x0c\x00\x00\x00\x00^\xce\xf6\
\x91\x91\x9bD\xce\xfc\xf2\xe7?\xff\xb9\x14\x0a\x05]^\
^\xf6c\x1aOD\xa8\x04h\x11T\x00\xb4\x90L&\
\xa3\xc5bQ=\xcf\xd3\xb9\xb9\xb9\xa0\x02\xa0\xbf\xb7\x87\
\x0a\x00\x00\x00\x00\x00-\xcf\xe9\x92=~\x0c\xb3\x7f\xff\
~\xe3\xc74a\xaf\x07/E\x02\xa05\x043\x00\xf3\
\xf9\xbc\x96J%\xdd\xbe}\xbb\xfa\x07\x8e\xb5\xd6\xa8\xd1\
\xbda/\x0e\x00\x00\x00\x00^\x8e\xe3t\xed\xe9\xeb\xeb\
\xd3z\xf0\xbfc\xc7\x0e\x93J\xa5lm\xde9Z\x00\
\x09\x80\xd6\xb1qT\xfc\xf4\xa7?\x0d\x12\x00}}}\
\xe2\x18\x06\x00\x02\x00\x00\x00h}F\xed\xde\xf3\xe7\xcf\
\x9b\x99\x99\x19\xadT*\xfa\xfc\xf3\xcf[\xd7u\x8d\xeb\
\xbad\x00Z\x04\x09\x80\x16`\xad\x0d\x86c$\x93\xc9\
\xa07\xe6\xfa\xeb\xaf\x0f\x12\x00\x85BA\x8c\xd1\x81\xb0\
\xd7\x07\x00\x00\x00\x00/\xc71\xe6\xc6D\x22\xa1{\xf6\
\xec\x09\xaa\x00\x0a\x85\xc2F\xbc\xc9V\x80\xad\x81\x04@\
\x0b\xa8\x97\xc4LOO\x9b\x93'O\xea\xdc\xdc\x9c\xf5\
\x0f\x90D\x22\xe1\xa8*3\x00\x00\x00\x00\x00\xb4\x01;\
\xb8\xb2\xb2\x22\xa7N\x9d\xd2\xa1\xa1!S.\x97\xb5\xbe\
\x0b\x00m\x00\xad\x81\x04@\x8b\xc8\xe5r:00`\
\xf7\xec\xd9\xa3\x95J\xc5Xk\xf5u#}Ca\xaf\
\x0b\x00\x00\x00\x00.\x87\xaa\x0e\xfe\xc6\xcd\xe3c\xfd\xfd\
\xfdfnnNv\xee\xdc\xa9\xb9\x5c\xce\xb8\xae\x1bT\
=S\x05\x10>\xb6\x01l\x01\xfe\xc1\xe0\xdf\x1c9r\
\xc4Y^^\xd6_\xfe\xf2\x97\xfe}\xce\xde\xb1Q\xae\
\xfe\x03\x00\x00\x00h\x1bq\xa7{\xd0\xbf\x1d\x1e\x1e\xd6\
\xd9\xd9Y?\xd0\xb1\x99L\xc6\x0f\xfc\xad\xaa\xb2\x1d`\
\xc8\xa8\x00\x08Y=\x0bv\xe4\xc8\x11=~\xfc\xb8\xf8\
\x07\xc9\xdc\xdc\x9c\xff{\xb1F\x9d\xc1\xb0\xd7\x07\x00\x00\
\x00\x00\x97\xab\x7f\xa0\xfb\xc6\xf3\xe7\xcf\xeb\xfc\xfc\xbcx\
\x9e\xa7\xb5\x9d\x00\x82\x04@\xd8k\x03\x09\x80\xd0\xa9\xea\
\xc6\xb6\x18\xc9d\xd2\x0c\x0d\x0d9ccc\xfe\x1d\x1a\
\xef\x8e\xb1\x05 \x00\x00\x00\x80\xb6\xa1F\x86\xfa\xfa\xfa\
\x82\xa1\xe6\x95JEO\x9c8!\x07\x0f\x1e\xb4\x8d\xbb\
\x9e!<$\x00BV\xdb\xef_\xf2\xf9\xbc\x9e:u\
\xca\xce\xcf\xcf{\x0b\x0b\x0b\x9aH$\x8c\xaa\x92\x00\x00\
\x00\x00\x00\xd06bN\xec\x1ak\xad\x19\x1c\x1c\x0cv\
\x02\xf0\xef\xfb\xecg?[\x8f;I\x02\x84\x8c\x19\x00\
- \x9b\xcdj2\x994\x89DB\xfe\xe9\x9f\xfe\xc9\
,--I2\x99\x14\x13#\x01\x80\xf6\xa2*R.\
\x07[\xc0H\x22Q}y\xb1T{\xa1\x0d\x18\xa3\xb2\
\xb8X\x91\xf3\xe7\xcb\xe2\x18\xceM:\x8a\xb5\xd5\xd3\xcd\
\xa1.\x91^#\xe2u\xeak\x92V\x8bk\x17\xd6E\
J^\xf5\x05\xf9j\xf3\x1f[\xffx\x19\x89\x89\xc4;\
\xf8\xb1\xf5\x1f\xcb\x8a\xff\xd8\xae\x89\xac\xd9\xab\xfe\xd8\xda\
\xdaC\xeb8\x22}}\x22\xb1\x98\x88\xe7]\xd5o\x09\
\x5cYj\x83A\xe6\xf3\xf3\xf3&\x1e\x8fk\xb1X4\
oz\xd3\x9b\xca~\xcc\x13lu\xc6n\x00\xa1\x22\x01\
\xd0\x22\xa6\xa7\xa7\xed\xb9s\xe7\xcc\xe8\xe8hp\x90\x14\
\x0a\x055\xa2\xcc\x00@\xdb\x08\xce\x8f*\xc1{R\xae\
\xac\xcb\x8b\xe7\x0a\xa2$y\xd1&\xca\x15+;\x93q\
\xd97\xde%\x952g\xda\x1dEM5\x9a\x9a]\x15\
y\xa1,\xe2t\xe8\xeb\x92\x1f|\xfb?\xdb\xeb\xe2\x22\
\xfd\x8eH\xa5\x09\xc1\xb8\xd6\x82\xfe3+\x22\xf3\x95\xce\
~l\xbb\x8c\xc8\xeen\x91\xde\xe6<\xb6~\x80T\xa9\
XYX\xb0R*\x89\x18jv\xd1F\xba\x8c\x13\x0c\
2\x1f\x18\x18\xf0\xe3\x9a\xe0\x85azz\xda\xa4R\xa9\
J\xd8k\x03%\x18\xa1\xab&\xc1T\x1f|\xf0A\xe7\
\x9b\xdf\xfcf\xacP(t\x97\xcb\xe5\xaer\xb9\xdcs\
\xd7o\xbf\xf9IU\xd9\x13\xf6\x1a\x81\x97S\x0f\xfe\x0b\
\x05\x91\xb7\xbf=./\xce\xfdJ\xfe\xcf\xff\xf4l\xd0\
ed\xb8\x9a\x8a\x16\xe7y\x22\xa5\xb5\x8a\xfco\x9f\xb9\
N\xfe\xe7\x7f\xf7z9\xbfP\x12\xdb\xa1\x172#\xa9\
\xdb\x88\xacy\x22\xffCN\xe4\x1b\xb3\x22=N\xd8+\
\xba:\xd6\xad\xc8\x80#\xf2W7\x8a\xbc\xefu\x22K\
\xa5\xab\xfb\xfd\xfc\x97\xf6n\xa7Zq\xf0\xd1\x9f\x8a<\
1\xd7\xb9\x8f\xad\xff\xfc\xd9\xd1-\xf2\xc5C\x22\xef\xd8\
&\xb2|u\x1f[\xffojW\x97\xca\xdc9+\x7f\
\xfegk\xf2\xcc\xf1\x8a\x0c\x0e\xf2\xb7\x14\xed\xc3Z{\
\xea\xdb?\xf8\xd9\xdbJ\xa5\xd2Z,\x16[\xef\xeb\xeb\
[\x1b\x1a\x1a\xaa\xfc\xcb\xbf\xfc\xcbz\xfdk\xd8\x0d \
<T\x00\x84,\x9b\xcdjm[\x8c@\xe3\xc1@\xf0\
\x8fvP\x0f\xfeWVD\xf6\x8d\xab\xdc\xf7\xfb\x8e|\
\xf3\x1f\xcbA@U\xad\x99\x04\xdaC\xbcg]\x9c\x98\
#C\xdb\xb9\xd4\xd6Y\x1c\x91\xb2\x7f[\xaa\xbe&\x15\
;\xf8u\xa9T\x11\x19\xf1D\xe2\x8eH\xb2\x19\xcfc\
S\xbd\xea_\x8e\xc2c+\x22\xdb\xacH\x8f\xa9\xbe5\
\x81:\x22]\xb1zu\x1d\xd0>Tu\xcf\xca\xca\x8a\
8\x8e#\xdb\xb6m\xb3+++A\xac\xe3\xc7=\xae\
\xebZv\x03\x08\x17\x09\x80\x10\xd5\xb6\x00\xb4\x93\x93\x93\
\xea\x1f\x10ra(\xa0\xb9&9D\xf9?Z\xdeF\
\xf0_\x10\xd9\xb7O\xe5\xc3\xf7\xaa\xec\xbbN\xa4\xf2\xcd\
\x0e\xbd\x0a\x84\x8eV)\xfb'\xf5^\xf5J*\xa7&\
\x9d\xa3\xcbV\x7f\xa7\x12\x81\xd7%\xa3\x22\xa5\xda\xf3x\
\xad\x09Ob\xff\xb1]\xf3\xbfo\x04\x1e[\xc7\x88\xac\
J5ni\xcac\xab\xb2\xb6Z\xed>\xa0\x90\x0e\xed\
h|\xf7\xf6\xe1\xe7_\x98;{\xee\xdc9\xdd\xbf\x7f\
\xbf,..\xfa\xcfdc\xad\xad0\x03 \x5c\x5c\xe6\
\x08\x91\xaaZ?\xf0\x7f\xf8\xe1\x875\x97\xcb\xe9\xfa\xfa\
\xba\xf1<\xcf\xf4\xf5\xf5\xc9\x9e\xb1\x1dca\xaf\x0f\xf8\
u\x1a\x83\xff\xb1Z\xf0\x7f\xe3\xcd\xb5\xf3\xce\xf5\xb0W\
\x07\x00\x00\x80\xb0\x0c\x8f\xf6\x0e\xd5.v\xca\xa9S\xa7\
4\x1e\x8f\xdb\xdaV\x80\x08\x19\x09\x80\x90MLL\x04\
\x07B*\x95\x0an\x87\x86\x86dvvVc\x86\x01\
\x80h]\x9b\x83\x7f\x91\xbb\xfd\xe0\xff\x90HqU\x82\
R[\x12\xbb\x00\x00\x00\xd15\x98\xe8\x09Z\x99+\x95\
\x8aS\xdf\x0a\xf0\xc8\x91#a/\x0b\xb4\x00\x84.(\
\xfd_^^\xd6R\xa9\x14\x1c\x18\x8b\x8b\x8b\xd2\xd7\xd7\
\xa7\xdd\xb1\x18\x09\x00\xb4\xa4\xc6\x9e\xff\xb1}*w\xdf\
\xa3r\xb3\x1f\xfc\x17E\xca\xeb\x8c\x16\x05\x00\x00\x88\xba\
\xeeDw\xb0\x9d\xb9ju\xe7??\xd6\xc9d2a\
/\x0bT\x00\x84\xc7Z\x1b\xbc\xd5\x95\xcbe\xf5<O\
\xeb\xa52]]fo\x98\xeb\x03.fS\xcf\xff\x98\
\xca=\xf7\x11\xfc\x03\x00\x00`3U;T(\x14L\
=\xb6)\x16\x8b&\x9f\xcf\x07\x17?\xeb\xf7!\x1c$\
\x00\xc2\xa3\xaa*\xb9\x5cN\xef\xbc\xf3\xce \x13P\xa9\
T\x82\x83$\x91H\xa8\x133T\x00\xa0\xa5\x5c\xb4\xe7\
\xff\xa6j\xf0\xbf\xbe\x16\xf6\xea\x00\x00\x00\xd0*\x1cc\
\x06{{{\x83\x01\xe7\xc3\xc3\xc3\xda\xd3\xd3\xe3\xe5\xf3\
y\xe3\xba\xae0\x040\x5c$\x00BR\xdf\xee/\x95\
J\xd9\xc7\x1e{L\xc7\xc7\xc7\xc5\x18\x13\xdc\xb7\xb2\xb2\
\xa2\xaa\x0e\x15\x00h\x19[{\xfe\xeb\x03\xff\x8a\xab\x22\
\xeb\xeb\xf4\xfc\x03\x00\x00\xe0\x02\xe3\x98=\xfe)d_\
_\x9f\x99\x9b\x9b\x0b\xaa\x9d{zz\x82X\xa7\xb1\x0a\
\x1a\xcdG\x02 D\xfe\x93\xbf^\x01p\xf2\xe4\xc9\xa0\
\x05`pp\xd0\xbf\xdf\x18#T\x00\xa0%\xbc\xb4\xe7\
\xdf\xc8M\x87D\x8a%\x912\x03\xff\x00\x00\x00\xb0E\
\xbd\xcc\xdfq\x1c\xcf\x7f\x7f\xdb\xb6m\xe6\xe8\xd1\xa3a\
/\x0b\x0c\x01\x0cW6\x9b\xd5\xc9\xc9I;==m\
\xfc\xe0\xdf\xf3<\xb3\xb4\xb4\xe4\x1f,\xd6\xa8\x0e\x84\xbd\
>`S\xcf\xff\xf8\xe6\xb2\xff\xf2\x1a=\xff\x00\x00\x00\
x\xa9\x98\x89]\xe3\x07\xfe\xfe\x9b\xaa\xda3g\xce\xc8\
\xe1\xc3\x87e\xff\xfe\xfdA\xac\x13\xf6\xfa\xa2\x8c\x04@\
\x88j[\x00\xea\xd4\xd4TpP\xd4\xa7d\xae\xae\xae\
\xaaQ\xb6\x01D\xb8\xfc\xe0\xdf\xf3\x1az\xfe\xefi\xe8\
\xf9\xa7\xec\x1f\x00\x00\x00\x97`\x8c\x06-\x00KKK\
&\x16\x8bmT\x9d\xe7\xf3y\xce CF\x0b@\xc8\
\xa6\xa6\xa6\xcc\xf2\xf2rp \x8c\x8c\x8c\x04\xe5\xff\x89\
DB\x85\x04\x00BT\xbf\xf2_\xa0\xe7\x1f\x00\x00\x00\
\xafRm\x08\xa0T*\x15-\x16\x8b\x9cA\xb6\x00\x12\
\x00!\xcaf\xb3\xfa\xb1\x8f}\xcc...\x1a\xff\xa0\
8w\xee\x5c\xf0\xfb\xb0\xd6\x1aU\xd9\x13\xf6\xfa\x10M\
\x9bz\xfe\xc7\x1az\xfe\x8b\xf4\xfc\x03\x00\x00\xe0\xe5\xd5\
b\x19S(\x14d~~>\x98uv\xf0\xe0A\xa9\
_\xf8d+\xc0\xf0\x90\x00\x08\xd1\xc4\xc4\x84=~\xfc\
\xb8\xee\xd9\xb3'8\x00T\xd5\xfa\x07\x09\x10\x96M=\
\xff\xfbj\xfb\xfc\xdf\xc2>\xff\x00\x00\x00xev\xef\
\xde>\xd8\xd7\xd7\x17\x04\xfb;v\xec\x90\xa7\x9ez\xca\
\x0c\x0c\x0cXU\xdd\xd8\x11\x0d\xcdG\x02 DZ\xdd\
\x04\xd3\xcb\xe7\xf3\x9e\xff\xb1\xe7y\xa6\xaf\xafOo|\
\xe3>\xae\xfe\xa3\xe9^\xd2\xf3_\x1f\xf8\xb7Z\xdb\xe7\
\x9f\xe0\x1f\x00\x00\x00\x97id\xa0w\xc8\xbf\x1d\x1e\x1e\
\xb6g\xcf\x9e\xb57\xdcp\x03A\x7f\x0b \x01\x10\x22\
k\xad\x9d\x9a\x9a2cccAYL}Rf_\
_7\xfd\xffh\xaa\x8b\xf6\xfc\xdfD\xcf?\x00\x00\x00\
^\xad\xb2\xf4\xf6\xf6n\x9cE>\xf3\xcc3\xf5\xf2\xff\
\xe0\x0d\xe1 \x01\x10\x12?\xd0\xcff\xb3\x9aN\xa7\x83\
\x83\xc1\x18c\xeb\xa50\x8e\xeap\xd8\xebCt\xd0\xf3\
\x0f\x00\x00\x80+mtxpo\xa1P\xd0\xf9\xf9\xf9\
`\xcb\xf3\xfa\xfdZ\x13\xee\xea\xa2\x8b\x04@\xc8\xa6\xa6\
\xa6d\xdb\xb6m\xc1A100\xa0\xbd\xbd\xbd\xfe\xe1\
@J\x0cMA\xcf?\x00\x00\x00\xae\x06\xa7\xba\xab\x99\
\x7f6\xa9\x95Je#\xeet]\x97\x0a\x80\x10\x91\x00\
\x08\xc1\xd6\xa9\x97\xdd\xdd\xdd\xc1\xfe\xffKKK\xba\xb2\
\xb2\x22\xbd\x8983\x00p\xd5]\xb2\xe7\xdf\x0f\xfe\xe9\
\xf9\x07\x00\x00\xc0k`b: \xb5\xd8gttT\
\xca\xe5\xb2^w\xddu\xea\xban\xd8K\x8b4\x12\x00\
!PU\x9b\xcdf7\x9e\xfc\xf1x\xdc6f\xc5\xd4\
\x11f\x00\xe0\xaa\xfa\xb5=\xff\x04\xff\x00\x00\x00x\x8d\
T\xd5\xf8\xc1\xff\xf9\xf3\xe7\xed\xdc\xdc\x9c\xec\xdc\xb9S\
\x9f}\xf6Y[\xfb\x5c\xd8\xcb\x8b,\x12\x00!\x99\x98\
\x98\x08\x86\x00^w\xddu:33####\xc1\
\xfd\x89DB\x1d5$\x00p\xd54\x96\xfd\x8f\x8d\xa9\
|\xf8\xde\x0b=\xff\xeb\xf4\xfc\x03\x00\x00\xe0\x0a\xe8\x8a\
u]\xa3\xaav` (\x04\x90\xd9\xd9Y\x9bL&\
M&\x93Q\xd7u9\xe3\x0c\x09\x09\x80p\xf8Ox\
{\xe4\xc8\x11s\xf4\xe8QY[[\x0b~\x0f\xfe\xc1\
\xb1\xb2\xb2\xa2\xfcZp\xb5l\x0a\xfe\xc7U>|\x8f\
^\x18\xf8\xc7\xb4\x7f\x00\x00\x00\x5cA\xd6\xdaM\x81\xcd\
\xf4\xf4tP\x01\xe0\xba\xae\xdd\xda\x16\x8d\xe6\x88\x85\xbd\
\x80\xa8\xcaf\xb3\xc1\x13\xbeX,\xea\xbe}\xfb\xec\xec\
\xec\xac,--\x05C2\x1cG\xf6\x86\xbd>t\x9e\
\xa0\xe7\xbfr\xa1\xe7\xff\x9e\xc6\x9e\x7f\x06\xfe\x01\x00\x00\
\xe0\x0a2\x8e\xdd\xdb\xdb\xdbkK\xa5\x92\x19\x1c\x1c4\
\xe5rY\x8e\x1e=\xaaw\xdey\xa7\xa6R)UU\
/\xec5F\x11\x97\x9a\xc3a]\xd7\xb5\x99L&\xf8\
`mmM\xcb\xe5\xf2\xc6\xef\xc2r(\xe0\x0a\xdb\xe8\
\xf9_\xb9D\xcf?\x00\x00\x00p\x85\xad\xac\xac\x041\
\xce\xfc\xfc\xbc\xae\xaf\xaf\x9bT*%\x13\x13\x13^m\
\x16\x1a\x97\x9fB@\x05@\x08\xea\xe5.\xaa*\x07\x0e\
\x1c\xd0\xc5\xc5E\xbb\xbc\xbc,\xf5m2\x8cS\x9d\x98\
\x09\x5c\x09\x8d\x03\xff\xf6\xd5\xa6\xfd\x07e\xff\xab\xf4\xfc\
\x03\x00\x00\xe0\xea0j6\xc54\x8e\xe3\xd8\x5c.'\
G\x8e\x1cQk\xad\xa7\xaa\xec\x05\x18\x02*\x00B\xe0\
?\xd9\xb5:\xfaRO\x9e<i=\xcf\xd3m\xdb\xb6\
y\xd6Z\xff`P\xa3$\x00pel\xda\xe7\x7f\x5c\
\xe5nz\xfe\x01\x00\x00\xd0\x04\xaaf\xa8\xa7\xa7'8\
\xdb\x5c\x5c\x5c\x94J\xa5\xa2\xa9Tj\xe3\xf3\xcc\x00\x08\
\x07\x09\x80\x10\xf8Ov\xd7u\xe5\xc1\x07\x1f\xd4z\x1b\
\xc0\xdc\xdc\xdc\xc6\x01`\xc5\xf2{\xc1k\xb6i\xe0_\
\xed\xca\xff\xcd\x87\xe8\xf9\x07\x00\x00@3x\xb2\xba\xba\
\x1a\x5c\xe0\x1c\x1e\x1e\x0e.z&\x93I\x93\xcf\xe75\
\x9b\xcd*\x15\x00\xe1 \xd0\x0c\x81\xffd\x9f\x98\x98\xb0\
\xbbw\xef\xb6?\xfe\xf1\x8fu\xd7\xae]288X\
o\x0b\xb0[\xcbe\x80Wj#\xf8o\xe8\xf9\xbf\x89\
\x9e\x7f\x00\x00\x004\x891\xe6\x9az\x90?<<,\
ccc^2\x99\x0c\xa6\x9d\xf9\xb1\x10\x97\xa3\xc2\xc1\
\x0c\x80\x10Xk\x83\xac\xd7\xd4\xd4\x94\xc4\xe3q{\xea\
\xd4)-\x16\x8b\xd2\xdb\xdb\xab\xe7\xcf\x9f\xf7\x0f\x85\xc1\
\xb0\xd7\x88\xf6\xb5\xb5\xe7\xff\xeez\xcf\xff\x0a=\xff\x00\
\x00\x00h\x1e?\xee\xe9\xeb\xeb\x93\xb9\xb99S(\x14\
\xcc\xe2\xe2\xa2\xee\xd9\xb3\xa7\xbe#\x1a\xa3\xcfC@\x05\
@\x08\x1a\xcb]\xfc\x03\xc1\xbf\x1d\x19\x19\xb1+++\
/\xd9+\x13x%6\xf5\xfc\xef\xab\xf6\xfco\x94\xfd\
71\xf8\xb7\x96\x8a.\xb4\x9f\xdah\x96\xea\x81b\x9a\
\xf4\x06\x00@g3[{\xfd\xa7\xa6\xa6\xc2[\x0dH\
\x00\x84\xc5u]\x9bN\xa7\xbdX,\x16DJ\xf3\xf3\
\xf3\x9aH$\xfc\x83\xc3\x1a\xd5k\xc2^\x1f\xdaO\xcb\
\xf4\xfc\x1b\x91\xd2Z8\x09]\xed\xf0\xf2\x06'b\x01\
\xa3\xe34\xf7\xe7\xed\xed\xf5\xff$v\x8b\xc4\xbaDb\
\xb1&\xbcu\x89t;\xe2q\xfd\x03\x00\xd0\x81j1\
Mp\x91\xd37::\xaa'O\x9e\xd4t:-\xb5\
m\x00\x11\x02Z\x00Bb\xad\x95;\xee\xb8\xc3\x94\xcb\
\xe5\xe0\x0c\xd7\xf3<S;8H\xca\xe0\x15\xdb\xdc\xf3\
_\xdb\xea\xef\xe6p\xb6\xfa[[\xf5dlO\x8f\xdc\
t\xd3\x80\xf4\xf4\x18\x895!\x88\xeb\x8e\x1b\xf9o\xcf\
\x17e\xfa\x97+W\xfd{\x85\xa9\xe2Y\xd9\xbd;.\
\x07\x0e\xf4Jy\xddJ\xa7\x16Ztw\x1b\xf9\xc5\xf4\
\x8a\x9c:Ul\xea\xf7=\xfe\xb3\x82\xfc\xe2g\xb3\x92\
?\xbbv\xf5\x1f[\xeb\x1f\x9bV\xae;\x90\x90\xd7\xed\
M\x88\xac\x93\x05\x00\x00t\x9ex<n\xba\xba\xba\xcc\
\xda\xda\x9a\xcc\xcd\xcd\xd9\xf1\xf1\xf1\xe0~\xd7uI\x02\
\x84\x84\x04@8\x82\x88hyyYw\xed\xda\xa5O\
>\xf9\xa4\x19\x1c\x1c\xb4\xbd\xbd\xbdr\xfe\xfc\xf9h]\
\xe2\xc3k\xd6j=\xff~\xf0\xf4\xff{\xcfv\xf9\x9d\
\xf7&\x9bRu\xe0\x7f\x8b\xfe\xa1\x1e\xf9\x8f\xff\xf1\x17\
\xf2\x87\xff\xf6\xe7W\xff\x1b\x86,\xf3\xc1\x9d\xf2\xc7\x7f\
\x92\x92\x95\xf3\xa5\x8e\xbcr\xac\xaa\xd2\xdb\xd7-\x9f\xfe\
\xf43\xf2\xc7\x9f\x9bi\xe2\xf7\x15\xf9\xfc\x17~%_\
y\xf4\x05\xb1\xde\xd5\xcf\xac\xf8\xbf\xbbb\xc9\x93?\xfd\
\x93\xeb\xe5\x7f\xfa\xf8\xebE\xb4\x14$\x05\x00\x00\xe8$\
\xa5R\xc9\xae\xaf\xaf\xdbX\xac\x1av\xce\xcc\xcc\xc8\x03\
\x0f<\x10\x0c\x01$\x01\x10\x0e\x12\x00!\xa8\xf7G\x0f\
\x0c\x0c\xd8\x99\x99\x19\x9bJ\xa5\xec\xf2\xf2\xb2={\xf6\
\xac\x1c\xbcn\x17\xe5\xff\xb8l\xad\xd2\xf3\xdf\xa8\x5c\xb6\
22b\xa4w(!\xcd\x8bhzd\xdbHW\x93\
\xbeW\xb8\x06\x86b\xd2\x15\xef\x91\xa1x\xa7\x16\x0bi\
P\x86?4\xd4\xdc\xdf\xa7\xaa\xca\xeaj%xk\xa6\
\xa5\xa52C\x90\x01\x00\x1d+u\xfd\xeek\x9e9\xf1\
\xc2\xb4\xff\xfe\x8e\x1d;$\x95J\x05\xf7g\xb3Y\xf5\
c\x22\xb6\x02l>\x12\x00\xcd\xa7\xfe\x89\xa6\xeb\xbaz\
\xddu\xd7\x05}0\xb3\xb3\xb3\xda\xdd\xdd\xed\xf8\x9fs\
\x9c\x18g\x82\xb8,[{\xfe\xef\xb9O\xe5\xc6\x9b\xc2\
\xdf\xe7\xdf\x18\x91\xb5\x92\x95^\x7f\x11M\xb8\x92\x1a\xe8\
vdu\xb5\x03/\x87_D\xa9\xe8\xff\x9c\xe5j\x86\
\xa7Y\x8fo3\xf9O\xec.\x95b\xb1\xb9\x81\xb8\x17\
\xd2c\xd9\xd3\xb1\x89\x1c\x00\x00D\x1c\xa7\xa7\xde\xee\xec\
\xf81O\xa1P\x08\xee\x9f\x98\x98\xb0\x9d>\xbb\xa9U\
\x91\x00h>[\x9b\x84i\xdf\xfc\xe67\xcb\xde\xbd{\
\xe5\xc4\x89\x13\xb2\xbc\xbc,\xbd\xbd\xbdR.[\x8e\x04\
\xbc\xac\x8b\xf5\xfc\xdfx3[\xfd\x01\x00\x00\xa0u\xac\
\xdbu\xf5c\x9cx<\xee\xad\xae\xae\xea\xda\xda\x9a\xa9\
\xed\x02\xa0M,\x15E\x03.=4_P\x01P\xdb\
\xfbR\x9e|\xf2\xc9\xfa\x13?\xb8\xed\xeb\xef\x19\x08u\
uhy\x9b\xae\xfc\x8f\x85\xdf\xf3\x0f\x00\x00\x00\x5cL\
\xac\xba\xed\xb9.--m\x9c\xa1\xe6\xf3\xf9 \x06e\
\xdb\xe8p\x90\x00h>\xdb\xf8d\x7f\xef{\xdf\xbb\xf1\
A\xa1P0]]:\x18\xd6\xc2\xd0\xfa\xb6^\xf9o\
\x85\x9e\x7f\x00\x00\x00\xe0b\x06\xfa\x12\xd7\xf4\xf6\xf6J\
\xb0\xd5\xb91\xc1[.\x97\x8bF\xdff\x8b\x22\x01\x10\
\xa2\x81\x81\x01{\xec\xd81\xc7\xf3<\xad\x97\xc1\xc44\
F*\x0c\x17\xb5i\xe0\xdfX\xb5\xe7?\x94}\xfe\x01\
\x00\x00\x80\xcb\xe0T\xaf~\xea\xc0\xc0\x80\xfa1\x8f\xff\
\x96J\xa5\x88AC\xc4\x0c\x80\x10-//\xeb\xe9\xd3\
\xa7\xed\xc8\xc8\x88\xfa\x07\xc6\xea\xea\xaa\x94m\x990\x0e\
/\xb1u\xe0_\xd0\xf3_\x1b\xf8\xb7\xbe\xce\x95\x7f\x00\
\x00\x00\xb4 Gduu\xd5\xae\xad\xadiWW\x97\
\x1ac\xec\xad\xb7\xdej\xa7\xa6\xa6\x8c\x88x\xc1p4\
Nd\x9b\x8a\xecK\x08\xb2\xd9\xac\xe6r\xb9\xe0\x99>\
>>n\xb7m\xdb\x16\x5c\xf5O$\x12A\x96\x0ch\
\xb49\xf8\x97j\xf0\x7fH\xa4\xb8J\xf0\x0f\x00\x00\x80\
\xd6\xe5hl\xb0\xb7\xb77\xd8\xee\xcf\x7f;p\xe0\x80\
\xfd\xd1\x8f~\xa4\xdf\xfb\xde\xf7h\x03\x08\x09\x09\x80\x10\
\xb8\xae\x1b\xdc\xdey\xe7\x9dvmm\xcd\x9c={\xd6\
\xf8\x07D\x22\x910]]]{\xc2^\x1fZ\xc7K\
{\xfeMu\xe0\x1f=\xff\x00\x00\x00hq\xea\xc8P\
\xad\x05@\x86\x87\x87\xf5\xd9g\x9f5\xa5RI\xb3\xd9\
\xac\x99\x98\x98\xa0\xf59\x04$\x00\x9a\xcc?\x00\xac\xb5\
6\x95J\xd9\xc9\xc9IS\xa9T\xd4\x0f\xfe\xad\xb5f\
uu\xd5:\x8e\xe1@@`S\xcf\xff\xbe-=\xff\
k\xf4\xfc\x03\x00\x00\xa0\xb5\x19\x13lq\xae\xa7O\x9f\
\x0e\xe2\xce\xd3\xa7OK<\x1e\xb7\xb9\x5c\xcej\xb5\xf6\
\x9f3\xda&#\x01\xd0d\xb5\xf2\x97\xa0\x05\xa0T*\
\xe9\xec\xec\xac\x1d\x19\x19\xb9\xf0\x05\x96\x83\x00\xd5\xe0\xdf\
\xf3\x1az\xfe\xefi\xe8\xf9'\xf8\x07\x00\x00@\x1bP\
q\xec\xea\xea\xaa\xdd\xb9sg\xf0\xf1\xee\xdd\xbb\xe5\xd6\
[o\x0d.x\xd2\xff\x1f\x0e\x12\x00M\xe6?\xcf\xeb\
{\xfe\x0f\x0d\x0dy\xfeA077\xb7\xf1\xcc\xafx\
\xb4\xc3D]\xfd\xca\x7f\xa1\xb1\xe7\xfffz\xfe\x01\x00\
\x00\xd0\x96\xd4\xf3<S.\x97\x8d1\xc6\x1e=zt\
\xe3\x13\x8d\xdb\xa3\xa39H\x004Y\xad\xdc_R\xa9\
\x94\xff\xe4\xd7J\xa5\xa2\x0b\x0b\x0b\xd2\xd7\xd7'\xab\xab\
\xab\xa6'\xdeuM\xd8kDx6\xf5\xfc\x8f5\xf4\
\xfc\x97\xe8\xf9\x07\x00\x00@\x9bQ\x1dH$\x12~\x9c\
\xe3-//{\xa3\xa3\xa3\xa6X,\xea\x85O+\x19\
\x80&c\x1b\xc0\x10\xa8j\x90\xed\x9a\x9c\x9c\x14\xc7q\
\xa4T*I\xa1P\x90\x91\x91\x11\xa1\x00 \xba6\xf5\
\xfc\x8f\xeb\x85+\xff\xf4\xfc\x03\x00\x00\xa0\x0du\xc5\xcc\
\xe0\xea\xeaj\xb0\xdd\xf9\xd0\xd0\x909{\xf6\xac\xbd\xf5\
\xd6[%\x93\xc9\x04;\xa3\xd5\xbe\x8c$@\x13Q\x01\
\x10\x02\xd7u\x83\xc9\x97\xfe\xfb}}}\xde\xf0\xf0p\
\xbd5@\x94F\x98H\xbad\xcf\xff*=\xff\x00\x00\
\x00hkv\xc7\x8e\x1d\xc1\xe0\xf3J\xa5\xa2\xc7\x8f\x1f\
\x97\x87\x1f~88\xbb\xb5\xf4\x004\x1d\x09\x80\x90\xe4\
r9{\xf0\xe0AY[[\xd3\xb9\xb9\xb9\xe0\xf7\xb0\
\xba\xbaJ\x98\x17A\xf4\xfc\x03\x00\x00\xa0S\xc5\xe3q\
S(\x14dxxX\xf6\xef\xdf\xbf\xa9\xde\x99k\x9f\
\xcdG\x0b@\x93\xd5\x92\x5c\xf6\x8e;\xee0\xf9|^\
\xce\x9e=\xab\x8d\xbd/d\xc1\xa2\xe5\xa5=\xffZ\xed\
\xf9_\xa5\xe7\x1f\x00\x00\x00\xed\xcdZ\xd5R\xa9d\x8d\
12??\xaf\xab\xab\xabf``\xc0K&\x93\xc4\
<!\xa1\x02\xa0\xc9T\xb5\xb1\xdf%\xb0\xb8\xb8\x18\x0c\
\x01TUkT\x87\xc2[\x1d\x9a\xe9\xa2\xfb\xfc\xdfR\
\xeb\xf9_\xa7\xec\x1f\x00\x00\x00\xed\xcd\x18\x19\xf0o\xfb\
\xfb\xfb\x83\x80\x7f\xfb\xf6\xed\xfa\x867\xbc!\xf8\xdc\xc4\
\xc4\x04I\x80\x10\x90\x00\x08I:\x9d\x96R\xa9\x14\x84\
xccc\xc1\x10\xc0\x9e\x9e\x1eqb:\x10\xf6\xda\
p\xf5\xbd\xa4\xe7\xff^\xf6\xf9\x07\x00\x00@g1F\
\x07\xad\xb5z\xfe\xfcy\xf5o\x1d\xc7\xb1\xfd\xfd\xfd6\
\x9f\xcfs\xb6\x1b\x12\x12\x00M\xe6?\xf1'&&l\
.\x97\xb3oz\xd3\x9b\x82\xac\xd7\xe2\xe2\xa2\x14\x0a\x05\
\xff\xa00b\x09\xfd:\xddE{\xfe\x1b\x06\xfeQ\xf6\
\x0f\x00\x00\x80N`\xfd\xe0\xa6\xd6\xeel\x8c\xf1*\x95\
\x8a>\xf5\xd4S&\x9dN\x87\xbd\xb4\xc8\x22\x01\xd0d\
\x8d\x83.\xce\x9f?\xaf;w\xee\x94\xa1\xa1!I&\
\x93R,\x16E\x94m0:Yc\xd9\x7f\xd0\xf3\x7f\
om\x9f\xff\xa2\xc8:=\xff\x00\x00\x00\xe80\xd6Z\
-\x14\x0a\xe2y\x9ey\xf1\xc5\x17\x83\xfb\x0e\x1e<h\
\xe5\xc2|44\x11\x09\x80\xe6\xb3\xd9lV\xf3\xf9\xbc\
\x9e8qB\xce\x9c9\xa3\xb1X\xcc[YY\x11\x0a\
\xbf;\xdb\xa6\xe0\x7f\x5c\xe5\xc3\xf7\xa9\xdc|\xe8B\xcf\
?\xc1?\x00\x00\x00:\x89\xd6\xc2\x9b\x1d;v\xc8\xf0\
\xf0\xb0\xdd\xb5k\x97\x1d\x1f\x1f\x0f\xb6\x01\xf4c\x22v\
\x01h>v\x01\x08\xc1\xc4\xc4\x84}\xec\xb1\xc7\xb4\x5c\
.\xab1\xc6\x9e={\xd6I$\x12z\xfe\xfcyk\
\xbd\xb0W\x87\xabak\xcf\xff=\x0d=\xff\x0c\xfc\x03\
\x00\x00@'\xf2\xac\xad\xef\xf7\xaf\x8b\x8b\x8b\xc1\xb6\xe7\
KKK233#SSSR;\x0b\xa6\x0c\xa0\
\x89\xa8\x00\x08A6\x9b\xd5\xa3G\x8f\xdaX,f\x1d\
\xc7\xb1\x83\x83\x83\xfe\xc1`{zz\xac%\x14\xec8\
/\xd7\xf3\x0f\x00\x00\x00t\x22S\x0dm\xcc\xca\xca\x8a\
\x1d\x19\x19\x09*\x00n\xb8\xe1\x06\x9bN\xa7\xeb\xdb\x9f\
\x13\xfc7\x19\x15\x00Mf\xabY\xb0\xa0\x02`qq\
Q\xd6\xd7\xd7\xcd\xda\xda\x9a\xed\xed\xed\x95\xe5\xe5eu\
\x1ca\x17\x80\x0e\xd2\x18\xfc\xef\xabM\xfb\xaf\xef\xf3O\
\xcf?\x00\x00\x00:\x99\x8a\x0c\xc4\xe3q)\x97\xcb\xea\
y\x9e\xce\xce\xce\xca\xd2\xd2\x92>\xf0\xc0\x03a/-\
\xb2\xa8\x00h\xbe \xcb500\x10\xdc\xee\xda\xb5\xcb\
z\x9egVVV$\x1e\x8f\x1bU\x1d\x0c{\x81\xb8\
26\xed\xf3?\xaer\xf7=\xba1\xf0\x8f\x9e\x7f\x00\
\x00\x00t:ut\xb0T*m\x5c\xe5\xf7<Oo\
\xb8\xe1\x86\xe0\xe3l6\xcb\xd9p\x08H\x004\x9f\xd6\
\x9f\xec\xe5rY\xcf\x9c9\xa3\xc6\x18/\x91H\x98\xc6\
\x83\x03\xedm\xd3\xc0\xbf\xda\x95\xff\xc6\x81\x7f4z\x00\
\x00\x00 \x22\x823\xdf\x85\x85\x85\xe0\xf6\xe9\xa7\x9f6\
\x8f=\xf6X\xb05z\xd8\x0b\x8b\x22\x12\x00MV\xdf\
\x07\xb3\xceZ\xab\xfe\xdb\xea\xea*\xe3\xff:\xc4F\xf0\
\xbfr\xa1\xe7\xff&z\xfe\x01\x00\x00\x10Q~\xbc\xe3\
\xc7A;v\xec\x90\x03\x07\x0eP\x01\x10\x22\x12\x00\xcd\
\x17d\xbbjS/\x03\x03\x03\x03\xda\xdb\xdb+\x0c\xc1\
h\x7f\x9b\x06\xfe\xb1\xcf?\x00\x00\x00\x10\x5c\x04\xed\xef\
\xef7g\xcf\x9e\xb5\x89D\xc2\xdey\xe7\x9d\xd6u]\
b\x9f\x100\x04\xb0\xc9\xac\xb56\x9b\xcd\x9a\xc3\x87\x0f\
\xeb\xd1\xa3Ge\xe7\xce\x9d\xde\xf2\xf2\xb2-\x97\xcb\x1a\
\x8f\xc7I\xc8\xb4\xb1M=\xff\xfb\xaa=\xff\xec\xf3\x0f\
\x00\x17a\xb4y\x97 \xfc\x17_\xff\xfbE\xe5E\xd8\
\xd4\xfe\x13k\xc2\xcf\xbb\xf1\xd8^\xfdo\xd5\x12\x1c\xad\
V27\xeb\xb1u\xae\xfe\xb7\x01\xae\xbe\xe0E)\xa8\
x\xf6c\x9e\xee\xeens\xe2\xc4\x09y\xdb\xdb\xde&\
l\x01\x18\x0e\x12\x00M\xa6\xaab\xad\x95\x5c.\xe7\x9d\
;w\xce)\x14\x0aZ\xbb\xdf\x96J\xa5\xb0\x97\x87W\
\xe9b=\xff7\xddL\xcf?\x00\x5cT\xcc\xd4N\x0a\
\x9bq\xde\x17\xab\x9e\xed8\x11x!\xf6\x7f\xc4^?\
jtDL3\xa2\xc7\x98H\x97\x17\x8d\xc7\xd6\xa8H\
\xc2\xa9\xfe\xcc\xa6\xdc\x84o\xa8\x22=\xb6\xfa}\x09\x8f\
\xd0\xd6<\x89\xc7\xe3v}}]\x87\x87\x87\xed\xf0\xf0\
\xb07::\xaa\x8f=\xf6\x98\xba\xae+\xfe\x1b\x9a\x8b\
\x04@\x08\xb2\xd9\xacLNNJ:\x9d\x96\x5c.\x17\
\xb4\x00\xcc\xcf\xcfG\xe0\xafgg\xda\xdc\xf3\xdf\x10\xfc\
\xb3\xd5\x1f\x00lV\xbf\xf2\xff_\x17DN\x14j\x01\
\xd5U\xd6eD\x8a\x9e\xc8s\xabW\xff{\x85\xad\x22\
\x22\xdf\x9d\x13Y\xb3\x22\x0b\xebW\xff\xfb\xc5\x8d\xc8\xfc\
\xba\xc8\x99\x08\x0c\xb8Y\xf3D\xfe\xef\xb3\x22/\x96D\
\x16\x9a\x90\x00\x88\xf9\xbfC\x15\x99\xeb\x15I\xc4\x82 \
\x0ahW\xc5b\xd18\x8e#\xf3\xf3\xf3fuuU\
\x97\x96\x96\xe4\x81\x07\x1e\xa8\xa7\xb6\xa8\x02h2\x12\x00\
Mfm\xf0\xfc\xf6\xffc\xbe\xf0\x85/H>\x9f\xd7\
\x81\x81`\xeb\x7f\x8d\xc7\xe3a/\x0f\xaf\xd0\xd6}\xfe\
\xef\xae\xef\xf3\xbfB\xf0\x0f\x00/aTd\xdd\x8a\xfc\
\xd9\x8c\xc8W^\x10I4\xa9\x0f\xc0\xff\xab[\xf2:\
\xff4\xb3T\x11\xf9\xec/D\xfe\xa4\x89W\x8d\xbdZ\
p\xdc\xc9\x8f\xad\xff\xb3-\x95E\x1e:Q-\xcbo\
\xc6\xcf\xe9Y\x91\xaen\x91\xb7\x1e\x14I\x8e\x88\x94\x22\
\x90dA\x872\xa2\xaa\x9e\xff644d\x87\x86\x86\
\xa4P(\xc8\xd4\xd4Tp1\xd4V\xa7\x03\x86\xbd\xc8\
H!\x01\xd0d\xf5\x16\x00\xffI\x1f\x8b\xc5\xec\xf6\xed\
\xdbemm\xcd\xffSB\x0b@\x9b\xf9\xb5=\xff\x04\
\xff\x00\xf0R\xfe\x0b\xa3\xb5\x22\x8b\xe5j\x80S\xa84\
\xf7\xfb\x9b\xda\xf7\xefDZ\x0b\xc6\xc3\xdaT\xa8\x93\x1f\
[\xa9\x05\xe4\xabM~\xbe\xae\x95\xabU\x1d\x86\x13\x0a\
\xb4/#v\xb0>\x03`qqQO\x9d:\x15\xec\
\x02\xb0\xbc\xbc\x5c\x7fbwr\xfa\xb0%1t.D\
'O\x9e\x0c\xb6\xc3\xb0\xd6\x9aZ\x05\x805\xc6\x5c\x13\
\xf6\xba\xf0\xf2\xb6\xf6\xfc\xdf\xc3>\xff\x00p\x19l\xf5\
\xf5\xb1\x19\xa5\xff\x17\xe3u\xf09f\xd8?\x1a\x8f\xed\
\x95\xd7ej\xa32:\xf8\xb1E\xe73:P\xdf\x02\
\xd0\x7f\xbb\xf9\xe6\x9b\x83\xe1\xe7w\xdeyg\xf0\xc4\xe6\
\xea\x7f\xf3\x91\x00\x08A6\x9b\xd5t:\x1d\xbc_\xa9\
T\xcc\xf2\xf2\xb2\xed\xed\xed\xa5\x02\xa0M\x5c\xac\xe7\xff\
\xc6C\xec\xf3\x0f\x00\x00\x00lVM`Yk\x8d\xb5\
VO\x9f>m\xde\xf2\x96\xb7xSSSR\xdb\x06\
\x90\x0cW\x93\x91\x00\x08\xc1\xc4\xc4\x84\xad\xf7\xbd\x18c\
\xec\xe0\xe0\xa0]YY\x91Z%\x00Z\xd8K\xf7\xf9\
\xa7\xe7\x1f\x00\x00\x00\xb88\x0dv;\xeb\xed\xed\x95\xea\
\x05\x7f\xb5?\xfe\xf1\x8f\x833f\xd7u9s\x0e\x01\
\x01gH\x92\xc9\xa4\x99\x9a\x9a\x92m\xdb\xb6\xf9\x81\xbf\
\xd6\x0f\x88\xb0\xd7\x85Kk\xbc\xf2O\xcf?\x00\x00\x00\
\xf0\xf2j\xb1\x8e\x0c\x0e\x0e\xdaJ\xa5b\xf6\xec\xd9\x13\
|\x9c\xcb\xe5\xb4\xfe94\x0f\x09\x80\x10d\xb3Y\x1d\
\x19\x19\xb1\xe3\xe3\xe3r\xee\xdc\xb9\xe0\xbe\xde\xde^\xcb\
\x01\xd0\xba6\x0d\xfc\x1bS\xb9\xe7>z\xfe\x01\x00\x00\
\x80\xcbq\xf6\xecYYZZRc\x8c=y\xf2\xa4\
.//k*\x95b\x07\x80\x10\x90\x00h\xbe\xe0Y\
\xbe{\xf7\xee`\x00\xc6\xf0\xf0pp\xf5\xbfP(\xf0\
\xbbhQ[\x07\xfe\x05=\xff7U\x83\x7fz\xfe\x01\
\x00\x00\x80_\xaf\xb7\xb77\xa8t\xf6<Oc\xb1X\
\xf0~.\x97c\x07\x80\x10\x10t6_\xf0$\x9f\x9a\
\x9a\x0a>XXX\x08\x86_\xd4\xca\xffI\x81\xb5\x98\
\xcd\xc1\xbfl\x1e\xf8\xb7N\xd9?\x00\x00\x00pi\x1b\
\xf1\xbd.//[c\x8c\x9d\x99\x99\xd1b\xb1\xa8\x8f\
>\xfa\xa8G\xfc\xd3|$\x00\x9a\xcc\xd6\xb6rY^\
^\x0e\xb2_g\xcf\x9e\xf5?\xd4\x95\x95\x15\xe9\xe9\xe9\
!\x03\xd6B\xb6N\xfb\xbf\xfb\x1eS\x1d\xf8G\xcf?\
\x00\x00\x00p\x19\xaa'\xcc\xd6Z\xdd\xb3g\x8f\xdd\xb9\
s\xa7\xdd\xb3gO\x10\xf7d\xb3\xd9`?\xf4\xb0W\
\x185$\x00\x9aLU\x83]\x00\x0e\x1f>,\xe5r\
YGGGuyy9(\x8b)\xfa\x91%Z\xc2\
\xa6\x9e\xff}\xf4\xfc\x03\x00\x00\x00\xaf\x96\xaaz\x0b\x0b\
\x0bN\xa9T\xda\x88?]\xd7Uf\x004\x1f\x09\x80\
\x10\xf8O\xf4g\x9f}\xd6\xee\xdd\xbbW\x1c\xc7\xf1\x06\
\x06\x06\x84\x90\xb2u\xf8\xafC^c\xcf\xff=\xf4\xfc\
\x03\x00\x00\x00\xaf\x81\x0e\x0f\x0fW\xe6\xe6\xe6\xe4\xc0\x81\
\x03\xf6\xce;\xef\xb4\xae\xeb\xd2\x02\x1d\x02\x12\x00Mf\
\xad\xdd\xb4\xe7e>\x9f\xd7Z\x02\xc0\xc6\xe3q\x0e\x80\
\x90m\xec\xf3\xbf\xd2\xd0\xf3\x7f3=\xff\x00\x00\x00\xc0\
+g\xa5\xa7\xa7'xoaa\xc1\xf1oO\x9e<\
\xa9\x8f=\xf6\x98\xd6\xb6\x01\xa4\x05\xa0\xc9H\x004Y\
c\x99K<\x1e\xb7\x07\x0e\x1cP\xcf\xf3tee\xc5\
\x94J%\x0e\x80\x10m\xea\xf9\x1fk\xe8\xf9/\xd1\xf3\
\x0f\x00\x00\x00\xbcr*\xc5bQ{{{\x836\x00\
cL\x10\xef\x1c>|\xf8\xc2\x17\xa0\xa9ba/ \
jj{\xfd\xdb\xc7\x1e{L\xcf\x9d;'KKK\
\x1b\xc3\xff\xa8\x00\x08\xcf\xa6\x9e\xffq\xbdp\xe5\xbf(\
R^\xe3\xa5\x09\x00\x00\x00x\xb5\x0a\x85\x82\xc6b1\
\x1d\x1c\x1c4###\xfa\x17\x7f\xf1\x17\xd6Z\xeb\x85\
\xbd\xae(\xa2\x02\xa0\xc9TU\xb2\xd9\xac\xee\xdf\xbf?\
\x08)\xad\xb5z\xfa\xf4iM$\x12R*\x95\xc2^\
^$\x05=\xff\xdeEz\xfeWk=\xff\x04\xff\x00\
\x00\x00\xc0\xab\xd2\xd3\xd3\xe3\xa9\x06\xd5\xfe\xba\xb4\xb4\xe4\
\xcd\xce\xce\xda\xc3\x87\x0f\xd7\xcf\xb0\xa9\x80n2\x12\x00\
Mf\xad\x95\x89\x89\x09I\xa5R^\xb9\x5c\xd6m\xdb\
\xb6\xd9\x81\x81\x81\xfa\x13\x9fP\xb3\xc96z\xfe\x0b\xf4\
\xfc\x03\x00\x00\x00W\x96\x95b\xb1h\xfc\xe0_U\xed\
\xd9\xb3g\x83\xb3\xeb\xc3\x87\x0f\x07\x17E\x89\x7f\x9a\x8f\
\x04@H\x1e{\xec\xb1\xe0\xc9>77'}}}\
\xba\xba\xba\xea\x7fH\x19L\x13]\xb2\xe7\x9f}\xfe\x01\
\x00\x00\x80+\xc5\xf6\xf6\xf6\x06\xb7\xa3\xa3\xa3\xe2y\x9e\
\xee\xde\xbd\x9b+\xff!!\x01\xd0d\xb5\x16\x80\x8d\xc1\
\x17\xd6Z}\xe1\x85\x17\xec\xb6m\xdb\x82\x8f\x8d\xea5\
!/1\x12.\xba\xcf\xff-\xec\xf3\x0f\x00\x00\x00\x5c\
)FM\x10\xdb\xac\xac\xac\xf8q\x8f1\xc6\xd8]\xbb\
v\xc9\xe4\xe4\xa4\xc9\xe5rAU@\xd8k\x8c\x1a\x12\
\x00Mf\xad\x15\xff\xc9\xfe\xa3\x1f\xfdH\xf7\xee\xdd+\
\xdb\xb6m\xb3\xfd\xfd\xfd\xba\xb2\xb2B\xc8\xd9$/\xe9\
\xf9\xbfw\xcb>\xff\xfc&\x00\x00\x00\x80+E\xab\xd7\
A\xab-\x00g\xce\x9c\xd9\x18\x82\xce\x99w\xf3\x91\x00\
h\xa2Z\xef\x8bd2\x99\x8d'\xbd\xe38\xfe\xad\xf6\
\xf6\xf6\xfa\xb7N\xd8k\xect\x17\xed\xf9o\x18\xf8G\
\xd9?\x00\x00\x00p\xe5\xc4\xe3qI$\xfe?\xf6\xfe\
?\xb6\xb1,M\xec\xbb\x9fsI\xf1\x92\x12I\x89\xac\
\xaeRK-u\x8d\xb5\xbd\xddc\xb1{f\xdb\x9cw\
\xbd\xbd\xf5\xbe\xfb\xd6\xc4\x13\xc3\xf6z\x8c\x8d\x11j\xa6\
g6k'\x01\x0a\xc1 \x0e\x82\x006\xbcA\x00\x91\
\x0elx\x12\xc4\x80\xff\xc88\x9e\x8d\xf3\x1bN,\xc2\
\xeb8\xf5\x87\x11g=Sv\x5cn8k\xb9\xbd\xde\
\xa52[)\xcb\xad\x96\x5c\x9a\xaajQ\x12\x7f_\xfe\
\xb8'\xb8G\xa4F\xd5\xdd\xb33\xdb]:\xb7\xea\xf2\
\xfb\x01\xd8\x12\xa9\x99\xba\x97\xe4\xb9\xe4}\x9e\xfb<\xe7\
\xa4\xcc\xef/\xbc\xf0\x82\x9e,\x05X\xadV\xb9\xfa\x1f\
\x02\x12\x00\x16\x05\xc1\xbf\xd6Zvvv\xf4\x97\xbf\xfc\
e\xbd\xbf\xbf/\xa3\xd1\xc8,\x0b\xd8\xe9t\x82\x83\x83\
9\x00.\xd1\xc5\xb2\x7f\xd3\xf3\xff5z\xfe\x01\x00\x00\
\x80\xcb\xd6\xeb\xf5L\x9c\xe3\xfb\xbe:88\x98\x9cu\
s\xf6\x1d\x02\x12\x00v\x99,\xd7\xe6\xe6\xa6<x\xf0\
\xe0|\x12\xc0l6\xab\xbb\xdd\xae\xf2<\x8f\x83\xe0\x92\
|d\x9d\xff\xaf+\xf9\xdc\xe7\xe9\xf9\x07\x00\x00\x00.\
\xd3\x85\xa5\xce\xcdR\x80o\xbd\xf5\x96\xb9\x18Z*\x95\
\x84e\x00\xed#\x01`\xd9d\x12\xc0\xe5\xe5e\x1d\x8f\
\xc7\xf5\xc2\xc2\x82\xf2}_\xe5\xf3\xf9\xb0w-\xb2>\
\xae\xe7\xff\x8dq\xcf\xff\x90\x9e\x7f\x00\x00\x00\xe0\xd2x\
\x9e'\xc9d2\xa6\xb5v\x94RzooO\xd5j\
5\xa7P(\x98\x84@\xd8\xfb7mH\x00X\x14\x0c\
\xf0\xc9$\x80\xb7o\xdfV\xef\xbd\xf7\x9esrrb\
\xb2^\xe3\xb2\x182`O\xd9\x8f\xea\xf9'\xf8\x07\x00\
\x00\x00.O6\x9b\x0db\x9d\x91\x8c\xab\x9f\x1d\xc7\xd1\
\xbb\xbb\xbb\xc4=!!\x01`\x91RJ+\xa5\xa4P\
(\xe8L&\xa3'K\x01\xb6Z-\xb3,F\xd8\xfb\
\x175\x1f\xee\xf9\xff\xea\x85\x9e\xff\x01=\xff\x00\x00\x00\
\xc0\xa5\xf3<O:\x9d\x8e\xcaf\xb3:\x9f\xcf\x9by\
\x00z\xbd\x9e9\x13W\x9c\x90[G\xd0i\xd9\xa4\x02\
 \xf8\xfd\xf0\xf0\xd0T\x05\x04\x07C\xf0'\xd7u9\
\x02\x9e\x92'\x82\xff\xcf(\xf9\xea\xdb\xea\x07\x13\xfe\x0d\
\x08\xfe\x01\x00\x00\x00K\xf4\xec\xec\xacn4\x1a\xa6\xed\
9\x91H\xf8\x17\x96\x01\x84e$\x00B\xd2l6\xd5\
\xf5\xeb\xd7\xf5\xf8w\xf3\x98\xe7y\x1c\x08O\xc1\x13\xc1\
\xff\xa4\xe7\x9f\x09\xff\x00\x00\x00\x00\xeb\x92\xc9\xa4Lz\
\xfd\x8f\x8e\x8eT\xbf\xdf71\xe8\xf8\xa2(\xf1\x8fe\
$\x00BP(\x14t\xaf\xd7S\xfb\xfb\xfb2??\
o\x0e\x86T*\xa5.\xcc\x90\x89O\xe8<\xf8\xef\xfc\
\xa0\xe7\xff\x8d\x8b=\xff\x00\x00\x00\x00\xac\x09\xe2\x9e\xd9\
\xd9YQJ\xf9J\xa9\x0f\x07\xfc\x5c\x9a\xb3\x8c\x04@\
\x88\x16\x17\x17U<\x1e\xf7'3b\xba\xae\x1b\xf6.\
=\xd7\x9e\x98\xf0\x8f\x9e\x7f\x00\x00\x00 tA\x8c\xd3\
\xedvu&\x93QZk5\x1a\x8d\xcc\x1c\x00\xd5j\
UkM\x01\x80m\xf1\xb0w`\xda\x5c\x98\xe8B\xbf\
\xf5\xd6[\xfa\xe8\xe8\xc8\x94\xbet:\x1d!\x03\xf6\xc9\
=\xb1\xce\xffu%_\xa1\xe7\x1f\x11\x15s\xd4Y\xee\
6\x16\xdc\xa2\xfa\xa5\xe9H,f\xf7\xa0\x0d>#\xc2\
8\x07\xf1}\xfb\xdb|&\x8cB\x1a\xbb\x14\x9b^\x9e\
(\xbf\xb6a=\xb7\xa1\x8e\xeek\x8a\xa9\xe2y\x9e8\
\x8e\xa3\x9a\xcd\xa6\x5c\xbdzU^~\xf9\xe5Q\xb3\xd9\
\xd4\xa5R)\xca\x9f\x1c\xcf,*\x00,\xd3ZK\xb9\
\x5c\x96b\xb1(\xfb\xfb\xfbr\xe5\xca\x95\xc9\xa0w\x98\
\x03\xe0\x93\xf9H\xcf\xff\xd7\x95|\x8e\x9e\x7fD\xd4Y\
\x02@\x9d\x0d\xfcH\xde\x1c\xf3\xfc\x1c\xeb\x09\x80p>\
(Fa\x05\xc2\xa1\x19\xbf\xce\xc3\x10\x13\x00\xb8\x1c\xbc\
\xb6O\xdf$+\xc9U\x0cD\xc0\xec\xec\xac\xf9yr\
r\xa2\xef\xdd\xbbgb\xd0R\xa9\xc4*\x00!\xa0\x02\
\xc0.3\xc2'\x09\x80\xc0\x07\x1f|`\xca\xffgg\
g\xfd\x99\x99\x19\x8e\x80\xdf\xa5\xdf\xb1\xe7\x9f\xb2\x7fD\
\xd0\xaf\xff\xd3\x86\xfc\x8d\xbf\xfe/\xa5\xd9\x1c\x86r\xc5\
\xfa\xb2\x05\xc7\xec|6.\xbf\xfe\xeb\xa7V\xb7\xeb\xfb\
Z~\xffO/\xc8[?\xb3 \xed\xf6\xf0\xd2\xafG\
\x04\xef]\xab=\x92\x9f\xfa\xa9\x8c\x88\x8c\xa6\xe7\xfa\x87\
\xf6\xcf.=\xfc\xe1\xab\x22\x09Gd\xfe\x92OC\x94\
\x9cU\xcb\x0c}\x91_;\x12y\xbf{\xb9\xdb\x0b\xdb\
\x8c#\xf2\xaf_\x11\xf9\x89Y\x91\xf6\xe8r\xb7\x15\xbc\
\xb6qG\xa4;\x12\xf9\xbb\x1f\x88|?\xc2\xf3\x18\x05\
\xc7\xe7lL\xe4\x0f\xbe \xb2\x92\x14\xe9Xxm\x83\
\x8d\x8e\xe2\x22\xad\x19\x91\xce\x90\x04\x0b\x9ew\xaa\xd3\xe9\
H<\x1e\xd7Zk\xe58\x8e\xde\xde\xde\x96j\xb5*\
T\x00\xd8G\x02\xc0.\xad\x94R[[[\xea\x9b\xdf\
\xfc\xa6\x99\x03\xa0\xd3\xe9\xf8\xc9dR\x0d\x06\x03a\x12\
\xc0\xdf\x9d\x8b=\xff\xa6\xec\x7f2\xdb\x7f\x87\xe0\x1f\xd1\
\x14\x8c\xe9\xbf\xf7\x9d#\xf9\xfb\xff\xa0~\xf6@T\xbf\
2\x95\xc8p\xa8\xad\x97\xe5\xff\xf1_\xb8&\x7f\xe6\x97\
_\x93~\xb7\x7f\xe9/\xae\xf9\xd7\xb5\x92\x99\xb8\x16\xdd\
\x1fN\xcf\xb9\xfd\xe4\xca\xff\xbf\xf3\x92\xc8\x9fx\xc9N\
P\x13\x04\xa9\x9e/\xf2\xf5\x7f\x16\xfd\x04@B\x89\xfc\
\xfb\xd7E\xfe\xf0\x92H\xf7\x92\xcf)&\x09\x80\x93\x81\
\xc8\xbf\xf1O\xa3\x9d\x00\x90q\x02\xe0\xcf\xfc\x1e\x91\xb7\
\xaeZzm\x95\xc8\x91/\xf2\x17\xfb\x22\xbf9\x12\x99\
\xbf\xdcM\x026d2\x19\x95L&\xa5\xdf\xef\xcb\xcd\
\x9b7\xcf\xbe\x0a\xb5\x09\x8f\xa2zF\xf3L\x22\x01`\
\x99\xd6Z666\xccl\x98\xd9lV/,,\xa8\
^\xafg\xb2a$\x00~|\x1f\xd7\xf3\x7f^\xf6O\
\xf0\x8f\x88RJ\x99\x92\xf1i)\x1bw\x1c%6'\
\x07r]GDf$\x91\x1aZ\xdb\xa6\xf8\xbe\xf8}\
}\xd6\xf90Mf\x1c\x11\xd7\xd6\x07uLD\x8d\xce\
\x02\xaa\xa8\x0b\x9eb\xd29;\xbd\xb32\x8ec\x22I\
=\x1d\xafm \x15\xb3\xf8\xda*\x919%\xe2(\x11\
_\xd3c\x81(p\x1a\x8d\x86\xea\xf7\xfb~\x22\x91P\
\xcdfS\xdd\xb9sg:Nh\x9e1$\x00\xec2\
\x9f\xde\xa5R\xc9\x94\xbc\xbc\xf3\xce;\xd2n\xb7e0\
\x18\xa8\xd1h$\xd9l6\xec\xfd{.|\xb8\xe7\xff\
\xed\xaf)y\xfds\xf4\xfc#\xfa|\x7f\xba\xbe'm\
?\xdf\xbe\xe7\x8b\xc8@d`\xb7$\xdf\x99\xb6\xe0?\
0\xb48\xfb\xe1\x8c\x9c\xbd\xa7\xd3\x908\x0b\x9e\xa2\x19\
\xc7C\x91\xfe%\x97\xa9\xcb\x94\xbd\xb6\x81\xde\xc8\xe2k\
\xabD\xba\xfa\xac\x0c\x8a\xf3\x1a<\xe7\x5c\xd7\xd5\x83\xc1\
@O\xae\xf4_\xbf~]7\x1a\x0d5^\x02`J\
>@\x9e\x1d\xd3x\xda\x11&3\xc0wvvt\xb5\
Z\x95\x83\x83\x033\x09\xe0\xf8`\xe0\xe3\xfd\xc7\xf0d\
\xcf\xbf2=\xff\xaf\x7f\x9eu\xfe\x01\x00\x00\x80g\x94\
\x89s\x9a\xcd\xa6J\xa7\xd3\xb1\xbd\xbd=\x95L&\xf5\
\xc6\xc6\x86\x22\x06\xb2\x8f\x04\x80eJ)\xa9\xd5j\xaa\
P(\xc8\xca\xca\x8a\x1c\x1d\x1d\x99\x12\x18\x11\xf1\xb5\xd6\
\x1c\x00\xbf\x83\x0f\xaf\xf3O\xcf?\x00\x00\x00\xf0l\x1b\
\xb79\xebL&\xa3\x1b\x8d\x86\xbf\xb4\xb4$\xdb\xdb\xdb\
R(\x144\xab\x00\xd8G\x0b\x80]f\x84W\xabU\
S\xee\xb2\xb2\xb2\x22J)\xbd\xb8\xb8\xa8\xc6=1a\
\xef\xdf3\xeb\xe2\x95\x7fz\xfe\x01\x00\x00\x80\xe7\x83\xeb\
\xba\xa6\xe59\xf8\xbd^\xaf\xab\xd9\xd9Y](\x14T\
\xadV3m\x00$\x01\xec\x22\x01`Q0\xc0+\x95\
\x8a\x13\x0c\xf6\xdd\xdd]988p\xae^\xbd\xaa\xff\
\xd5\xbf\xfaW\xa6\x05\xc0u]\x8bM\x91\xcf\x8f\x0fO\
\xf8\xf7\xd5\xaf+y\xfd\x0dz\xfe\x01\x00\x00\x80g\xdd\
\xb8\xca\xd9\xb4B\xe7\xf3\xf9\xf3\x9e\xffB\xa1\xc0\x1c\x00\
! \x01`\x91Y\xe3\xe2,\x09 \xb9\x5cN\x0e\x0f\
\x0f\xf5`0p\xd2\xe9\xb4\x9c\x9e\x9ej\xcf\xf3\x08e\
?\xe4\xc3\x13\xfe}u2\xe1_Wd0\xe0\xca?\
\x00\x00\x00\xf0,\xeb\xf7\xfb\xda\x19\xcfx\xeb8\xcey\
\xc0_\xab\xd5&s\x00\x90\x04\xb0\x889\x00\xec2\x83\
{}}]moo\x9b\x03\xe0\xf8\xf8X\xda\xed\xb6\
f\xf0\x7f\xd4\x93\xc1\xbf\x98\x9e\xff\xd7'=\xff\x04\xff\
\x00\x00\x00\xc03/\x99L\xfasss&\xce\xc9f\
\xb3\xce\xf81\xe2\x9e\x90\x90\x00\xb0L)%\xa5RI\
\xaf\xad\xad)\xdf\xf7M\x08;77\xa7R\xa9\x94v\
]k\x8b\x22?\xf3><\xdb\xffW\xdev\xe8\xf9\x07\
\x00\x00\x00\x9e3\xbd^\xcf\xf1}\xdf\xc9d2rr\
r\xa2WWW\x83\xc78\x9b\x0f\x09-\x00\x96i\xad\
\xa5R\xa9\x9cO\x04\x98\xcf\xe7\xb5\xe38\xba\xdb\xed\x8a\
\xef3\x05\x80\xd0\xf3\x0f\x00\x00\x00DJ\x10\xeb\xf4\xfb\
}\xb3\xfc\xdf\xde\xde\x9e\xbaq\xe3\x86lmm1\x01\
`\x08\xa8\x00\xb0\xacR\xa9\x98Q^.\x97M\xd9\x8b\
\xd6Z5\x9bM\x99\x9d\x9d\xa5\x0c\xe6\x87\xf5\xfc\x8f\x83\
\x7f\xd6\xf9\x07\x00\x00\x00\x9e/\xae\xeb\x06?\x82`\xdf\
\xc4;\x8e\xe3\xe8\xdd\xdd]\xbd\xb1\xb1\xa1\xb4&\x04\xb2\
\x8d\x0a\x80\x10\x8cW\x01P+++rpp`\x12\
\x02\xa9Tj\xea\x931\x1f\xee\xf9\x7fb\xc2?\xca\xfe\
\x01\x00\x00\x80\xe7\x91\x99\xefLk\xad\xae\x5c\xb9\x22\xed\
v\xfb\xbc\x05\x80\x0a\x00\xfb\xa6>\xe8\xb4mss\xd3\
\xa4\xb9\xb6\xb7\xb7eqqQ\xe5r9\xfd\xe2\x8b/\
\x06#\xdf\x1fg\xc7\xa6\xd2\xc7\xf5\xfc\xbf\xf1y\x91\x9e\
G\xcf?\x00\x00\x00\xf0\xbc\xf2<O&\x15\x00GG\
G\x93\xc7T\xa1P\xd0\x9a\x12\x00\xebH\x00\x84 \x18\
\xec\xe5rY?|\xf8\xd0\x0c\xf8V\xabe*\x00\xc6\
\x07\xc7\xd4\xf9p\xcf\xff\xdb_W?\x98\xf0\xafO\xcf\
?\x00\x00\x00\xf0\xbc\x0a\x82\xfd\xd9\xd9Y\xd3\xfa<\x1a\
\x8d\x1c\xdf\xf7\xd5\xfc\xfc\xbc\x7f\xe7\xce\x1d\x873}\xfb\
H\x00X\xa6\x942-\x00\xb5Z\xcd\x19W\x00\x98\xc7\
\xbb\xdd\xeeTf\xbf\x82\xe0\xdf\xf7/\xf4\xfc\xbf\xfd\xa1\
\x9e\x7f>\x12\x00\x00\x00\x80\xe7\xd6\xa4\xca9\x9b\xcd\x9a\
*\x00\xc7qL\xdc\xf3\xdd\xef~\x97\x19\xd0C@\x02\
\xc02\xad\xb5T\xabU\xd9\xdd\xdd\xd5GGG\xfe\xee\
\xee\xae\xa9\x00\x90\xb3\x83c\xaa\x92\x00\x93+\xff\xed\x8f\
\xeb\xf9g\x9d\x7f\x00\x00\x00 \x0at\xa7\xd31K\xa0\
k\xad\xd5\xc1\xc1\x81\x5c\xbbv\xcd\xd9\xd8\xd8P\xcc\x01\
`\x1f\x09\x00\x8b\x82\x01_\xa9T\xd4d\x05\x80\xe1p\
\xa8\x16\x16\x16T:\x9d6\x7f\xf7<oj\x8e\x80'\
z\xfe_\xbe\xd0\xf3\xcf:\xff\x00\x00\x00@d\x8c+\
\x00T\xab\xd5\x12\xa5\x94^YY\x91G\x8f\x1e\xf9\xa5\
R)\xec]\x9bJ$\x00,\x9a,}\xb1\xbe\xbe\xae\
2\x99\x8c>88\x90\x93\x93\x93\xf3%1\xa6e\x12\
\xc0\x8f\xed\xf9\xff)\xd6\xf9\x07\x00\x00\x00\xa2f<\x07\
\x80?\x89y\xe4lBtU\xadV\x859\x00\xedc\
\x19@\x8b\xc6\x03\xdc\xfc\xe7\x9b\xdf\xfc\xa6\xb3\xb2\xb2b\
\x96\xc1H$\x12\xcep8\xd4\x93V\x80(\xfbH\xcf\
\xffd\x9d\x7f\xca\xfe\x01\x00\x00\x80\xc8\xf1<O\xe6\xe6\
\xe6\x1c\xad\xf5\xf9\x99~\xa1P\x08w\xa7\xa6\x18\x15\x00\
\x96U*\x15\xb5\xb1\xb1a*\x00&\x8f\xb5\xdbm\xad\
\xb5v\x12\x89D\xa4\xc3\xdf\x8f\xed\xf9'\xf8\x07\x00\x00\
\x00\x22\xcbu]]\xaf\xd7M\xd5s\xbd^7\x8f%\
\x93I\x13\x0b\x05\xb1Q\xd8\xfb7m\xa8\x00\xb0H)\
%A\xa4\x1f\xfc,\x16\x8bf\x09\x8c\xe0\xf1t:-\
\xa7\xa7\xa7\xe2\xfb~dk`>\xda\xf3\xaf\xcez\xfe\
\xbb\xf4\xfc\x03\x00\x00\x00Q\x96J\xa5t6\x9b\xd5\xcb\
\xcb\xcb\xba\xddnK\xaf\xd7S\x93\xa5\xd1\xc3\xde\xb7i\
C\x05\x80]&\xcc-\x97\xcb\xe6\xce\xf5\xeb\xd7\xf5\xfc\
\xfc\xbc\x99\x10\xa3\xdb\xedJT+\x00\xe8\xf9\x07\x00\x00\
\x00\xa6\x969\xdb\x1f\x8dF\xce\xe3\xc7\x8f\xd5\xe2\xe2\xa2\
J&\x93zss\x939\x00B@\x02\xc0\xae'F\
\xf8\xe1\xe1\xa1n4\x1a~\xab\xd5\x92T*\xe5+\xa5\
\x22\xb7\x16\xe6\x0f\xed\xf9\x0f\x82\x7f\xd6\xf9\x07\x00\x00\x00\
\xa2\xce\xc4@A\xcc\xa3\xb5V\xdb\xdb\xdb:\x93\xc9\xe8\
\x8d\x8d\x0d\x22\x81\x10\x90\x00\xb0\xe8\xac\xfa_I\xadV\
3\x83}8\x1c\xaa|>?\xf9\xb3\x8aZ8\xfc;\
\xf6\xfc\x13\xfc\x03\x00\x00\x00\xd3\xc0\xc49\xd9lV\xc7\
b1\xff\xad\xb7\xde\x92f\xb3iZ\x00.\xae\x0c\x00\
;H\x00\xd8g\xc2\xde\xb5\xb55\xe5\xfb\xbe\xba\x7f\xff\
\xbeJ\xa7\xd3\xe6\x0f\x8dF#2\x07\xc0\xc5\xb2\xff\x97\
_V\xf2\xd5\xaf\xfd`\x9d\xff\x01=\xff\x00\x00\x00\xc0\
T\xf0<\xef<\xc6\x19\x8dF\xce\xde\xde\x9e*\x16\x8b\
\xe6\xfe\xc5\x95\x01`\x07\x09\x00\x8b\x94R:P(\x14\
\xf4\xee\xee\xaev\x1c\xc7\x1c\x0c\x93\x04@6\x9b\x8d\xc4\
\x01\xf0D\xf0\xff\x19%_\x9dL\xf87\xee\xf9'\xf8\
\x07\x00\x00\x00\xa6C\x10\xe3\xcc\xce\xce\xeaf\xb3\xf9\x91\
\xbf\xb1\x0a\x80}$\x00B\xb0\xb9\xb9\xa9'\xcb\x00\xbe\
\xf2\xca+\xba\xddn\x07\xbf+\xcf\xf3\xc2\xde\xb5O\xcd\
\xf4\xfc\x8f~\xd0\xf3\xff\xf6\xd7\x9e\x0c\xfe)\xfb\x07\x00\
\x00\x00\xa6K\xa7\xd3Q\xcdfS\xae]\xbb\xe6;\x8e\
\xa3\xbf\xf3\x9d\xef8\xb5ZM\x05qQ\xd8\xfb6m\
H\x00X\xa4\xb56K\x01nll8w\xee\xdc\x11\
\xdf\xf7\xd5p8t\xe6\xe6\xe6T*\x95\x0a{\xf7>\
\xb5\xf3\x9e\xff\xce\x0f\xe9\xf9\x07\x00\x00\x000U&\x17\
93\x99\x8cLV\x01p]W3\x07@8H\x00\
X\xa4.\xd4\xbe\x97\xcbeq\x1c\xc7\xac\x02\xd0n\xb7\
u\xbd^\xd7\x1f^%\xe0y\xf2\xc4\x84\x7f\xf4\xfc\x03\
\x00\x00\x008\xa3'\x17;\xb5\xd6\xea\xf0\xf0\xd0\xfc^\
.\x97U\xb9\x5c&\x1e\xb5,\x1e\xf6\x0eL\x1b\xad\xb5\
T\xabU\xf9\xe67\xbf\xa9\xc6\xf7UpK\xa5Rf\
R\xc0\xb0\xf7\xef\x93xb\x9d\xff\xcf(\xf9\xcaW\xe9\
\xf9\x07.Cp,\x85\xb5\x5cn\x98\xdbF\x04\xc5\x95\
\x88r\xec\xe4\xbd\x83\xc1\x1bsD\x9c)\xf82\x0a\x9e\
\xe2L\xf0\x9f\x98\xc8\xcce\x9fS\x8f\xdf\xc3\xe0\xbd\x9c\
\x9a\xd7\xd69\xbbvv\xe9\xaf\xedx\xdc\xcehN\xa2\
\x10\x09\xae\xeb\xaa\xf1\xc5N\xc9\xe7\xf3\xe7\xf3\xa0im\
\xce,t\xb9\x5c\x0e{\x17\xa7\x0a\x19\x17\x8b\xf4\xf8\xec\
\xb9Z\xad\x9a\x9f\xab\xab\xabfb\xc0q\xe9\xcbsy\
j\xfd\xc4\x84\x7f\xe3u\xfe?G\xcf?pI\x949\
\xe6\x94R\x96oa?oD\x8eVg\xdfz6n\
\xa2\x9e\xd3o\xd8O@_\xf8\xe5\xd2_[\xfd\xa1m\
N\x81\xc9g\xa1\x95q\x1b\x9c\xa5k2\xaf\x88\x04\xcf\
\xf3$\x95J\xa9\xe5\xe5\xe5'\x1e\xdf\xd8\xd8P\x8a\x93\
\x0c\xeb\xa8\x00\xb0h<\xc0\xcdR\x00_\xf8\xc2\x17\x9e\
\xf8[pP\x0c\x87\xc3\xb0v\xed\x139\x0f\xfe/\xf4\
\xfc\xbf1\xe9\xf9\xa7\xec\x1fx\xea\xb4\xd6\xf2\xd6\xef\x9f\
\x97/\xff\xd1k\xd2\xe9\x8eD\xfb\x97\xbb\xbd\xe0\x18N\
\xa7c\xf2w\xfe\xf7#\xf9\xfb\xff\xa0~\xb9\x1b\xc3t\
\x88+\x91\xe0\xab\xeeo~_\xe4\x9f\x9c\x8a\xa4c\x97\
\x9f(\x8e9\x22C-\xf2\xbd\xf6%o\xe8\x190\xd0\
\x22\xff\xd3\x03\x91\xdfl\x8a4-\x9cS\xcc8\x22m\
_d\xaf{\xf9\xdb\x0a[{$\xf2+\xfb\x22?Y\
\x17i[xm\x83\xe0\xdf\x8b\x8b<\xca\x89\xa4\x93\x22\
2\xba\xfcm\x02\x97(\x88u\x1a\x8d\x86J$\x12\xe7\
\x8fmmm\x9d\xa5i\x09\x1a\xac\x22\x01`\xd9\xb8\xd4\
E\xad\xad\xad\xa9w\xdey\xe7\xfc\xf1n\xb7\xab}\xff\
\x92\xcf\xe6\x9f\xa2\x8b=\xff\xd7\xaf+\xf9\xcad\xb6\xff\
\x0e\xc1?p\x99~\xee\xe7\xf2\xf2\xcb\xff\xc9\xef\x15\x7f\
\xd8\xbf\xfc+oJ\xc4\x89\xbb2\x1a\xed\x90\x00\xc0\xd3\
1\xe9%\xf9\x1b\x87\x22\xbf\xfa\xd0n\xe9\xb8\x1e_\xc1\
\x8d\xea\x05\xd5\xe0\xb9\xf5}\x91\xff\xe1\x81\xfdmO\xc3\
k\xdb\x19\x89|\xfb\xc0\xe2F\xb5\xc8\xcc\x8c\xc8\xff\xf7\
\x0d\x91\xc59\x91\x1e\x09\x00<\xdf\x82X'\x16\x8bI\
\xbd^\x97d2i>\xfc+\x95\x8alnn\x86\xbd\
kS\x87\x16\x00\xbb\xd4x\x15\x00\xb5\xb3\xb3#\x07\x07\
\x07\x92\xcf\xe7evv6x\x1f\xccl\x98a\xef\xe0\
\x8f\xe3\x89\x9e\xff \xf8\x7f\xfbB\xd9?\xc1?p\xa9\
\x1c\xf3\xa9\xad\xc4\x89)q\xe2\x97|\x8b\xa9\xb3m\xf1\
M\x81\xa7f\x5c\x8e?\x1a\x7f\xdd\xf9\xda\xde-\xea\xa5\
\xd4\x93\xa7g\xf35\x9d\x96\xd7v\xc2\xea\xeb:\xbe\xe8\
\xaf\x85\x13+D\xc2\xec\xec\xac\xcef\xb3:\x97\xcb)\
\xc7q\xf4\x8d\x1b7t\xb9\x5cfp\x87\x80\xd3:\x8b\
\xb4\xd6\xe6V(\x14t2\x99\xd4+++rtt\
\xa4\x94RffL\xcf\xf3\x9e\xf9\x83\x80\x9e\x7f \x5c\
\xc3ap6\xe8\x8b\x8c|\x91\xc1\xe8ro\xc3\x919\
\x03=\xdb&\xf04\xe8\x0b\x93\xa9\x85\xb3y\x5c\x92(\
\xbf\xb6a=73Y\xa6LO\x82\x05\x91\xe5\xba\xae\
t:\x1d\xd5h4\xce?\xfc\xb7\xb7\xb7\xa5T*Q\
\xfe\x1f\x02\x12\x00\x16\x8d'\xfcS\xb5ZM\xf5z=\
\xb5\xba\xbaj\x1eo\xb5Z\xa6,&\xec\xfd\xfbQ\x9e\
\xec\xf9?\x0b\xfe\xdf\xf8\x1c\xeb\xfc\x03\x00\x00\x00\xf8x\
\x9e\xe7\x05?t\xab\xd5\xfaH\xbf\xb3&\xc1e\x1ds\
\x00X4\x1e\xe0\xe6?\xaf\xbf\xfe\xba\xec\xef\xef\xcbx\
\x05\x00I\xa5R\xd2n\xb7\x9f\xd9#\x80\x9e\x7f\x00\x00\
\x00\x00\x9f\x80N\xa5RN,\x163\x95\xcf\xbe\xef\x9b\
\x8b\xa1\x93I\x00a\x17\x15\x00\x16MJ\x5c666\
T\xadV3\x83\x7faa\xc1<X\xaf\x9b\x09\xb6\x9e\
\xc90\x9a\x9e\x7f\x00\x00\x00\x00\x9f\x90\x9aT;\xe7\xf3\
yy\xf5\xd5W\xfdd2\xa9\x95R\xc4\xa2!\xe0E\
\xb7l\x92\x04(\x16\x8b\xf2\xe0\xc1\x83\xc9\xd2\x17\xcfl\
\xf6\xeb\xc3=\xffo\x7f\x9d\x9e\x7f\x00\x00\x00\x00?\xb6\
\xf3\xd2\xff\xa3\xa3#u\xff\xfe}S\x01P*\x95\x9e\
\xd9\x18(\xcaH\x00\x84\xa0P(\xe8L&c&\x01\
<99\xd1Zk\x95J\xa5\x9e\xb9\x05t>\xae\xe7\
\xffuz\xfe\x01\x00\x00\x00\xfc\xf8\xcc%\xc3t:m\
\xee\xf8\xbeo\xee\x071Q\xc8\xfb5\x95H\x00XV\
.\x97\xd5\xe6\xe6\xa64\x9bM3\x09\xe0\xb8\xf4\xdf\xac\
\x87\xe9\xba\xee3s=\xfd\x89+\xff/\xd3\xf3\x0f\x00\
\x00\x00\xe0\x93k\xb5Zr\xed\xda5\xff\xc1\x83\x07f\
E\xb4\xf5\xf5u\x22\x8a\x10\x90\x00\xb0\xac\x5c.\xeb\x8d\
\x8d\x0d\xb5\xbd\xbd-\xfd~_\xbd\xf2\xca+\xa6\x05\xa0\
\xd7\xeb\x8d\xc63d\x86\xee\xc3W\xfe\xe9\xf9\x07\x00\x00\
\x00\xf0\x09\xa9\xd9\xd9Ys\xb5\xff\xd1\xa3G\xce\xf2\xf2\
\xb2*\x16\x8bB\x0b@8H\x00X6Y\xea\xa2P\
(\xa8\x87\x0f\x1f\xeaz\xbd\x1e<\xa6\xc6\xefE\xe8\x07\
\xc1\x13\x13\xfe\xbdL\xcf?\x00\x00\x00\x80OEw:\
\x1d\x95N\xa7\xcd\x85O\xc7q\xf4\xdd\xbbw\xd5\xc6\xc6\
\x06\x91E\x08H\x00X4\x0e\xf4M\xbfK\xa9T\xf2\
\x0f\x0e\x0e\xd4\xe4\xb1g-\xf8?\xef\xf9\x7f\xe3,\xf8\
\xa7\xe7\x1f\x00\x00\x00\xc0'`*\x00Z\xad\x96\x89\x87\
VWW\xe5\xc6\x8d\x1b&\xf6\xa9T*$\x01,#\
\x01`\x91RJ+\xa5\xa4V\xab\xa9r\xb9\xec,/\
/\x9b\xc7'\x13b\x84y}\xfd\xc9\xe0_\xce\x82\xff\
\xcf\x8f'\xfc\x1bP\xf6\x0f\x00\x00\x00\xe0\x93\xe9t:\
&\x9a\x98\x9f\x9fW{{{jyy\xd9$\x00\xca\
\xe5r\xd8\xbb6uH\x00X\xa6\xb56\x15\x00\xc5b\
Q'\x12\x09_k\xadZ\xad\x96\xf9SXs\x00|\
\xb4\xe7\xdf9\x9b\xf0\x8f\x9e\x7f\x00\x00\x00\x00\x9f\x9e\x09\
\xf8\x1b\x8d\x86Y\x12\xb0\x5c.\x9b8TO\xfa\xa3a\
M<\xec\x1d\x98F\xb5ZMe2\x19\xfd\xf0\xe1C\
\xa5\x94\xd2\xadVK\xa7R\xa9\xe01\xeb\xa1\xf6\x13=\
\xff\x9fy\xb2\xec\x7f\xd8\xa7\xe7\x1f\x00\x00\x00\xc0\xd3\x91\
\xcf\xe7\xe5\xea\xd5\xab:\x97\xcb\x85\xbd+S\x8b\x0a\x00\
\xbb\x82\x80\xdfT\x00<~\xfc\xd89880\x0f\xa6\
\xd3i5\xfe\xa3\xd5\x0cX\x10\xfc\xfb\xfe\x85\x9e\xff\xb7\
?\xd4\xf3O\xf0\x0f\x00\x00\x00\xe0\xd3\xd1\xddn\xd7L\
\x02xttdZ\x00\xc2\xde\xa1iF\x02\xc0\x22\xad\
\xb5\x94\xcbeU\xab\xd5\xcc\xa0_^^V\xb9\x5cN\
\xb2\xd9\xac\x09\xfcm\xb6\x00L\xae\xfc\xb7/\xf6\xfc\x7f\
\x8e\x9e\x7f\x00\x00\x00\x00O\x95J\xa5Rf\x12@\xa5\
\x94~\xf0\xe0\x81\x89}\x0a\x85\x82\xb6}\x01\x14\xb4\x00\
X\x15\x0cp\xad\xb5T\xabU\xf5k\xbf\xf6k\xfa\xde\
\xbd{\xfeo\xfc\xc6o\xc8`00\xe1\xb6\xeb\xba\x96\
\xf6\xe3B\xcf\xff\xcbg\xeb\xfc\xd3\xf3\x0f\x00\x00\x00\xe0\
i\xf3<\xcf\xb4;\x07\xb1\xd0\xc2\xc2\x82J&\x93\xc1\
M\xdf\xb9sg\xb2\x0c:I\x00\x8b\xa8\x00\x08A\xb5\
Z\x95\xed\xedm\xb9w\xef\x9es||l\x1e\x0b\x0e\
\x0a\x1b\x15\x00O\xf4\xfc_\x1f\xaf\xf3\xffS\xf4\xfc\x03\
\x00\x00\x00x\xfa\xb2\xd9\xac\x890\xb4\xd6j\x12\xfb\xac\
\xad\xad\xa9\xef~\xf7\xbb#\xe6\x00\xb4\x8f\x04\x80]j\
\xb2\xd6\xe5\xf6\xf6\xb6y\xe0\x95W^1\xe50\xddn\
\xf7\xf27\xfe\xc3z\xfe\xbb\xf4\xfc\x03\x00\x00\x00\xb8\x14\
z<\x17\xday\xb4\xff\xee\xbb\xef\xaa\x8d\x8d\x0db\xd1\
\x10\xf0\xa2\xdb\xa5777u\xa9T\x92b\xb1(\x8e\
\xe3\xe8z\xbd.\xe9tZ.\xbb\xf4\x85\x9e\x7f\x00\x00\
\x00\x00\xb6y\x9e\xa7.\xc6:KKK\xe2\xba\xae\xb9\
\xaf\x08B\xac#\x01\x10\x82j\xb5*\xbd^O\xad\xae\
\xae\x9aR\x98t:-\xddn\xf7\xd2\x12\x00\x1f\xed\xf9\
g\x9d\x7f\x00\x00\x00\x00V<\x11\xe7<|\xf8P\xdf\
\xb8qC\x071\x11-\x00\xf61\x09\xa0]\xa6\x05`\
kkK+\xa5\xfc\xe5\xe5\xe5\xf8\xf1\xf1\xb1~\xf1\xc5\
\x17%\x9f\xcf\xabv\xbb\xfd\xd4\x8f\x80\x8f]\xe7\xffs\
\xe3\xe0\x7f@\xd9?\x00\x00\x00\x80Ku>\x07\xc0\x95\
+Wt\xaf\xd7\x93\xbbw\xef\xaa\x9b7o\x12\x89\x84\
\x80\x0a\x00\xbbL\x0b\xc0\xc6\xc6\x86*\x16\x8b\xcaq\x1c\
\x9d\xcb\xe5\xd4\x859\x00\x9e\xeaA\xf0\x91\x9e\xff\xaf\xb1\
\xce?\x00\x00\x00\x00\xbb\x82XG)e\xda\x9f\x17\x17\
\x17\xcd*\x00W\xaf^\xe5\xf2\x7f\x08H\x00\x84dm\
m\xcd\x84\xdfW\xae\x5c1\x93\x00>m\x1f\xdb\xf3\x7f\
a\xc2?\xca\xfe\x01\x00\x00\x00\x5c6\xd7u%\x95J\
\x99\x0a\x80|>/\x87\x87\x87\xa6\x1d\xbaT*\x85\xbd\
kS\x89\x04\x80e\x93U\x00\xaa\xd5\xaa\xf6}_\xdd\
\xbf\x7f\xdf\xc9d2&\xfb\x15\x1c\x1cO\xc3\xc5\xb2\x7f\
\xd3\xf3\xff\xb5\x1f\xf4\xfc\x0f\xe8\xf9\x07\x00\x00\x00`\xd1\
\xec\xec\xac\x89w\xea\xf5\xba\xb9\xff\xf2\xcb/\xabj\xb5\
\x1a\xf6nM%\x12\x00\x96mnn\xeaB\xa1\xa0o\
\xdd\xba%\x89D\xc2\xcf\xe5r\x93\xd2\x17\xe5y\xde\xa7\
.\x83y\x22\xf8\xff\x8c\x92\xaf~]\xc9\xe7>\xff\x83\
\x9e\x7f\x82\x7f\x00\x00\x00\x006u:\x9d'\xee\xbf\xff\
\xfe\xfb\xac\x02\x10\x12\x12\x00!\xa8\xd5j\xea;\xdf\xf9\
\x8e\xd3\xef\xf7\x1d\xa5\x94\xd6Z\x9b\x91\xefy\xde\xa7\xfa\
w?\xdc\xf3\xff\xf6\xd7\x94\xbc\xf1\x06\x13\xfe\x01\x00\x00\
\x00\x08\xc7\xf8\x22\xe7y$\xe28\x8eY\x05`kk\
\x8b9\x00B@\x02\xc02\xa5\x94\x04\x83}eee\
\x14\x0c\xfe \xf8o\xb5Z\xc1\xe0\xd7\xae\xeb~\xe2\x10\
\xfdG\xf5\xfc\x03\x00\x00\x00\x80m\x9e\xe7\x99\x18\xe7\xe2\
$\x80w\xef\xdeU\x1b\x1b\x1b\x8aK\x94\xf6\x91\x00\xb0\
KM\xd6\xba\xbcz\xf5\xaay\xed\xb5\xd6*\x9dN\xab\
T*\xa5\x5c\xd7\xfdDY\xb0'\x82\xff\x97\x95|\x95\
\x9e\x7f\x00\x00\x00\x00\xcf\x80\xc9<g\x17'\x01L&\
\x93\xbaZ\xadj=\x09\x8e`M<\xec\x1d\x98&\xc1\
\x00\xafT*N\xadVS\xbb\xbb\xbbf\xb0\xe7\xf3y\
\xfd\xf8\xf1c\xdd\xedv\xcd\xa4\x80\xbf\xdb\x7f\xf3\xc3\xeb\
\xfc\x7f\xe5\xab\xea<\xf8\xa7\xe7\x1f\xc0\xa7\xa7d8\x08\
\xe7\xbbY)%6\xcf\x0bff\x1c\x11\x89\x89\xc4c\
\xd6\xb6)\xda\x17=\xd0S\xf4Y\x1d<Q-\xd2\x0f\
\xe9|o\xbc\xf9H\x0a\xfb\xb9\x85\xbd\xfd\xcb\x14\xd6s\
\x1b\xfa\xd1}M1U<\xcf\xd3\xa9TJZ\xad\x96\
Y\x02=\x91H\xf8\xd7\xae]sn\xde\xbc\x19\x8c\xf0\
Q\xd8\xfb7mH\x00\xd8\xa5677\xcdG\xf9\x17\
\xbf\xf8E}xx\xa8NNN\xb4\xd6\xda\xe9v\xbb\
\xbf\xebU\x00\x9e\x98\xf0o\xbc\xce?=\xff\x00\x9e.\
-N\xfc\xec\xc3$\x16\xb3\xf3\xa12\x99\xcf\xc4\xf6E\
\x81\xe1\xc87\xcfwd\xe5\xa4[\x05OP\x9ci,\
~\xd4\x17\xce>l\x8c\xa9\xc9&\xcc\xdb\x1b\xe1hj\
\xf2\xd4\x82A\xe5X\x0aX'\x81\xb1\x8e\xf8k+\xe3\
\xe7\xaa,\xbe\xb6\xc1\xeb\x19w\xa6\xef\xf3\x01\x91\xe4\xba\
\xaeJ\xa5R2??\xaf<\xcf\x93~\xbf\xef\xbc\xff\
\xfe\xfb\xc3\xf5\xf5\xf5\x88\x7fp<\x9bH\x00Xta\
\x96Ku\xeb\xd6-u\xef\xde=\xa9\xd7\xeb*\x9dN\
K>\x9f?_\x16\xe3\xc7\xfb\xb7\xc6\xc1\x7f\xe7\x07=\
\xffoLz\xfe)\xfb\x07\xf04\x98\xaf\xe5\x91\xfc\xa1\
?\xf8\x82\xc4cJf\xe7b\x97~.\xaa\x1c\x91l\
:.\xff\xf3\xd6\xf7\xe5\xef\xfe\x1f\x1f\x5c\xf2\xd6\x9e\xf4\
\xb7\xff\xb7\xc7rr2\x94V\xeb\xf2/F\xf8\xbeH\
\xbb3\x92?\xf1\x8bK\xf2s\x7f\xe0\x9aH\x7fp\xe9\
\xdb|&h_\xc4\xd1\x22\xbf\xf4\x92\xc8\x9bY\x91Y\
\x0b\xd5\x16qu\x16\xfc\xff\xb7\x07\x22\xff\xbcy\xf9\xdb\
\x0bS\xc2\x11\xf9\xb7_\x12\xf9\xff\xcc\x8b\x9c\x0e-l\
O\x89t|\x91_\xd9\x17\xb9\xdf\xb9\xfc\xed\x85%\xf8\
,\x9c\x8b\x89\xdcZ\x15YO\x8b4,\xbc\xb6q-\
\xd2\x8b\x89\xd4\x92\x22\xf5\xa1H\xe2\xf27\x09\x5c2\xe5\
8\x8e9\xb3\x98\xfc\x94\xb3\xf8(\xca\xf5C\xcf$\x12\
\x00v\x99\x190\xcb\xe5\xb2\xbe}\xfb\xb6\x5c\xbf~]\
\xcf\xce\xce\xea\xef\x7f\xff\xfb\xa6\x05\xe0\xc7\xad\x00\xb8\xd8\
\xf3\x7f\xfd\xba\x92\xaf|m\x5c\xf6O\xf0\x0f\xe0)\xd3\
\xdeP~\xfag\xe6\xe5\xa7\xdf\xca\xd9\xdb\xa8J\xca\xfb\
\x07=\xab\x09\x80\xe0s\xf3\x1f\xfe\xa3cs\xb3i\xfd\
\xf7\xce\xc9\xcf\xfd\x81%\x115\x98\x8e\xd3\x9f\xe1\xf8I\
\xfe\xb1k\x22\x7fl\xd1\xce6ULd8\x12\xf9?\
\xebS\x90\x00P\x22_Y\x12\xf9\xe2rp\xf0^\xfe\
\xf6T\x5c\xa4\xed\x89\xfc\x9d\xc7\xd1N\x00\x04fc\x22\
\xff\xd6K\x22o^\xb5\xf4\xda\x8aHC\x8bTz\x22\
\xfb\xc3\xb3\xf7\x16xN\x051\x8eR\xcao4\x1a*\
\x91H\x9c\x7f\xdb\x95J%39:K\x01\xda\xc5$\
\x80\x16M\x96\xfb\x9b\xd8\xdb\xdbS\x1f|\xf0\x81\x93\xcd\
fMb\xe0\xc7I\x00<\xd1\xf3\x1f\x04\xffo\xb3\xce\
?\x80\xcbs\x9e\x97\xd7\xda\xce\xcd\xf0\xc5\x1fMC4\
<\xc5\xeb\x1f\xeb\xf1\x7f\xac\x8c)-2\xf2\xcf\xaa\x00\
\xa6\xc1\xb8\x95\xc5\xcek\xeb\x9fu\xefF\xbd\xfc\x7f\xc2\
\xd7v\xc7\xed\xe4\xf7)\xfd\x98@t4\x1a\x0d}t\
tdV\x01\x08\xee\xc7\xe3q\xf3\xb3Z\xad\x0aW\xff\
\xed\xa3\x02\xc0\xa2`\xd0\x97\xcbe\x93t\xe9\xf5z\xe6\
\xe3\xfc\xe4\xe4\xc4\x1f\x8dF\xd2\xedveff\xe6G\
\xfc\xff?\xa6\xe7\xffs\xf4\xfc\x03\xb8d#m\xef\xfb\
9\xf8\xa0\x9b\xf1ed9\x01\x10V\xfcbs\xbe\xc1\
g\xca\xd0b4>\xa3\xce\x02\xb7i\x08R\x83\xa7h\
\xaa\xd3};\xafq\xf0\xdaNKr%xm\x07\xbe\
\xdd\xd76\xac\xc92\x81\xa7\xccu]\xe58\x8ed2\
\x99 \xe6Q\xef\xbd\xf7\x9eS*\x95\xcc\x81D\x0b\x80\
}T\x00XtqB\xab\x1b7nh\xc7qt>\
\x9f7\xf7S\xa9\x94x\xde\x0f/){\xb2\xe7\xffB\
\xf0\xcf:\xff\x00\x00\x00\x00\x9eQ\xe3*g\xd5h4\
\xd4\xf1\xf1\xb1\xac\xac\xac\xe8\xdd\xdd]]*\x95\xacO\
\xf8\x0b\x12\x00V)\xa5d\xb2\x0a\xc0\xdd\xbbw\x95\xef\
\xfb*\x9b\xcd:Zk5N\x00|\xec5\xfc\x0f\xaf\
\xf3O\xcf?\x00\x00\x00\x80\xe7\x81\xe7y\xa6\x94pn\
nN\xe5\xf3y\xb3\xf4\xf9\xda\xda\x9a\x1a\xb7\x00\xc02\
\x12\x00\x96)\xa5\xa4\x5c.\xabI\x05\xc0{\xef\xbdg\
\xca_\xea\xf5\xbar]\xf7#)\xb0\xdf\xb1\xe7\x9f\xe0\
\x1f\x00\x00\x00\xc0\xb3\xcd,\xa4\xd9\xe9t\xfc\x85\x85\x05\
\xf5\xe0\xc1\x03S\x01\x10\xfc\xa1R\xa9\x10\xcdXF\x02\
\xc02\xad\xb5\x94\xcbe\xbd\xbd\xbdm&\xc0X[[\
SJ)\x9dJ\xa5~\xc7\xe0\xff\xe5\xebJ\xde\xfe\xda\
\x93\x13\xfe\xd1\xf3\x0f\x00\x00\x00\xe0Y\x97J\xa5dn\
nN\x9d\x9c\x9c\xe8\xc5\xc5\xc5\xf3\x18tR\x1d\x0d{\
\x98\x040\x04\xb5Z\xcd\x84\xee\xc3\xe1P\xb5Z-\xa5\
\xb56\x07\xc1\xc5U\x00>\xae\xe7\xff\xf5 \xf8\xefP\
\xf6\x0f\x00\x00\x00\xe0\xb9\xa2\xda\xed\xb6\x9e\x99\x99\x91\x99\
\x99\x99i\x98:\xf4\x99E\x05\x80e\x95JE\x15\x0a\
\x05S\x01\xb0\xba\xba*\x8e\xe3\xf8\x93\x99/\x1b\x8d\x86\
\xf9\xdf\xfc\xd0\x9e\x7f\x82\x7f\x00\x00\x00\x00\xcf\x17\xdd\xed\
vu\xb3\xd9T\x0b\x0b\x0b&\x92\xe9\xf5z\xaaT*\
M\xefr\xb8!\x22\x01`Y\xb9\x5c6\xc1~\xb1X\
4\xf7\xb3\xd9\xec\xe4=P\xae\xeb\xaa\x8bW\xfe\xe9\xf9\
\x07\x00\x00\x00\xf0\x9c\x0b\xe2\x1d\x95\xc9dL\x1ctp\
p \xc9dRW\xabUV\x01\x08\x01\x09\x00\x8b\xb4\
\xd6*\x18\xe4\xeb\xeb\xeb\xaa\xd7\xeb\xa9\xc3\xc3C}z\
z\xaa\xb3\xd9\xecd\x0e\x00}\x1e\xfc\xbf\xac\xe4\xed\xaf\
\xd3\xf3\x0f\x00\x00\x00\xe0\xb9\xa6'\x15\xcf\xe3e\x00M\
\x05@\xa1P\xd0L\x02h\x1f\x09\x00\x8b\x94Rf\x90\
W\xabU\xb9q\xe3\x86^ZZ2\x03\xbe\xd1h\xa8\
n\xb7k\xfe7\xad\x96\xc8\xea\xaa\x9c\xf5\xfc\xbfq\x16\
\xfc\xb3\xce?\x00\x00\x00\x80\xe7\x98\xd6Z\x9b\xd8\xc7\xf7\
\xfdI\xd0\xef0\x09\xa0}$\x00,\x9b\x0c\xf2\xed\xed\
m\xd9\xdf\xdf\x97\x5c.g\x1e\x1f'\x00\xd4O\xfc\x84\
\x92_\xf8\xe3\xce\xd9\x84\x7f]\x91\xc1\x80\xb2\x7f\x00\x00\
\x00\x00\xcf-\x9dJ\xa5\xcc\xcag\xc1\x1d\xc7q\xf4\xfa\
\xfaz\x10\x171\x19`\x08H\x00\x84`2\x09\xe0D\
6\x9b\xd5W\xae\x5c1\xa51_\xfbE%o|\x8e\
\x9e\x7f\x00\x00\x00\x00\x91`\xaa\x9d\xe7\xe6\xe6L\x12`\
uuUvvvD1\x03`(H\x00\x84\xa0V\
\xab\xa9b\xb1(\x8b\x8b\x8b\xea\xf8\xf8\xd8\xb4\x00t:\
\x1d\xc7u]\xf9\x89\x9f<k\x90\xa1\xe7\x1f\x00\x00\x00\
\xc0\xf3.\x88q&\xed\xce\x81~\xbf\xaf\x92\xc9\xa4\x9e\
L\x8e\x0e\xbbH\x00\xd8\xf5DH\x7fxxx\xfe{\
\xb7\xdb\xd5\x9e\xe7I\xdf\x13\xf1Ga\xec\x1a\x00\x00\x00\
\x00<]\x8dFCR\xa9\x94\xb4Z-s\xff\xe1\xc3\
\x87\xba\xd7\xeb\xa9Z\xad\xc6\xe5\xce\x10\x90\x00\xb0K+\
\xa5\xa4T*\x99\x99/\x83\x07&s\x00\x04\x07\x85\xf9\
\x1f\x90\x07\x03\x00\x00\x00\x101\xe9t\xda\xfc\x1c\x0c\x06\
&\x06-\x14\x0aD>! \x01`Y\xb9\x5cV;\
;;f\xe2\x8bW_}\xd5\xaf\xd7\xeb&\x11\x90J\
\xa5\x94\xe7yd\xc1\x00\x00\x00\x00DF6\x9b5\x81\
~\xbb\xdd6?c\xb1\x98N&\x93\xfa\xce\x9d;\xc4\
\xa2!\xe0E\xb7lss3\x08\xfe\xd5\xee\xeen0\
\xe8U>\x9f7\x07B\xbd^\xd7\xae\xeb\x86\xbd{\x00\
\x00\x00\x00\xf0\xd4(\xa5\xf4\xc59\x00\x1c\xc71\xf1\xcf\
\x9d;w\xa8\x00\x08\x01\x09\x00\x8b\xf4\x85\xfa\xfe\xb5\xb5\
\xb5'\xd6\xc1\xcc\xe7\xf3\xe2y\x1e\x07\x01\x00\x00\x00\x80\
\xc8\xd0Z\xabT*\xa5\x82\x9f\xc1\xfd\xc5\xc5E\xd5\xeb\
\xf5T\xb9\x5c>_\x1a\x10\xf6\x90\x00\xb0H)en\
\x1b\x1b\x1b\x92\xcb\xe5\xf4\xf2\xf2\xb2\x9ad\xc0\xba\xdd\xae\
\xcad2\xb4\x00\x00\x00\x00\x00\x88\x0c\xcf\xf3\x82\x1f\xba\
\xd5j\xe9\x85\x85\x05\x95H$L\xfcS\xab\xd54\xeb\
\x9e\xd9G\x02\xc02\xad\xb5\x99\x04\xf0\xee\xdd\xbb&\xf8\
\xdf\xdd\xdd5}1\xddn\xd7\xef\xf7\xfba\xef\x1e\x00\
\x00\x00\x00<MA\x90\xaf\xd3\xe9\xb4Y\x02\xfd\x9dw\
\xdeQ7n\xdc\xd0\x17\xfe\x06\x8b\xe2a\xef\xc0\xb4Q\
J\x89\xd6\xda\x7f\xfd\xf5\xd7c\xbe\xef\xab\x85\x85\x05\x15\
\xfc\xcc\xe5r\xb1N\xa7C\x09\x0c\x00\x00\x00\x80\xc8\x18\
\xb79_\x5c\x01\xedb\xccC\xfcc\x19\x15\x00!\xd8\
\xd8\xd8pn\xdc\xb8\xa1\x97\x96\x96$\x9f\xcf\xebV\xab\
%\xbd^\xcf'\x03\x06\x00\x00\x00 J\x5c\xd7uR\
\xa9\x94Y\x060\x16\x8b\xf9+++\xa6\x1a\xbaP(\
h\xcd\x1a\xe8\xd6\x91\x00\xb0h2\xf1E\xa9T2\xf7\
\x0f\x0f\x0f\xe5\xf8\xf8x\xb24\x86\x22\x03\x06\x00\x00\x00\
 J\x5c\xd7\xd5\xb3\xb3\xb3f\x0e\x00\xdf\xf7M\xf5\xf3\
\xcb/\xbf\xacj\xb5\x1a\x17?C@\x02\xc0\x22\xa5\x94\
\xc9r\xed\xec\xec\xe8\xe3\xe3c3\xe0\x8f\x8f\x8f\xa5\xd9\
l\xca8\xf8\xe7 \x00\x00\x00\x00\x10%z2\xdb\xff\
\xe4\x82h:\x9d\xd6\x93\x8b\xa2\xb0\x8b\x04\x80]\xe7\x01\
~.\x97\xd3\xd7\xaf_\xd7\xb9\x5cN\xe6\xe6\xe6\xcc\xd2\
\x18\x89D\x22\xdc\xbd\x03\x00\x00\x00\x80\xa7\xc8\xf3<\xd5\
n\xb7\x9dt:mb\xa1 \x06\xda\xd9\xd9\x91o}\
\xeb[\x5c\xfc\x0c\x01\x09\x00\x8b&=.\xb5ZM\xdd\
\xbd{W\xed\xed\xed\x99\xb5/[\xad\x96t\xbb]\xdd\
l6i\x01\x00\x00\x00\x00\x10\x19\xae\xeb\xcax\x15\x00\
s\xff\x9dw\xdeQ\xc9dR\xdf\xbcy\xd3\x0f{\xdf\
\xa6\x11\x09\x00\x8b\x94R\xe6V*\x95$\x18\xf4r\xa1\
\x0c&\x95J\xa9\xf1\xc1\x01\x00\x00\x00\x00\x91\xe0y\x9e\
\x99\xec\xbc\xddn\x9b\xf8gyyY\xb6\xb7\xb7\x859\
\x00\xc2A\x02\xc0\xae\xf39\x00\x82;KKK&\x01\
077\xa7\x98\x03\x00\x00\x00\x00@\x04\xc5\xc6q\x90\
\xa9~v\x1cG\x17\x0a\x05\xe2\x9e\x90\xc4\xc3\xde\x81i\
T.\x97\xe5\xe6\xcd\x9b\xfa\xfe\xfd\xfbzaaA>\
\xf8\xe0\x03=\x1a\x8d8\x08\x10\x09Z\x8b\xc4\xe3J$\
\x1e;\xbbcEL\x12\x89\xe9\xc8g\xce\x04\xafm\xf0\
=j\xf3\xf5\xd5Z\xf4\xc0\x17e\xe3Sj\xbc\x8d\xe1\
 \x9c\x8e(\xa5\x94\xd8\x5c\x92h\xc6\x8c\xdb\xf1\xfbi\
\x8b\xf6E\x0f\xb4\x9d\xf7\x13\x000\xf5\x5c\xd7\xd5\x83\xc1\
\xc0|\xeb\xd4\xebu\x99\x9d\x9d\x95Z\xad&\xa5R\x89\
o\xa2\x10\x90\x00\x08A\xb9\x5c\x96\x07\x0f\x1e(\xcf\xf3\
\xe4{\xdf\xfb\xde\xe4LS{\x9e\xc7\x1c\x00x\xfe)\
%#_d\xd4\xf7-\x05\xa8Jb\xae/\x83\xe1t\
\xb4\x91\x8d\x86\xc1k:\x92\xd1`$b\xe1)\x07[\
s\x1c\xfb\xc1bl\xe6l\x83&\x99dA\xb0\x95\x91\
/V\x83\xff\xc0\xd9\xb8\xf5e4\xf0/}!\xd8\xc9\
?\xef(!\xf8\x07\x00X\xd3h4$\x95J\x99\xa5\
\xcf\x13\x89\x84\xf8\xbe\xaf\x0a\x85\x82\xac\xaf\xaf\xebJ\xa5\
\xc2R\xe8\x96\x91\x00\xb0l<\xc8M\xdfK&\x93\xd1\
\xf3\xf3\xf3\xea\x83\x0f>0\x07\x85\xef\xfb\x0c~<\xf7\
\xf2\x0bq\xf9\x87\xff\xe8D~\xf5o=\x92DB$\
\x16\xbb\xfc+\xf3\xe9tL\xde\xf9\xc7'\x97\xbe\x9dg\
\xc1\xaf}\xa7.\xbf\xfc\xa7\x7fK:\xdd\xcb\x8f\xfe\xb5\
/r\xda\x18\xca\xc6\xbf\xb9(?\xff\x0b/\x06\xd1\xea\
\xe5\x7fE\xeb\xb3\x04\xc7\x1f\xfd#Wen6.s\
\xe9\xcb\x1f?\x8eR\x92I\xc7\xe4\x7f\xfc\xeb\x87\xf2\xf7\
\xbest\xe9\xdb\xbb\xe8W\xff\xe6Cyx\xd8\x97V\
{t\xe9\xdb\x0a\xbeb:\x9d\x91\xfc\xbb\x7f\xf2%\xf9\
\xd9\x9bWE\xfa\x83K\xdf&\x00\x00\xae\xeb\x9a\xb3\x87\
f\xb3i~w\x1cG\xaf\xaf\xafK\xb5Z\x95\xad\xad\
-].\x97\xc3\xde\xc5\xa9B\x02\xc0\xa2\xf1\x95%\xbd\
\xb1\xb1\xe1\xf4z=\xf5\xf0\xe1C3\x19F:\x9d\x96\
\xd3\xd3\xd3\xe0\x80\xe0\x9a\x0c\x9e{\xe9l\x5c~\xf3\xb7\
\x9a\xf2+\xff\xcd\xbe\xf5m+e\xb1\xeb \x04\xc1\xf3\
\xdb~\xb7an6--'\xe4\xe7\x7faED\x8d\
.\xff\x05\xd6\x22\xda\x1b\xca\xcf\xfc\xec\x82\xfc\xcc\x8d\xfc\
\xe5n\xeb\x9c\x12Q\x09\xb9w\xbfm5\x01\x10\xbc\x9f\
\x7f\xff\x1f\x1e\x9b\x9bMo\xbe\x99\x95\x9f\xbd\xf9\xa2\x88\
\x90\x00\x00\x00X\xa1S\xa9\x94\xf4\xfb}5\x1a\x8d\x1c\
\xdf\xf7\xd5\xce\xce\x8e\xac\xaf\xaf\x87\xbd_Si:\x9a\
f\x9f\x11j\x5csY(\x14\xf4\xc5U\x00Z\xad\x96\
\xf93-\x00\x88\x0a\x87O\x96Hq,\xa7&\xd5\xa4\
\x18Pk;7\xb31_\xfc\xcb\xbf\x08\xffLp\xa8\
\xff\x07\x00\xd8u\xfe\xc5\xa3\x94\xd2KKK\xe6\xf7j\
\xb5z^\x1d\x0d{8M\x0fA\xadVS\x99LF\
\xc7\xe3q\x1d\x1c\x04\xc1-\x95J\x09\xcb\x00\x22\x12\xb4\
\x88\x13R\x06 \xcaW\xff%\xc4\xe7\x17\x8b\x85\xd0\x9e\
7\xd2\x22C\xdf\xcem\xe4\x9b\xe77\xb2\xdc\x85\x15\xd6\
\xfb\xe9X\x9co\x10\x00\x00\xcf\xf3T\xb7\xdb5\xdfz\
\x0b\x0b\x0b\xea\xe0\xe0\xc0\x04\xfd\xe5rYonnF\
\xfc\xec\xed\xd9C\x0b\x80EZ\xebI\x15\x80\xbey\xf3\
\xa6\xea\xf7\xfb&J\x9a\x9b\x9bS\xa7\xa7\xa7\xca\xf7\xa7\
c\x123\x00\x00\x00\x00\xd3\xc1u]\x9dJ\xa5\xd4`\
0\xd0''':\x9b\xcdNI\xcd\xdd\xb3\x89\x0a\x00\
\x8b&-\x00[[[\xaa\xd9l*\xc7qL\xc6\xab\
\xd5jI*\x95\xd2\xcc\x01\x00\x00\x00\x00 bt\xb7\
\xdbUsss*\x9f\xcf\xcbp8T\xc9dR\xd7\
j5b\x9f\x10\x90\x00\xb0\xac\x5c.\xab\x9d\x9d\x1d]\
,\x16\xcd\xfd\xf9\xf9\xf9`\xe0\xabn\xb7+\x9e\xe7\x85\
\xbd{\x00\x00\x00\x00\xf04\xc5DD\xb7\xdbmS\x01\
\x10<\xb0\xb6\xb6F\xf0\x1f\x12\x12\x00v\x9d\x0f\xf4\xed\
\xedmY\x5c\x5cT\xf1x\xdc\x1fg\xc54k`\x02\
\x00\x00\x00\x88\x18=77gz\x9dG\xa3\x91\x89?\
wwwu\xa9T\x12\xe2\x1f\xfbH\x00\xd8e&\xba\
\x98\x94\xbb\x1c\x1e\x1e\xca\xc9\xc9\x89Y\x060\x95JI\
\x22\x91\xe0\xfd\x00\x00\x00\x00\x10\x19\xae\xebJ\xbb\xdd6\
-\x00\xc1\xfd\xc5\xc5E\xd5\xeb\xf5T\xb5Z\x15\xa5X\
\x9a\xc66\x02N\xcb.\x8eq\xc7q\xf4h4rZ\
\xad\x96y\xb0\xdf\xef\x93\x01\x03\x00\x00\x00\x10\x19\x936\
\xe7 \xf6\x89\xc5b\xfe\xe1\xe1\xa1\xb9_*\x95\xcc$\
\xe9\xb0\x8b\x04\x80]*\x18\xe4\xd5jUg2\x19\xbd\
\xba\xba*\xc7\xc7\xc7\xa6\xf4?\x95J\xa9\x8b-\x02\x00\
\x00\x00\x00\x10\x05\xddnW5\x1a\x0d\xe5\xfb\xbe\x89w\
\x92\xc9\xa4\xfe\xd6\xb7\xbeE\xec\x13\x02\x12\x00v\x99\x14\
W\xb9\x5c\x96\xc7\x8f\x1f;\xef\xbc\xf3\x8e\xe4r9\xa5\
\x94\xd2\xddnW\xe8\x81\x01\x00\x00\x00\x105\xa9T\xca\
\xc49\x0b\x0b\x0b\xea\xfa\xf5\xeb\xe6\xf7\x9b7o\xfaA\
\x1c\x14\xf6\xbeM\x9bx\xd8;0eL\x96\xabV\xab\
\xa9\x1b7n\xe8\xd3\xd3SI$\x12\xd2\xe9t\xd4\xf7\
\xbf\xff}\xd3\x1f\x03\x00\x00\x00\x00Q\xe1y\x9e\xa9v\
n\xb5Z\xf2\xe2\x8b/\xea\xfd\xfd}988Pk\
kk\xa6:\x9ai\x00\xec\xa2\x02\xc0\x22\xad\xb5\xaeT\
*f\x84ooo\x8b\xef\xfb\xea\xf8\xf8\xd8\xfc-\x9f\
\xcf\x9b\x83#\xec}\x04\x00\x00\x00\x80\xa7\xc5u\xdd \
\xfe1-\xd0GGG&\x16\xbau\xeb\xd6$\xee!\
\xfa\xb7\x8c\x0a\x00\x8b\x94R\x93$\x80\xec\xee\xee\x9e?\
\xden\xb7\xf5p8\x0c\x0e\x0a\x122\x00\x00\x00\x00\xa2\
DO\x02\xfd\xe3\xe3cS\x0dp\xf7\xee]U\xab\xd5\
\xc2\xde\xaf\xa9D\x02\xc0\xb2q\x12@\xaa\xd5\xaar\x1c\
Gk\xad\xcf\xb3^\xac\x02\x00\x00\x00\x00 J<\xcf\
;\x9f\x03\xe0\x95W^\x91N\xa7c\x1e/\x95J\x94\
\xff\x87\x80+\xce\x16\x8d\x83}U\xa9T\xe4\xea\xd5\xab\
\xbe\xef\xfb\xea\xc2\xc4\x17\x8a9\x00\x00\x00\x00\x00DI\
6\x9bU\xa9TJ5\x9bM\xa9\xd7\xeb\xf2\xe0\xc1\x03\
]\xab\xd5L\xe4\xcf2\x80\xf6Q\x01`Q\x10\xec\x97\
\xcbe\x15\x0c\xf8f\xb3i*\x00\x82\xc7\xb4\xd6N*\
\x95\xd2\xc3\xe10\xec]\x04\x00\x00\x00\x80\xa7\xaa\xdb\xed\
J&\x931\xab\x00$\x93I\xb5\xb4\xb4\xe4\x87\xbdO\
\xd3\x8a\x0a\x00\xcb\xca\xe5\xb2.\x14\x0af\x12\x8c\xd5\xd5\
U\xa9\xd7\xebj\xb2\xfc\x9f\xe7y\xd4\xc0\x00\x00\x00\x00\
\x88\x8c\x8b1\xced\x02\xf4b\xb1(\xd5j5\xcc\xdd\
\x9aZ$\x00,\xbbX\xe6rxx\xa8\xf3\xf9<u\
/\x00\x00\x00\x00\x22\xc9u]s\xb5_k}\xbe\x02\
\x9a\x8c\xe7\x00\x98\xac\x90\x06{H\x00\x84`}}\xdd\
\xb4\x00\x0c\x87C\xe5\xfb\xfe\xf9{098\x00\x00\x00\
\x00 \x0a\xc6\x93\x00J6\x9b5\x17?\x1d\xc7\xd1w\
\xef\xde5\x81\x7f\xb9\x5c\xe6b\xa8e$\x00B\xb0\xb3\
\xb3\xa3\x8b\xc5\xa2\xac\xae\xae\xcad\x12\xc0n\xb7K\x0b\
\x00\x00\x00\x00\x80HI$\x12N\x10\xeb\xf8\xbeo\xe6\
@\x0b~&\x93I]*\x95d\xb2< \xec!\x01\
`\xd9\xa4\xcce{{[\xf6\xf7\xf7M\x1fL:\x9d\
\x9e\xfc\x99\x03\x00\x00\x00\x00@d(\xa5\xce\xab\x9c\x83\
\xe0\xff\xfa\xf5\xeb\xba\xd7\xeb\xa9j\xb5*\x9ae\x00\xac\
#\x01\x10\x82Z\xad\xa6\xd6\xd6\xd6L\xb0\x9f\xcf\xe7u\
\xbb\xdd6\x03\xdfu]\x0e\x00\x00\x00\x00\x00Q\xa3\xc7\
W\xff\x9d\xbd\xbd=S\x01\x10\xf6\x0eM+\x12\x00\x96\
M\xfa\x5cr\xb9\x9c\xf9\xa9\xb56kb\xca\xb8?\x06\
\x00\x00\x00\x00\xa2b\x1c\xe38\x8dFC9\x8e\xe3_\
\xbf~]\x9f\x9e\x9e\x9a8t\xd2\x0e\x0d{H\x00\xd8\
\xa5&U.\xcb\xcb\xcb\xe7\x09\x80L&c&\xc6p\
]7\xec\xfd\x03\x00\x00\x00\x80\xa7f\x1c\xe3\xf8\xadV\
K\x07\xb1\xcf;\xef\xbc#o\xbe\xf9\xa6\xde\xda\xda\x22\
\xf8\x0f\x01\x09\x00\xbb\xb4RJ\x0a\x85\x82\xbe}\xfb\xb6\
:88\x10\xc7q\xfcL&#\xddn\x97\x03\x00\x00\
\x00\x00@\xd4\xa8\xe0\x96N\xa7\xd5\xf1\xf1\xb1^YY\
\x91\x9d\x9d\x1d\xa9T*\xe6bh\xd8;7mH\x00\
X4\xb9\xfa_\xab\xd5\xcc@/\x16\x8b\xaa^\xaf\xab\
F\xa3\x11\xdcwh\x01\x00\x00\x00\x00\x10%A\x8c3\
;;\xab\x95R:\x9f\xcf\x9b\xc7\xd6\xd7\xd7\xa5\x5c.\
\x13\xfc\x87\x80\x04\x80EJ)\x93\x04(\x14\x0a&\x13\
\xf0\xf0\xe1C\x9d\xcb\xe5\xc2\xde-\x00\x00\x00\x00\xb8\x14\
\xae\xeb\xeaN\xa7c\xe6=\xcb\xe7\xf3f)\xf4\xc0x\
\x19@XF\x02\xc0\xa2I\x05\xc0\xe6\xe6\xa6\xf9\x19\x0c\
\xfe\x0b\x13_\xe8\xf1\x0d\x00\x00\x00\x00\x22\xc1\xf3<3\
\xdf\xd9\xf2\xf2\xb2\xd4\xebu\xb3\x14z\xa0Z\xad\x86\xbd\
kS)\x1e\xf6\x0eL\x13\xa5\xd4y\xa9K\xaf\xd7S\
\x89D\xe2\xc3\xff\x13\x122\x00\x00\x00\x00\x22\xa5\xdb\xed\
\xea\xc1` \x8b\x8b\x8b\xd2\xe9t\xd4\xbb\xef\xbe\xab\xa8\
\x00\x08\x07\x01gHj\xb5\xda\xf9\xef\xe9tz\xf2+\
\x15\x00x\xfe)\x91\xc1\xc0\x0f{/\xf0\x14\xf5\x07z\
<\x7fO\xb4\xf5\xbd\xe9\x18\xb7Cs|F\xff\xfd\xfc\
\x88\xde\x14\xbc\xbf\xc1\xb1:\xb4\xfc\xfe\x06\x1f\x0f\xbd\x91\
\xbd\xed\x85%\x18?S\xf04\x81K\xa2fgge\
nnN\xdd\xbf\x7f_9\x8e\xa3]\xd7\xd5$\x00\xc2\
A\x05@x\xf4\xfe\xfe\xbe\x99\xf9\xb2\xddnS\xfe\x8f\
\xe8\xd0\x22\x89\x84#\xb1\x98#\x8e#\x12\x8b\x85\xbdC\
\xf84z=_\x5cw\x92+\x8e\xf6\xc7T2\x19\x1b\
\xff\x8cfn\x5ck\x91\xc1@\x9b\xe33\xea\xef\xe5G\
\x04O75~_#\xfa\xfe\x9a\xe0t\xd6\x11\x99\xb1\
\xfc\xfcT\xb0\xdd\xf1\xe9dT_\xdb\x81\x88\xcc\xc58\
k\x06>9\xdd\xe9t$\x97\xcb\x99\xf9\xcf|\xdfW\
\x9e\xe7\xa9j\xb5*\x1b\x1b\x1bS\xf6\x85\x14>>\xca\
,\xdb\xdc\xdc\xd4\x95JE\x15\x8bE9<<TZ\
k5^\xfeB%\x12\x89)\xbc$\x83\xa89:\xea\
\xcb\xff\xff\xff\x97\x93\xff\xfe\xaf\xbd.1>a\x9eo\
\xfa,\x01\xf0\x85\xdf\x97\x15\xd1\xfd\xe8\xc6\x8cf~\x96\
\xa1\xbc\xfd\xd5\x17\xe5\xb3\xaf\xcdI2\x15\xd1 F\x8b\
\xf4\xfbZn\xfc\xec\xfc8\xa2\x99\x12\xbe/\xa2\xb4\xc8\
\x9f\xba.\xf2G\xafE3H\x0d\x86\xb0?\x0e\xc0_\
O\x8bH\xdf\xd2v}\x91\x19\x11\xf9\xb3k\x22\xbf\xb4\
,\xe2F\xf4\xb5\x1d\x89H&&\xb26+\xa2\xa7\xe8\
\xd8\x01\x9e\x1e\x13\xeb4\x1a\x0du\xed\xda5\xe9\xf7\xfb\
z~~\xde\x94e\x05q\xd0\x859\xd1`\x01\xa7\xe7\
!r\x1cG;\x8es^\xab\x17\x1c\x0ca\xef\x13\xf0\
i\xb5Z#y\xed\xd59y\xf3\xa7\xf3\xd3w\x951\
\x92\x949\xfb\xf5{\xbe\xa9\xe8\x88$-\xe2{#\xf9\
|qA>_\x8c\xf2\xb8\x9d\xe4\x98\x83\xf7s\x14\xdd\
\xf7\xf3\xc3FZ\xc4Q\x22\xff\xda\x0b\xe3\xce\xc7(\xbf\
\xbf\xc1`\x1e\x9d\x95\xab\xdbx\x7f\x87Z$\xe1\x88\xfc\
\xa1\xab\xd3\xf3\xdaz\x96^[ Z\xf4\xec\xec\xac\x8e\
\xc7\xe3jwwW\x17\x8bE.z\x86\x88\x04\x80E\
\x93U\x00\xd6\xd7\xd7\xd5\xed\xdb\xb7'\x8f)\xa5\x94\xc9\
\x80\xb9\xae\x1b\xee\x0e\x02O\x81rD\x86\xc3\xf1\x89R\
dO\x06\xa7Lp\xbe\x1b\xf1\x13\xde >4\xbd\xd3\
\xce\x14\xf4\x89O\xc1\xfb\xf9\x11&\x8f\xe5\x8b\xa8)x\
\x7fM\xc2\xc3\xf26}\x7f\x5c\x82\x10q\xc3\x10^[\
 \x1aT\xa7\xd3\x91X,\xa6s\xb9\x9cz\xf8\xf0\xa1\
^\x5c\x5cd\x19\xc0\x90\x90\x00\xb0H)\x93\xec23\
^~\xf9\xcb_\xd6\xdf\xfe\xf6\xb7U.\x97\x93\xdd\xdd\
]I\xa5R\xda\xf3\xbc\xb0w\x11\xf8\xd4\x949\x17\xd4\
\x22\x93\x1b\xf0\xbc0c6\xec\x9d\xc0\xa5\x19\xf1yt\
i\x86\xbc\xb6\x00~G\xfa,\x14R\xfa\xca\x95+z\
~~^moo;;;;\xa3q|\x04\x8b\xc8\
cZ\xa6\xc7e\x00\xb7o\xdf63`\xfa\xbe\xaf2\
\x99L\xf0\x90C\x02\x00\x00\x00\x00@\x04\x9dg\x0a\x1f\
>|\xa8\x8b\xc5\xa2_\xab\xd5\xd4d\x89t\xd8C\x02\
\xc0\xb2J\xa5\xa2\x0a\x85\x829\x00\x82\xe0?\x1e\x8f\x9b\
\xebM\xa9T\xca,\x87\x11\xf6\xfe\x01\x00\x00\x00\xc0\xd3\
\x94J\xa5\xcc\xc4\xe7'''&\xde\xe9\xf5zf\x15\
\x80\xcd\xcdM\xe2\x1f\xcbH\x00X\x16\x0c\xf2\xf5\xf5u\
\x93\xe9z\xf5\xd5W\xfdz\xbd.Zk\xa7\xdb\xed\xaa\
\xe9\x5c\x98\x19\x00\x00\x00@T\xb9\xae+\xddnWg\
\xb3YS\xfd\x1c\xdc\x82\xc7\xcb\xe5\xb2\xa6\x05\xc0>\x12\
\x00\x96\x05\x83|gg\xc7d\xba\xee\xdd\xbbg^\xff\
t:\xadS\xa9\x14\xd9/\x00\x00\x00\x00\x912is\
n6\x9b\x92\xcf\xe7\xe5\xc1\x83\x07:\x99L\x12\xfb\x84\
\x84\x04\x80EZ\xeb\xf3\x95\x00z\xbd\x9e\x99\x03@k\
\xad\xda\xed\xb6\xeev\xbbB\x05\x00\x00\x00\x00\x80\x881\
1N\x10\xf7\xd4\xeb\xf5'\xfe0\x89\x8d`\x0f\x09\x00\
\x8b&%.\x9b\x9b\x9b\xe6g<\x1e7\x09\x80\xe06\
;;\xabY3\x0d\x00\x00\x00@\x94\x8c\x97:7\xab\
\x00\xe4\xf3y)\x16\x8b\xaaX,\x0a\x13\x00\x86\x83\x04\
\x80E\x93\x0c\xd7\xc6\xc6\x86\xaa\xd5jzii\xe9|\
\xd0w:\x1d\x0e\x00\x00\x00\x00\x00\x91\xe2y\x9e\x09\x82\
2\x99\x8cL&\x01\xbc{\xf7\xae*\x97\xcb\x5c\xfc\x0c\
\x01\x09\x00\x8b&\x15\x00\xa5R\xc9\xfc\xdc\xdb\xdb3\x99\
\xb0\xe0&\x22z\x9c\x1d\x03\x00\x00\x00\x80(\xd1\x8dF\
\xc3L\x00xxx\x18\xf6\xbeL5\x12\x00!\xa8V\
\xabR,\x16\xcd\x04\x18A\xf0\xaf\xb56\xef\xc3d\x82\
\x0c\x00\x00\x00\x00\x88\x02\xd7u\xcd2\x80J)_k\
m\xe6A\x0b\x1e\xaf\xd5jT@\x87\x80\x04\x80e\x17\
\x97\xbaXYY13a\xa6\xd3i\xcd{\x01\x00\x00\
\x00 j<\xcfS\xddn\xf7\xfc\xa2g<\x1e\xd7\xeb\
\xeb\xebR(\x14\x98\x03-\x04\xf1\xb0w`\x9a\x5c\x98\
\xe5\xd2\xacy\xb9\xb2\xb2b\xee\xb4\xdbm\xb3\x0c\xe0p\
8\x0cs\xf7\x00\x00\x00\x00\xe02\x98\xab\xa0J)}\
\xe5\xca\x15ggg\xc7/\x95J\xea\xe2\xc5Q\xd8\xc1\
Ug\x8b.\x0e\xf0[\xb7n\x99\x9f\x1f|\xf0\x81\xa3\
\xb56Y1Z\x00\x00\x00\x00\x00D\xcc\xf9U\xd0|\
>/\x89DB'\x93I]\xadV\xcd\xd2\x80\xe1\xee\
\xda\xf4!\x01\x10\x92/}\xe9K~\xf0\xf3\x85\x17^\
\xf0\xc7\x0f\xf1^\x00\x00\x00\x00\x88\x14\xcf\xf3\x82 _\
\xb5Z-}\xff\xfe}q]W\xf7z=\xb5\xb5\xb5\
\xa5\xa9\x00\xb0\x8f\x16\x80\x10T*\x15\xb9}\xfb\xb6\x13\
\x8f\xc7u\xbd^\x97l6\xab\x8f\x8f\x8f\xe9\x81\x01\x00\
\x00\x00\x105&\xc6Y^^\x96\xd9\xd9Y\xb9\x7f\xff\
\xbe\x9a\x9f\x9f7K\xa3k\xadI\x02X\xc6Ug\xcb\
*\x95\xca\xf9\x08\x1f\x0e\x87*\x9f\xcf\xcb\x83\x07\x0f&\
\x0f\xf1~\x00\x00\x00\x00\x88\x8cl6\x1b\xc4?~\xa3\
\xd1PGGGjuuU.L\x02\x08\xcb\x088\
\xedR\x9b\x9b\x9b\xe7\x03\xdd\xf7}s\x10L\xfe\x16<\
\x14\xde\xae\x01\x00\x00\x00\xc0\xa5P\xd9lV_\xb9r\
E\xef\xef\xef\xcb\xce\xce\x0e\xcb\x00\x86\x84\x04\x80]&\
\xf8___7\x83\xfd\xd5W_\xf5\x95R:\x9dN\
\xab\xd9\xd9Y\xdfu]\x0e\x02\x00\x00\x00\x00\x91\xe1y\
\x9e\x9e\x9d\x9d\xd5\xcdfSNNN\xf4\xea\xea\xaay\
|kkK_\xac\x8e\x86\x1d$\x00\xec2K]T\
\xabU)\x16\x8b\xa6\xffeaa\xc1\x0c\xfaN\xa7\xa3\
\x82\x83#\xec\x1d\x04\x00\x00\x00\x80\xa7\xc5u]\xa5\xb5\
V\x99LFF\xa3\x91\xb3\xb7\xb7g\xe2\x9f\x8d\x8d\x8d\
'\xaa\xa3a\x07\x09\x00\xbb\xb4\xd6gc\xfc\xee\xdd\xbb\
f\xe0\xef\xee\xeeJ\xab\xd52\x8f%\x12\x09\xde\x0f\x00\
\x00\x00\x00\x91\xe1y\x9eY\xff\xbf\xd9l\xca\xf1\xf1\xb1\
v\x1cG\xaf\xaf\xaf\x87\xbd[S\x8b\x80\xd3.\x13\xf4\
omm\x99,\x80\xef\xfb*\x97\xcbI&\x931\xf7\
\xfb\xfd>s\x00\x00\x00\x00\x00\x88\x12\xdd\xe9t\xcc\x1c\
\x00\xf9|\xde\xc4@a\xef\xd04c\x19@\xbbt\xa5\
R9O\xba8\x8ec\x02\x7f\xad\xb5J\xa5Rj8\
\x1c\x86\xbas\x00\x00\x00\x00\xf0\x94\x05\x01\xbfn4\x1a\
jqqQ\xee\xdf\xbfo\x1ed\x15\x80pP\x01`\
\x97*\x97\xcb\xbaV\xab\xa9d2\xa9\x0f\x0e\x0eL9\
Lp\xebv\xbb\xda\xf3<\xb2a\x00\x00\x00\x00\xa2F\
\xcd\xcd\xcd\x99X\xa7X,\xca\xee\xee\xae\x09\xfe\x838\
(\xec\x1d\x9b6$\x00\xec:\x9f\x03 \xb0\xb2\xb2\x22\
\x0b\x0b\x0b\xaa\xd9lJ*\x95\x92I\x8b\x00\x00\x00\x00\
\x00D\x84\x09\x80b\xb1\x98?Y\x02\xbd\xd7\xeb\x05?\
\x1d\xad5\xf1\x8fe$\x00B\x14\x8f\xc7\xf5\xf1\xf1\xb1\
\xa4\xd3\xe9\xc9\xc0'\x03\x06\x00\x00\x00 r\x1a\x8d\x86\
:>>\xd6\x0f\x1f>4\x93\x00\xd6j5b\x9f\x10\
\x90\x00\x08I&\x93\xd1\x9f\xf9\xccgL\xd9K:\x9d\
\x96n\xb7+$\x00\x00\x00\x00\x00D\x89\xeb\xba2i\
\x01x\xed\xb5\xd7\xce\xe3\x9d\xc7\x8f\x1f\xabJ\xa5B\x05\
\x80e$\x00BP*\x95\xe4\xea\xd5\xab\xce\xbd{\xf7\
\x1c\xdf\xf7\x9dV\xab%\xddnW\xd1\x02\x00\x00\x00\x00\
 J\xc6\xf3\x9c\x99\xe5\xff\x06\x83\x81\x13\x8f\xc7M\x12\
\xe0\x1b\xdf\xf8\x86\xde\xdc\xdc\xe4\x02\xa8e$\x00,S\
J\xc9\xce\xce\x8e\xde\xdd\xdd\xd5\x0f\x1e<\x90x<>\
\x0a\x1eO\xa5R,\x01\x08\x00\x00\x00 \x8aL\xecs\
rr\xa2\x97\x96\x96\xd4\xce\xce\x8eT\xabU\x13\x1b\xc1\
.\x96\x01\x0c\xc1\xe6\xe6f0\xe0\xd5\xca\xca\x8aY\x13\
s\xfc\xb0\xa2\x05\x00Q\xe0\xfb\x22\x89\x84#\x12\x8f3\
\xa4\xf1\x1cQ\x22\xfeH\xfc\xbe/\x0e\xa9\xf1\xcb7\x13\
\x13Q\x0e\x9f\x11\xc0\x0f\xa5$\x99\x0a>\x8f\x94\xf8\x1c\
&\x88\x88L&#W\xaf^\xd5\xfd~\xdf\xc4?\xa5\
RI\xb6\xb6\xb6H\x02XF\x02\xc0\xa2\xc9,\x97\x95\
JEn\xdc\xb8\xa1\xef\xdd\xbb\xa7\xdf\x7f\xff}\xf5\xe8\
\xd1\xa3\xc9\xff\x84\xd1\x8f\xe7^,\xa6\xa4\xd3\x1b\x89\x7f\
\xe2\x85\xbd+\xc0\x8f\xcd\xf7\xb5\xa4\x92\x8e\xc4\x13\x8ep\
\xb6}\xb9\x82W\xd7k\x0d\xa5?\xf4\xc5\xe1\xa4\x0f\xf8\
X\xb1\xb8H\xe3D\xcbh\xa8\xcd\xf7*\x10\x01f\xc6\
\xff\xc1`\xe0\x88\x88\xa9\x80\xaeV\xab\xb2\xb1\xb1\x11\xf6\
~M\x1d\x12\x00v\xe9\x8bA\xfe\xbd{\xf7\x9cn\xb7\
+\xe9tZNOO\x85\x04\x00\xa2\xe0\xea\x0b3\xf2\
\xb7\xfe\xf6#\xf9K\x7fyOR)\x87\x13\x17<\xf3\
\xb4/rr2\x90?\xfb\xa7\x7f\x8f|\xe5\x17_\x16\
\x19\xf4\xb90}Y\xe2\x8e\x8c\x06Z\xbe\xf9\x9f\xff\x0b\
\xf9\xd5\xff\xf5\x91\x5c\xc9\xcf\x84\xbdG\xcf\x87\xcb\xf8\x18\
\xfdQc\xfc\xb2?\xba\xd9\xfe\x8f\xf8\xb3/3qW\
r\x99\xeb\x92[\x98\x93\x91?\xbc\xe4\x1d\x02.O\x22\
\x91P\xc3\xe1\xd0\xb4;\xef\xee\xee\xea\xe5\xe5e\xc9\xe5\
r\xa6\x02\xa0P(\xa8r\xb9\xcc\xb7\xaeE$\x00,\
RJ\x89\xd6\xda\xb4\x00|\xe1\x0b_\x10\xc7q\xb4R\
J\xb7Z-I\xa5R\xd2n\xb7\x99\x07\x00\xcf=w\
.&\xff\xf2\xbd\xae\xfc\xfa?9\x0d{W\x80\xdf\x95\
\xef\xfd?\x1d\xa6\xc6\xb9l\xe3\xef\xc1\x7f\xfc\x7f\x9d\xca\
?\xff\xcdf\xd8{\x03<\xe3b\xf2\x07o\xbe$/\
\xbf\x14\x93N\x97\x04\x00\x9e_\xfd~\xdfw\x1cG\x05\
qO.\x97SA\x0c\x94L&\xf5\xce\xce\x8e\xda\xdc\
\xdc\xf4\xcb\xe5r\xd8\xbb8U8\xd3\xb1h\xd2\x02P\
\xadV\xcd\xcf\xd5\xd5U\xf3X6\x9b\xd5\xac\x02\x80\xc8\
\x18\x89\xb8.\x1f-x\xfe\xa4\x92\x8c\xdb\xcb\xa7E)\
\x91L\x9a\xeb\x0f\xc0\x8f\xe2&\x1c\x899\xe6\xfc1\xec\
]\x01>-\x95J\xa5\xa4\xd9l\x9a$\x80\xef\xfbj\
{{[j\xb5\x1a\x83;\x04|\x03[4\xa9\x00\xa8\
V\xab\xe6\xfe\xde\xde\x9e:>>\x96\xc1`pq\x22\
@\xe0\xb9\xc7d.x\x1e\x9d\x8dZ\xceE\xac\xe0#\
\x02\xf8\x91\x94\xa3L\xc2\x8cO%D\x80\xeev\xbb\x92\
\xc9d\xf4\xe4\x82h\xb1X\x0c{\x9f\xa6\x16\x97;\xec\
2\x9f\xe1\xd5jU\x07\x83\xdeq\x1c\x9d\xcf\xe7M\x1b\
\xc0\xc5\xbf\x03\x00\x00\x00@DL\xd2\xbe&\xd6\x09b\
\xa0\xb5\xb55R\xc1!!\x01\x10\x82R\xa9d\xca^\
&-\x00\xe3\x87\xb5\xeb\xba!\xef\x19\x00\x00\x00\x00<\
=\xe3\x18Gi\xadM\xec\x19\xc4@\x81\xad\xad-]\
\xa9TH\x04XF\x02\xc0.3\xc0\x0b\x85\x82\xde\xde\
\xde6\x0f\x5c\xb9r\xe5\xbc\x14\xc6\xf3X6\x0d\x00\x00\
\x00@tLb\x9cl6k*\x00\xf6\xf6\xf6L\xec\
\xb3\xb1\xb1\xa1677\xa9\x80\xb6\x8c9\x00\xec2\xcb\
\x00\xae\xaf\xaf\xab[\xb7n\xc9\xbd{\xf7\xcc$\x18s\
ss\xaa\xd1h\x84\xbdo\x00\x00\x00\x00\xf0\xd4\xa5R\
)i4\x1ajff\xc6\xb4\x00L\xe6D\x83}T\
\x00\xd8e\xb2]\xa5RI\x07\xc1\xff\xfd\xfb\xf7\x83\xc0\
\xdf\xeft:\xfe\xc5\xbf\x03\x00\x00\x00@\x14\xb8\xae\xab\
\xbb\xdd\xae?\xa9\x00\xf0}_\x15\x0a\x85 &\x12Z\
\x00\xec#\x01`\x97VJ\x99r\x97\xc7\x8f\x1f;\xf1\
x\x5c\x8fF#gnn\x8e\x81\x0f\x00\x00\x00 r\
&\x13\x9e7\x1a\x0d\xb3\x0c\xa0\xe38:\x99L\x9a\xc7\
\xca\xe52-\x00\x96\x91\x00\xb0K\x95\xcbe\xb5\xb5\xb5\
e\x06}\xbf\xdfwr\xb9\x9c\xb4Z-\x19\xb7\x07p\
\x00\x00\x00\x00\x00\x88\x8c^\xafgb\xceI\x22\xe0\xe0\
\xe0@\xf5z=s\x01Tk\xc2\x1f\xdb\x98\x03\xc0\x22\
=\x1e\xe1\xd5j\xd5\x1c\x04\x8e\xe3\xe8\x93\x93\x13=\x99\
\x03 \x91HP\x09\x00\x00\x00\x00 j\xd4d\xe2\xf3\
b\xb1(kkk\xa6\x05\x00\xf6\x91\x00\xb0H)\xf5\
\xb1Y\xaeI6\xac\xdf\xef\x87\xb1[\x00\x00\x00\x00p\
iR\xa9\x94\x89u\x16\x16\x16\xd4\xd1\xd1\x91\xdf\xeb\xf5\
\xc2\xde\xa5\xa9E\x0b\x80]&\xebU\xadV\xe5\xda\xb5\
k\xe7\xaf\xbd\xe38z\xfc^P\x03\x03\x00\x00\x00 \
2<\xcf\x93n\xb7+\xe3\xaag\x7f8\x1c\x9e\xc7D\
JQ\x00m\x1b\x09\x00\xbbL\x80_(\x14t:\x9d\
\xd6\xaf\xbc\xf2\x8a^XXP\xcdf\xd3d\xc5\x00\x00\
\x00\x00 J\x5c\xd75s\x9d\xb5\xdb\xed \x06\x8a\xf9\
\xbe\xaf\xd6\xd7\xd7'\x7f\xe6\x02\xa8e$\x00B\xb0\xbe\
\xbe\xae\x0a\x85\x82\x7f\xef\xde=\xe7\xf8\xf8X\xb4\xd6\xe6\
}\x18\x1f\x1c\x00\x00\x00\x00\x10)J)\xddh4\xcc\
\xf2\xe7\xbb\xbb\xbb\x93\xb8\x87\x12\x00\xcb\x98\x03\xc0\xb2J\
\xa5\xa2j\xb5\x9a\x9cU\xfe\x9b\xd2\x7fI\xa7\xd3\xba\xdf\
\xef\x8b\xe7y\x1c\x00\x00\x00\x00\x00\xa2\xc4I\xa5Rj\
0\x18H\xbd^W\xc5bQ.\xae\x02@\x1b\x80]\
T\x00X\xb6\xb9\xb9i\x82\xfe\xdd\xdd]\xbd\xba\xbaz\
>\x01\xe0dVL\x00\x00\x00\x00\x88\x10\xdd\xedvM\
\xbc\x93\xcb\xe5$\x93\xc9\xf8\x5c\xf8\x0c\x0f\x09\x80\x90|\
\xf9\xcb_\xd6\xef\xbc\xf3\x8e9\x10\xda\xed\xb6\xee\xf5z\
\x94\xff\x03\x00\x00\x00\x88\x1a\x13\xe7(\xa5\xf4\xf1\xf1\xb1\
\xdc\xbbw\xcf\x99\x9f\x9f\xf7\x0b\x85\x82f\x0e\x00\xfbH\
\x00X\xa6\x942\x93\x00V\xabU\xf3\xda\x07\x07A`\
vv\xd6\x0f{\xdf\x00\x00\x00\x00\xe0)S\x93\x0a\x80\
|>\xaf'm\xd0\xb5ZM1\x07\x80}$\x00,\
\xd2Z\x9b\xdbx\xb0K\xb1XTkkk\xe6o\x9d\
N\x87\xc1\x0f\x00\x00\x00 jt*\x952A\x7f6\
\x9bu|\xdfW\x939\x00`\x1f\x09\x00\x8b.Np\
\x91L&\xcdAp||,\x99L\x86e\x00\x01\x00\
\x00\x00D\x91\x9a\x9b\x9b\xd3\xd9lV\xbb\xae;\x9aT\
\x00\x14\x0a\x05\x92\x00!`\x15\x00\xcb\x94R\xa2\xb5\xd6\
\xaf\xbf\xfe\xba:==\xd5J)\xddl6e8\x1c\
\x8a\xeb\xbaa\xef\x1e\x00\x00\x00\x00<5A\x8c\xd3n\
\xb7\x9d^\xaf\xa7\xba\xdd\xaeY\x11@\xceZ\x00\xe8\xff\
\x0f\x01\x15\x00\x96i\xad\xa5R\xa9\x5c\xbco\x0e\x80\xd9\
\xd9Y\xcdl\x98\x00\x00\x00\x00\x22\xe6<\xd0WJ\xe9\
\x07\x0f\x1e\xc8\xfa\xfa\xbaT\xab\xd5p\xf7jJ\x91\x00\
\x08A\xadVS\xb5ZM\xc7\xe3q\x1d\x8b\xc5\xcc\xe4\
\x7f\x9dNG%\x12\x89\xb0w\x0d\x00\x00\x00\x00\x9e\x1a\
\xcf\xf3\xcc\xcft:-\xf5z]\x96\x97\x97\xe5\xddw\
\xdfU[[[a\xef\xdaT\x22\x01\x10\x82\xad\xad-\
}\xeb\xd6-\x19\x0e\x87j4\x1aM\xde\x03\xd5\xef\xf7\
C\xde3\x00\x00\x00\x00xz\x5c\xd7U\x22\xa2[\xad\
\x96\xe4\xf3yq\x1cG\xbf\xf9\xe6\x9b\x9a\x0a\x80p\x90\
\x00\x08\xc1\xc6\xc6\x86\xda\xde\xde\x16\xdf\xf7\xd5\xfc\xfc\xbc\
j6\x9b\xc1A\xe1\xbb\xaeK\x1f\x0c\x00\x00\x00\x80\xc8\
\xf0<\xcfT<+\xa5t\xbd^\x97\xc5\xc5E\xb5\xbb\
\xbb\xab\x0b\x85\x02\xb1O\x08H\x00\x84`kk\xcb\x0c\
v\xc7q\xf4\xe9\xe9\xa9^^^\xd6\xb3\xb3\xb3\xc1\xc1\
\xc1A\x00\x00\x00\x00 JL\xcc\x99\xc9ddmm\
\xcd\xccyv\xed\xda\xb5\xe01\xa7R\xa90\x07\x9ae\
\xac\x02`\xd9d\x90g2\x19\x9dH$\xe4{\xdf\xfb\
\x9e4\x1a\x0d\x95H$\x82\x83\x80\x03\x00\x00\x00\x00@\
\x94\xe8 \xd8o6\x9b\xd2\xeb\xf5\xf4\xe2\xe2\xa2~\xf4\
\xe8\x91\x7f\xe7\xce\x1d\xb9s\xe7\x0e\x17@-\xa3\x02\xc0\
\xb2r\xb9\xac\xd7\xd7\xd7M\xa0\xbf\xb7\xb7\xa7r\xb9\x9c\
y\xbc\xdb\xedjZ\x00\x00\x00\x00\x00D\x89\xeb\xba2\
;;\xebk\xad\x95\xef\xfb\xce\xfe\xfe\xbe\xf4z=\xf5\
\x8do|CkM\xf8c\x1b\x09\x00\xcb\xca\xe5\xb2\xaa\
V\xab2\xee\xfb\x97\xdd\xdd]\xad\x94\xd2\xe3\xcc\x18\x15\
\x00\x00\x00\x00\x00\x22\xc3\xf3<\xd5\xe9tL\x9c\x13\xc4\
=\xbe\xef\xabd2\xa9K\xa5R\x10\x07\x11\xffXF\
\x0b\x80EZ\x9b1\xae\xcb\xe5r\x10\xf8\x9b9\x00^\
{\xed5\xb3\x16fp<\x04\x07G\xd8\xfb\x08|j\
\x8eH\xffl\xae\x17\xeb\x82\xef\x90(g\x92\x1dG\x89\
\xefG\xf7\xf9}\x98\xed\xe7\x9bJ\xc5D$!2\xa3\
/.Y|\xb9\xf4H|\xcf\x17gj\xd2\xf1*\xf8\
2\x94v{\x14\xca\xd6\xa3|\x0c\xa9\xb3\x97v\xaaD\
\xf9\xfd\x04\xa2\xc4u]\x19\x0c\x06\xe6\xa2gp{\xf0\
\xe0\x81^ZZ2\x13\xa3k\xad}r\x00v\x91\x00\
\xb0(\x18\xf0Zk3\xc2o\xdf\xbe-\xf1x\x5c?\
z\xf4\xc8\x99<&\x22\xe1DM\xc0S\xe4\x0f\xb5\xa4\
\xd31\xc9\xa4\xe3\xe2\xc4Db\xb1\xcb\xffPw\x94\x92\
no$\x9dN8A\x85-ZkI&c\x92\x9e\
\x8b\x89\x1f\xe13\xfd\xe0\xfdlw\x86\xd2\xeb\xd9\xfdH\
<>\x1eH\xbf\xd7\x91v\xd3\xbb\xfc\xf0_\x8b\xf8\xbe\
\x98c%\x99tD\xa6%\x88\x09\xc6\xad\x12\xb9zu\
F\x12\x09\xc7<\xff\xcbgV\x9f\x92Vk$\x83A\
t\xbff\xcdK\xab\x94yM\xdd\x84\x13\xd9\xcf\x08%\
\xca<\xb7fs(\xa3Q4\x9f#\x10E\xe3\x09\xcf\
\xcdI\xe1\xf2\xf2\xb2*\x16\x8br||\x1c\xf6nM\
%\x12\x00\x96\x8d\xafP\x9ao\xac\xe1p\xa8\x82\x81\x9f\
N\xa7\x85\x0a\x00D\xc5\xa3G}\xf9#\x7f\xf8\x05\xb9\
\xf9s9s\xdemcP_\xb9\xea\xca_\xf9+\xef\
K\xe5\xcf\xff\x0b\x0b[\x0bO\xf0\xc9\xf1\xb5\xaf\xbe(\
\x7f\xae\xfc\x93\xd28\x1d\x88\x8eb\xd0\xe8(\xc9\xe5f\
\xa4\xf2\x9f\xfe\x0b\xf9\xab\xbf\xb2ou\xd3\xff\xe5_}\
_~\xf5o?\x94\xc1\xe0\xf2_\xd7 \xf8o4\x87\
\xf2\x17\xff\xfcO\xca/\xfe\x89\xcf\x88\x0c<kE\x07\
\xa1\x1a\xf9\x12s\x94\xfc\xb9\xcd\x9f\x94\xff\xf0O]\x97\
x\x5c]\xfagD\x22\xe1H\xbf\xaf\xe5?\xf8\x8f\xfe\
o\xf9{\xdf\xad_\xf2\xd6\xc2\x95L:\xf2\x97\xfe\xb3\
\xcf\xca\xcf\xff\x91\x17\xe4\xb8\xde\x0f{w\x9e>%&\
\x09\xfa\xf8\x83\xbe\xfc{\xdf\xd8\x91\x7f\xf6\xcf\x9ba\xef\
\x11\x80\x1f\x83\xe7yz0\x18\xa8X\xec,\xe9{\xfd\
\xfau\xbd\xbf\xbf\xeft\xbb\xddi\xf8\xe6{\xe6\x90\x00\
\x08\xc1\xc6\xc6\x86\xd3\xeb\xf5\xcc9O>\x9f7\xab\x01\
\x9c\x9e\x9ej\xd7u\xc3\xde5\xe0S\xeb\xf5|YZ\
v%\x99\x9e\xb5WF-)y\xed\xb5#K\xdb\x0a\
\xd7\xcb\xab)y\xe9\xfa\x0b\xf2\x92xa\xef\xca%Q\
\xa6\x0c\xff\xf7\x5c\x7f`u\xabAP\xfa\xf0a\xdf\xdc\
l\xda\xdf\xefM\xd7\xf4/\xfa\xec?\xabkiY]\
\x8bY\xfa\x8c\x08\xb63\x94\xabW\xa3\xff\x1d\x1b\x8f\x89\
\xfc\xbe\xdf\x97\x91\xa5\x97\xaf\xca\xd2\xcb\xbd\xb0w\xe7\x92\
\xc4d\xe5eO\xe6\xe79\x85\x05\x9e\x17\x17[\x00\x96\
\x96\x96\xfc\xbd\xbd=\xf5\xc6\x1bo\xf8\xc7\xc7\xc7$\x00\
B\xc0\xa7\xa7]Jk-\x1b\x1b\x1b\x92L&\xf5\xd5\
\xabW\xf5o\xfc\xc6o\xa8V\xabe\xfe\x98H$\xa6\
\xe8,\x10Q\x15\x8b\x89\xf4:\xbe$\x93\x9e\xbd\xb2\xe6\
\x84\x92Fchg[!kw\x82\xe7\xe9\x89\x0c\xfb\
\xd1,\x1bW\xca\xf4\xe0\xb7\xdav\xdf\xcfQH\xaf\xe5\
\xdc\xac\x8d\x12\xf8g\x8b\xf9\xa2\xeb\x0fDd`g\x83\
31\xe9\xf7F\xd2\xf3\xa2\xdd\x22$\xe3*\xa1z=\
x]{\x22\xfd\x88&\x09\x131i\xb7\xfb\xd2\x8fp\
;\x07\x10E\xb3\xb3\xb3&\x11pxx\xe8\xcc\xcc\xcc\
\xe8\xe3\xe3c\xe2\x9e\x90L\xcd\xb4C\xcf\x08]\xa9T\
\xd4\xd6\xd6\x96\xced2\xfa\xde\xbd{\xcedb\xc0\xe0\
\x8f\xfd~?\x82g\xf3\x00\x00\x00\x00\xa6\x98:::\
2\x01\x7f\xbd^W333\xfe\xce\xceN\xd8\xfb4\
\xb5\xa8\x00\xb0\xac\x5c.\xebZ\xad\xe6L\x96\x01<9\
9\xd1\xcb\xcb\xcbL\x82\x01\x00\x00\x00 r<\xcf\xd3\
W\xae\x5c1\x17:\xf3\xf9\xbc^]]5\x17>\x0b\
\x85\xc2d\x19@.\x82ZD\x05\x80e\xe5rYU\
\xabU3\xc8\x13\x89\x84\x1f\x1c\x04\x8dFcR\x02\xc3\
\xe0\x07\x00\x00\x00\x10)\xbe\xef\xc7|\xdfW\x8e\xe3\xe8\
\xfd\xfd\x1fL\xf2[.\x97C\xdd\xafiD\x02\xc0.\
U.\x97\xf5\xd6\xd6\x96\x09\xf8\xdf{\xef=\xd3\x02\xd0\
j\xb5t*\x95R\x9e\xe7\xf1~\x00\x00\x00\x00\x88\x8c\
d2\xa9{\xbd\x9e\xdfn\xb7u6\x9b5\xf1N\xaf\
\xd7S\x9b\x9b\x9b\xb2\xb9\xb9\xc9\x05P\xcbh\x01\xb0L\
k-J)}\xeb\xd6-9<<\x0c\x0e\x08\x19\x0e\
\x87\xd2\xedv%\x9b\xcdr\x00\x00\x00\x00\x00\x88\x8c^\
\xaf'\x9e\xe7I:\x9dV'''\xfa\xb5\xd7^\x93\
7\xdexColl\xa8B\xa1 TA\xdb\xc5\x15\
g\xbb\xcc\xe0\x9eT\x008\x8e\xa3\x83\xdb\xdc\xdc\x1c\xb3\
`\x02\x00\x00\x00\x88\xa4|>o.\x82j\xad\xd5\xfe\
\xfe\xbe\xdc\xbd{W\x95J%*\x00B@\x02\xc02\
\xa5\x94T\xabU\xb9w\xef\x9e\x99\x00#0^\x06P\
{^D\x97\xec\x01\x00\x00\x87\x18F\x89\x00\x00\x80\x00\
IDAT\x000\x95\x5c\xd7u&\xd5\xce\xd7\xae]\
;_\xc3\xf3[\xdf\xfa\x16\x17AC@\x02\xc0.\xa5\
\xb5\x96B\xa1\xa0\x9b\xcd\xa6\xc9~M\x96\xc4\x00\x00\x00\
\x00\x80\xa8\xf1<O\x8b\x88>==u\x1e?~l\
b\x9fd2\xa9o\xde\xbc)\x94\xff\xdbG\x02\xc0.\
\xad\x94\x92Z\xadf\x06~<\x1e7\x03\xbe\xd5jI\
*\x95\x12\x0e\x00\x00\x00\x00\x00Q377\x17\xc4A\
zaaAM\xaa\xa0k\xb5Z\x10\xfbp1\xd42\
\x12\x00\x16i\xad\xcf\x07x\xb1X\x94\xe1ph\xee/\
//\xebn\xb7+\xae\xeb\x86\xba\x7f\x00\x00\x00\x00\xf0\
\x94\xa9v\xbb\xad\x82X\xc8q\x1cs\xc1\xb3\xd7\xeb\xb1\
\x0czHH\x00X\xa4\x94\xd2\xe5rY\x15\x0a\x05\xbd\
\xbd\xbd-\x93\xecW\xa3\xd1P\xddnW\xc8\x80\x01\x00\
\x00\x00\x88\x18\x13\xe4\x07\xb1\x90\xef\xfbjooO\xad\
\xaf\xaf\x9b\xb6h\xe2\x1f\xfbH\x00\x84\xa8\xdf\xef\xab\x5c\
.'\xe9tZ\xf2\xf9\xbcb\x12@\x00\x00\x00\x00\x11\
\xa3\xba\xdd\xae\xa9\x008991\xc9\x80\x5c.\xa7'\
m\xd1\xb0\x8b\x04\x80e\x9b\x9b\x9b\xe7\x83\xfd\xe1\xc3\x87\
\xba^\xaf\xabX,\xe6w\xbb]\xca_\x00\x00\x00\x00\
D\x8d~\xe1\x85\x17\xfcl6\xab\xaf^\xbd\xaa\x97\x96\
\x96d{{[&\x13\x02\xc2.\x12\x00!(\x14\x0a\
\xba\xd7\xeb)\xdf\xf7\x95R\xca\xcc\x88\x99J\xa58\x00\
\x00\x00\x00\x00D\x8d\xf6}\xdfi6\x9b&\xe8?<\
<\x94\xed\xedmu\xf5\xeaU]\xa9T\x88\x81,\x8b\
\x87\xbd\x03\xd3D\xeb\xb3\x8b\xfc\xb5ZM\xd5j5\xbd\
\xb2\xb2\xa2c\xb1\x98\xef\xba\xae\x9c\x9e\x9e\x8a\xeb\xbaT\
\x01\x00\x00\x00\x00\x88\x92X\xaf\xd7\xf3s\xb9\x9cN\xa5\
R2\xae\x02\xd0[[[fy\xc0r\xb9\x1c\xf6\xfe\
M\x15*\x00,RJI\xa5R1\x93\x00\x16\x0a\x05\
\x93\xed\x1a\x8dFN\xbb\xdd\x0e\x0e\x06\xedy\x1e\x190\
\x00\x00\x00\x00\x91\xe1\xba\xae\x9e\xac\x86V\xaf\xd7eo\
oO\xad\xad\xad\xa9\x8d\x8d\x0d\x15\xc4G\xb0\x8b\x04\x80\
e\x9b\x9b\x9b\xe6*\x7f2\x994?\xaf\x5c\xb9\x12\x1c\
\x10N\xb7\xdb\x95D\x22\xc1\x11\x00\x00\x00\x00 2<\
\xcf3q\xcf$\x09p\xfd\xfa\xf5\xf3\xaa\xe7I\x854\
\xec\xa1\x05 \x04\x93I\x00}\xdfWGGG\xc1\xef\
:\x99L:\x9dN\x87#\x00\x00\x00\x00@\xe44\x9b\
M\x99\x99\x991\x15\x00\x8dFC~\xeb\xb7~\x8b\xd8\
'\x04T\x00\x84\xc8q\x9c\xf3A\xdf\xeb\xf5\xfcp\xf7\
\x06\x00\x00\x00\x00\x9e:5\xbe\xe9|>/KKK\
\xe6\xc1J\xa5\x12\xf6~M%\x12\x00\x16i\xad\xcf\xe7\
\x00\xd8\xde\xde6\x15\x00\xc1\xe3sss*\x95J\x85\
\xbd{\x00\x00\x00\x00\xf0\xb4\x99\xc9\xfe\xe6\xe6\xe6\x9c\x93\
\x93\x13\x9dH$\xf4\x8d\x1b7\xcc\x85P\xe6\x00\xb0\x8f\
\x16\x00\x8b\x82\x01\xae\xb5\xd6\x1b\x1b\x1bN\xa1P0+\
\x01\xe4\xf3y\xdd\xe9t\xfc\xe1p\xa8\x98\x03\x00\x00\x00\
\x00@\xc4\x98\x0a\x80v\xbb\xad\xe3\xf1\xb8\xb3\xbf\xbf/\
+++\xea\xf8\xf8X\x99\xd9\x01I\x02XE\x02\xc0\
\xb2I\x12\xe0\x8b_\xfc\xa2\xbf\xb2\xb2\x12\xebt:\x93\
?\xe9~\xbfO\x1f\x0c\x00\x00\x00\x80\xc8H&\x93~\
\xbf\xdfW\xd9lV\xa7\xd3i?\x9f\xcf\xcb\xbb\xef\xbe\
\xab\xfe\xc2_\xf8\x0ba\xef\xdaT\xa2\x05\xc02\xad\xb5\
lll\xa8;w\xee\xc8\xea\xea\xaaylnn\x8e\
\xb4\x17\x00\x00\x00\x80\xc8\xe9\xf5z&\xe6<==u\
\x1e?~\xac\xf6\xf7\xf7\xe5\xcd7\xdf\xd4\xa5R\x89\x8b\
\x9f! \x01\x10\x82\xad\xad-}\xeb\xd6-3\xf8\xeb\
\xf5\xbaj\xb5Z\xc1\xc3\xb4\x00\x00\x00\x00\x00\x88\x1a?\
\xb8e\xb3Y3\x09``wwWW\xabUb\x9f\
\x10\x90\x00\xb0L)ef\xbc\xdc\xde\xde6\xf7s\xb9\
\x5c\xf0\x98\xa6\x05\x00\x00\x00\x00@\x04\x999\x00\x1a\x8d\
\x86\xba\x7f\xff\xbey\xa0\xd7\xeb\xa9j\xb5\x1a\xf6~M\
%\xe6\x00\xb0L\xeb\xb3\x18\xff\xf6\xed\xdbrpp\xa0\
r\xb9\x5c\xf0\x989(\x5c\xd7\x0d{\xf7\x00\x00\x00\x00\
\xe0i2K\x00*\xa5\xfc\xd7^{M7\x9bMu\
\xe3\xc6\x0d\xfd\xa5/}I\xd4\xd9\x0c\x80\x5c\x04\xb5\x88\
\x0a\x00\x8b&\xc1\xff\xc6\xc6\x86*\x16\x8b\xe3\x87\xb4i\
\x01H\xa5R\xda\xf3<\x06?\x00\x00\x00\x80\xa81\x17\
<\x1f?~\xac^}\xf5U\x7f{{;\x88\x89\x84\
\xe0\xdf>\x12\x00\x16M\x96\xb8(\x14\x0a:\x18\xf4\xc5\
bQ)\xa5t&\x93\xd1\xddnW\xc6\x07\x06\x00`\
ZL>\xf5\x83\xef\x07[7 \x0a\xa6!d\xd0\xd3\
\xf0$1%\xf4\xec\xec\xac\xb9\xf0\xe98\x8e~\xef\xbd\
\xf7\xcc\x83[[[\xe7\x17Ha\x0f\x09\x80\x10ln\
n\xca\xda\xda\x9a\xda\xde\xde\xd6\x17Z\x00\x00\x00\xea\xec\
?=\xcf\x0fe\xf3\x8ec\xf7\xe38\x95\x8c\x89\xc8\x8c\
H<.2c\xeb\xe6\x88\x1f\xce\xcb\x0b<\x05J\xb4\
\xaf\xa5\xd9\x1a\x85\xbd#\x97\xae\xdf\xf7e4\x12qH\
\xdc\xe1\xf9g\x06q6\x9b\xd5\xa3\xd1\xc8YZZ2\
\xf7wvv\x18\xdc!`\x0e\x80\x10T*\x15\xc9\xe5\
rzeeE\x8e\x8f\x8f\xcd$\x80\xb3\xb3\xb3z\xbc\
\x1a\x00\x00L/s%\xc0\x97\xe5%W\xae\x5c\x99\x91\
\x85\x85\x99K\xbfh\x1d\xfc\xf3\xb1\xb8\x92\x87\xdf\xf7\xe4\
\xf8dx\xb9\x1b\xfb\x90\xf7\x0f\xbar\xfc\xc1\xa9\x1c=\
\xf6\xac\x5c\xed\x1b\xf9\x22K/\xba\x92\xcd\xc7E\x86\x5c\
u\xc1sHkqbJ>\xfb\xd99\xf9\xfe\xc3\xbe\
,,D\xf3T\xd6\xf7}I\xb9\xae\xcc\xcd\xc5d0\
 c\x87\xe7\x9e>::R\xe9tZ%\x12\x09\xbd\
\xbf\xbf/\x8b\x8b\x8bR\xab\xd5\xf8\x22\x0aA4?5\
\x9faJ)U.\x97eyy\xd9\x0c\xf8\x5c.'\
\x8f\x1e=R\x9dN\x87j\x0c\x000\xf1\xff@\xfe\xe4\
/\xbd$_\xfe\xf9\xab&0\xbfl1\xa5$\xbd0\
#\xff\xf1/\xff\xb6\xfc\xd5\xff\xfa\xe0\xd2\xb7w\xd1_\
\xf9\xaf\xf6\xe5\x7f\xf9\x1b\x0fe4\xb2\x10\xfc\x8f|\xe9\
t}\xf9\xcb\xff\xc5g\xe5k\xbft]D\xbcK\xdf\
&\xf0\xd4\x8d|\xc9\xce\xc5\xcc8\xeetFV>#\
l\x0b\x9eQ\x22!R\xaf+\xf9\xef\xfe\x9a\x96{\xf7\
\x06\x92\xc9\x84\xbdW\xc0\xa7\x93J\xa5\xcc\x17\xdd\xa4\xf2\
\xb9\xd7\xeb\xa9B\xa1\xc0\x04\x80! \x01`\x99\xd6Z\
W*\x15u\xe7\xce\x1d\xf1}_M*\x00\xc6\x83?\
z\xdfb\x00\xf0\xbb\xe4\xf7\xb5\xe4\xae%%wm\xce\
\xd2y\x819\xdd\x96\x17\x97\xec\xae\xc4\xe28J\x8e\xea\
\x03s\xb3\xe9\xd1\xe3>\x1d\x80xn\xe9\x91\x16'&\
\xb2|=\x1d\xf1\xd3&%/\x5c\xf3%5\xdb\x96\xe1\
`\x18\xf1\xe7\x8a)\xa1Z\xad\x96\xce\xe7\xf3\xfa\xe0\xe0\
@\xcd\xcf\xcf\xcb\xe6\xe6\xa6?Y! \xec\x9d\x9b&\
$\x00\xec2\x9f\xde\xeb\xeb\xeb\xea\xf6\xed\xdb*\x91H\
\xf8\x0f\x1e<\xd0\xe9tZu\xbb]\xd3\x17\x13\xf6\x0e\
\x02@\xd8\x9c 6\xed\x07'\xbc\x96\xca\xf1\x1de\xbe\
\x0d;\x1d\xbb=\xc5\xbe\x1f\xceG~2\xe9p\xae\x85\
\xe7\xd6\xf9\x82a}\xbb\x893\xebf\x94t[Z\x86\
C}\xf6\x99\x08D\xc0K/\xbd\x14\xc4=\xa6\xf59\
\xb8_\xadVU\xa9T\xa2\xc7\xc52>R\xec2\x83\
}ggG\x17\x8bE\x19\x0e\x87jaa\xc1\x19/\
\x03(\x9eG9&\x00\x00\x00\x80HQJ)\xff\xf4\
\xf4\xd4\x19\x0c\x06\xe7\xf1g\xb5Z\x15\xca[\xec\xa3\x02\
\xc0.5Y\x0a\xb0X,\xca\xea\xea\xaa\xfc\xf6o\xff\
\xb6\x9fN\xa7e42W\x9e\xb8$\x03\x00\x00\x00 \
J\xcc\x12\x80\xf3\xf3\xf3\xfe\xf1\xf1\xb1|\xf6\xb3\x9f\x95\
7\xdexC\x7f\xe9K_\x0a{\xbf\xa6\x12\x15\x00\x16\
\xe93\xb2\xb5\xb5e\xb2\x00\xfd~_\xd5\xebu\x95N\
\xa7\xcd\x9f]\xd7%\x03\x06\x00\x00\x00 2\x5c\xd7\xcc\
\xb1\xa3NOOc\xc1/\xfb\xfb\xfbr\xf7\xee]5\
\xae\x00\x80e$\x00,\x9a\x5c\xfe\x0f\x06{&\x93\xd1\
\x99L\xc6_[[3\x7f\xebv\xbb\x8a\x16\x00\x00\x00\
\x00\x00Q\xe2y\x9e\x9a\x9b\x9b\xf3\x95R\xfex\xf2s\
\xb9q\xe3\x06\x95\xcf!\xa1\x05\xc0.]\xa9T\x9c\xad\
\xad-\xfd\x85/|\xc1y\xf8\xf0\xa1j\xb7\xdb\xe7\xcb\
b\x8c\xb3c\x00\x00\x00\x00\x10\x19\xedv\xdb\x89\xc7\xe3\
\xb2\xb0\xb0\xa0r\xb9\x9c\xfa\xf6\xb7\xbfm\xaa\xa3\xc3\xde\
\xafiD\x02\xc0\xa2`\x8c+\xa5t\xadVs\xd6\xd6\
\xd6\xd4\xd1\xd1\x91\x19\xf4\x0f\x1e<PL\x02\x08\x00\x00\
\x00 j\x5c\xd7\xd5\x83\xc1\xc0\xcc\x03prr\xa2\xfb\
\xfd\xbe\x99\x10\xbdR\xa9\xc8\xe6\xe6f\xd8\xbb7uh\
\x01\xb0H)e\x92\x00\xa5RIr\xb9\x9c\x1e\x0e\x87\
\xea\xca\x95+:\x93\xc9L\xb2_\xcc\x01\x00\x00\x00\x00\
 2<\xcfS\x938\xa7^\xaf\x9b\xc7\x8a\xc5\x22\xc1\
\x7fHH\x00\xfc\xbf\xec\xfd}ld\xd9\x99\xd8\xf7\x9f\
s\xeb\xbdX\xc5\xd7\xe6\xb4\x86\xcb\xd1\xcc\xaf\xd1;\x82\
H\xcb\xb6\xd0\x92\xed\xf95\x10PJbd\x934\x82\
\xc0 \x01\xff\x97\x00\x86\x10/\x12`a;\xd9?\xbc\
YV\xd9\xb1\x81u\x828\x08\xb2k\xc00\xb0\xbb\x81\
\x0d'\xa4d\xc3\xee\xd5\x8c\x14(\x1a\xee\xaefW\xbb\
\x12g\xf4V\x94\xbag\xd4Cvs\xc8f\xf3\xbd\xde\
o\xd5\xbd\xe7\x09\xeea]\x8a\xf3\xa2\xdd\x1ev\xf7\xbd\
\xac\xe2\xf7\x03\xd4\xb0\xea\xb2\x07<$\xef)\xde\xe7\xdc\
\xe7yN\xc4\xca\xe5\xb2\x9e\x9f\x9f\x97\xd5\xd5U\xfb:\
\x98\x04CCC\xba\xd5j)v\x01\x00\x00\x00\x000\
`$\x97\xcb\xd9L\xe8\xf1\xf1qe\x8c\xd1SSS\
R.\x97\xe3\x1e\xd7\xa5\xc4\x02@\xc4J\xa5\x92=\xd9\
o\xdc\xb8a_\x8b\x88~\xf8\xf0\xa1\x9d\x0c,\x00\x00\
\x00\x00\x00\x180\xba\xd5j\xd9\x12\x00\xc7q\xe4\xf9\xe7\
\x9fW\xcb\xcb\xcb\xce\xcc\xcc\x8c&\xfe\x89\x1e\x0b\x00\x11\
\x13\x11U\xa9T\xf4\x1bo\xbc\xa1_x\xe1\x0556\
6\xa6\x0a\x85B\x98\x01\x00\x00\x00\x00\x00\x83D\xc2\x12\
\x80\xbd\xbd=\xbd\xbd\xbd\xad\xb2\xd9\xac\xf4\xb6\x01\xa4\x04\
:b,\x00DHD\xecN\x80\xf3\xf3\xf3\xf6\xa4\x0f\
\x8e9\x8ec'D.\x97S\xfc>\x00\x00\x00\x00\x0c\
\x92L&\x13\xc4:6\xd0\xbfr\xe5\x8a\x04\xf1O\xbb\
\xdd\xd6\xb3\xb3\xb3\xdc\xfd\x8f\x01\x01g\x84\xc2&\x80k\
kkr\xeb\xd6-y\xf0\xe0\x81\xad\x81QJI\xab\
\xd5\xb2\x1d2\xe3\x1e#\x00\x00\x00\x00<M\xadV\xcb\
h\xad%\x88}677u6\x9b\x95R\xa9do\
\x8e\x22Z,\x00D\xcb\x06\xf8333zkk\xcb\
\x9e\xed\x87\x87\x87jxxXZ\xad\x96f\x1b@\x00\
\x00\x00\x00\x83\xc4u\xdd\xd3\x9b\x9c\x22\xa2_y\xe5\x15\
{3t~~^\xd1\x03 z,\x00DLkm\
3\x00\xa6\xa6\xa6$\x99L\xca\xd8\xd8\x98\xcd\x02\xe85\
\x01d\x09\x0c\x00\x00\x00\xc0\xc0p]W\xe5r9\xa7\
W\x0e-\x1b\x1b\x1b\xbaR\xa98\xb3\xb3\xb3\xb61`\
\xdc\xe3\xbbl\x92q\x0f\xe02\x09O\xf0\x85\x85\x05}\
\xef\xde=\xbd\xbe\xbe\xee\x8c\x8f\x8fK:\x9d\xb6i1\
\xac\x80\x01\x00\x00\x00\x18$\xc3\xc3\xc36\xd6I$\x12\
v\x0b\xf4\xe9\xe9iY[[SKKKq\x0f\xed\
R\x22\x03 BZk\xd1Z\xab\xd9\xd9Y)\x16\x8b\
\x12n\x05X\xaf\xd7\x15w\xff\x01\x00\x00\x00\x0c\x1a\xd7\
uU\xab\xd5R\x85BA\x8d\x8f\x8f\x87=\xd0\xecM\
Qz\x00D\x8f\x05\x80\x88\x85\xdb\x00\x06\xcf\xb7\xb7\xb7\
mV\xc0\xf0\xf0\xb0\xbd\xf3\x9f\xc9d\xe2\x1e\x1e\x00\x00\
\x00\x00<U\xb9\x5c\xce\xde\xf4\x1c\x1f\x1fW\xe9t\xda\
d\xb3Y\xe9\x95\x00\xc4=\xb4K\x87\x05\x80\x98\xd4j\
5\xfd\xe2\x8b/J\xef\xb9=v\xb6A\x06\x00\x00\x00\
\x00\xf4\xbb\xb379\xf7\xf7\xf7u\xa7\xd3q\xda\xed\xb6\
\x0ebQ\xad5\xf1O\xc4X\x00\x88Ip\xd2?x\
\xf0@\x8d\x8c\x8c\xd8l\x80\x5c.\xa7\x5c\xd7%\x07\x06\
\x00\x00\x00\xc0\xc0\xe85\x01\xd4\xbdrh\x1b\xf0g\xb3\
Y\xa9T*4\x01\x8c\x01\x0b\x001\x98\x9d\x9d\xb5'\
\xfe\xd5\xabW\xb5\xe38\xc1\x89o\x7f\x0f\x94\x00\x00\x00\
\x00\x00\x18$A\x8c\xd3j\xb5\xa4X,\xda\xf2g\xdf\
\xf7u/\x03\x001`\x17\x80\x88\x9dit!\xaf\xbc\
\xf2\x8a\x1c\x1e\x1e\xda\xe7\xadV+\xd6q\x01\x00\x00\x00\
\xc0\xd3\xe6\xba\xaer\x1c\xc7\x96=ONN\xaaO~\
\xf2\x93\xfe\xee\xee\xae\x9a\x9f\x9f\x8f{h\x97\x12\x19\x00\
\x11\x13\x11U*\x95\xd4\x8d\x1b7\xd4\x83\x07\x0f\xd4\xc4\
\xc4DX\xf7\xa2\x83\xc9\x01\x00\x00\x00\x00\x83$\x9f\xcf\
\xdb\x8fGGGr\xf7\xee]b\xd0\x18\xf1\xc3\x8f\x96\
\xbd\xfd_*\x95N\x0f\xec\xed\xed\xd9\xe6\x17\xf9|\xde\
\x0c\x0f\x0f\xc796\x00\x00\x00\x00x\xdat\xb3\xd9\xb4\
OD\xc4\x96@W*\x15Y^^V4\x01\x8c\x1e\
\x0b\x00\xd1\x12\xad\xb5ZZZ\xb2\x0b\x01\xbd\x1e\x00f\
hhH\x07\x93\x81&\x80\x00\x00\x00\x00\x06Q\xb1X\
Tccc\xf6\xf9\xdc\xdc\x9c\x0d\xfci\x02\x18=z\
\x00DLD\xd4\xc2\xc2\x82\xdd\x05`xxXFG\
Gu\xbb\xdd\x96^\x09\x00+`\x00\x00\x00\x00\x06\x8d\
S\xadVu\xa7\xd31\xe9tZ\xd7j5\xbd\xb2\xb2\
B\xec\x13\x032\x00\xa2eW\xb8\xe6\xe7\xe7\xd5\xcc\xcc\
\x8c\xed\x01pxx\xa8\x82\xc9\xd0j\xb5\x84\x12\x00\x00\
\x00\x00\x00\x83$\x93\xc9H/\x13\xda\x06\xfc/\xbe\xf8\
\xa2\xb4\xdbm-\x22\xf6x\xdc\xe3\xbblX\x00\x88\x96\
=\xc1\xd7\xd6\xd6l\xcd\xcb\xe6\xe6\xa6m\x02\xd8\x9b\x0c\
\xa4\xbf\x00\x00\x00\x00\x1846\xce\xa9\xd5j\xbaP(\
$666t6\x9b\x95\x85\x85\x05M\x0c\x14=\x16\
\x00\x22\xa6\xb5V\x95JE\xcf\xce\xce\xaa\xe9\xe9i\xb5\
\xbf\xbfoS`\x94R\x86\x1a\x18\x00\x00\xf0$Nv\
\x1b\xd6J9\x03\xfe\x00\xd07z;\x9dI\xb1X\x94\
j\xb5j\x9e\x7f\xfey\xb5\xba\xba\xaafgg\xe5\xcc\
\x16\xe9\x88\x08=\x00\xa2e\xcf\xf0\xe5\xe5e\x9b\xee2\
==m;_^\xbdzU\xf7jb\xe2\x1e\x1f\x00\
\x00\xe8WZ\xa9|\xce9\xb9\xbcKzq\x8f\xe6\xd9\
2\xbe2\x1dQ\x0e\xb7\xb2\x80\x0b/\x93\xc9\xa8n\xb7\
k\xe3\xa0\x83\x83\x03\x9d\xcf\xe7evvVW*\x15\
[\x06\xc0\x22@\xb4X\x00\x88Pp\x82\x97\xcbe'\
8\xd9\xef\xdd\xbb\xa7677\x9d\xc9\xc9Iy\xef\xbd\
\xf7l\x09@&\x931q\x8f\x11\x00\x00\xf4'c\x94\
Z}\xb3\xa6&&\x1e\xa9\xbd\xfdn\xdc\xc3y&\x8c\
\x11\x95p\xb4\x9a\x99)\xa8\x91\x89\x94R].\x9d\x80\
\x8b\xae\x97\xe5lK\xa1\xc7\xc7\xc7Ok\xfeggg\
\xe9\x01\x10\x03\x16\x00\x22\xa4\xb5\xd6\xbdE\x00\xbb\x05\xc6\
\xf6\xf6\xb6t\xbb]\xa7P(\xa8\xe3\xe3ca\x1b@\
\x00\x00p^\xed\xb6\xaf\x16\xff\xc1;\xea\x1f\xff\x93w\
\x95\xf1\x07\xef\x9a:\xf8\x8e:\xaeQ\xe3\x13)\xf5\x7f\
\xff\xcb\xbf\xa8>weR)\xe5\xc6=,\x00\x7f\x8e\
N\xa7#N/]\xc7q\x9c\xd37\xa7J\xa5\x12\xf6\
\x00\x18\xbc7\xac\x0b\x8c\x05\x80h\xd9;\xfd333\
\xfa\xf6\xed\xdbv\x02\x1c\x1e\x1e*\xcf\xf3\x84\x93\x1f\x00\
\x00\x9c\x97\xd6'\x19\x00\x07\x87]\xa5\xd4`\xde\xfd\x0f\
\xb9\x1d\xa3ZmC\xef0\xa0Od\xb3Y\x93J\xa5\
\xc4u]5<<\xect:\x9d\xe0\x18qOL\xa8\
\x9c\x8a\x98\xd6Z\xcd\xcf\xcf\xcb\xb5k\xd7\xb41\xc6\xfe\
\xe5\x1a\x1a\x1a\xd2\xb9\x5cN2\x99\x0c\x7f\xc9\x00\x00\xc0\
\xc7&\x97\xe8R:\x9buT2\xc1}\x13\xa0_\xb4\
\xdbm\xc7\x18\xe3\x14\x8bEutt$/\xbc\xf0B\
p\x8c\xb8'&,\x00DLDT\xb9\x5c\xb6\x8d\x00\
\xb7\xb6\xb6\xec\x16\x80\x8e\xe3H\xab\xd5\x0a;d\x02\x00\
\x00\x00\xc0\xc0\x08b\x9dj\xb5\xaa\x83\xb8gccC\
\xcf\xcc\xcc\xa8\xa5\xa5%\x1a\x00\xc6\x80\x05\x80\x88\x95\xcb\
e{\x96\x97J%\xbbl-\x22\xbaV\xab\xa9|>\
\xcf26\x00\x00\x00\x80\x81\x92\xc9d\x82\x0f\xf6\xc6\xa7\
\xea\xf5\x01\xb8w\xef\x9e,,,h\xb9L\xe9K\x17\
\x04=\x00b\xd0\xdb\x05@OOO\xab\xcd\xcdM\xbb\
 \x90\xcb\xe5X\x8c\x01\x00\x00\x000hl\xbf3\x11\
\xd1\x13\x13\x13\xaa\xd1h\x9c\x96\x00\x90\x01\x10=\x82\xce\
\x88-..\xdae\xae\xd5\xd5Uu\xf5\xeaU=6\
6&\x9f\xf8\xc4'\x823\xdf\xf4V\xc7\x00\x00\x00\x00\
` \xf4\xca\x9cm\x06\xc0\xfe\xfe~xL\xcf\xce\xce\
\x8a\x90\x02\x109\x16\x00b\x10\x9c\xec\xa5RIvv\
v\xec\x09_\xaf\xd7m\x06\x00=\x00\x00\x00\x00\x00\x0c\
\x92 \xd8\xcf\xe7\xf3\xb6\xf4\xd9\xf7}\xc7\x18\xa3GF\
F\xcc\xca\xca\x8a\xc3v\x1e\xd1c\x01 bZk[\
\x02P\xa9T\x9c^\x06\x80=\xdej\xb5X\xfd\x02\x00\
\x00\x000P\xc2,\xe7\xe1\xe1\xe1\xd3\x06\xe8\xc1\xeb\xd7\
_\x7f\xdd\xc4=\xb6\xcb\x88\x05\x80\x88\x89\x88Z^^\
V\xf7\xee\xdd\x93\xfd\xfd}s\xef\xde=\x9b\x01\xa0N\
&\x07\x8b\x00\x00\x00\x00\x00\x06\x894\x9bM\xbb\x05\xba\
\x88\xe8\xcd\xcdM\xf5\xdcs\xcf9\x0b\x0b\x0b\x9a\x1e\x00\
\xd1c\x01 B\xc1\x09_.\x97u\xb8\x03\x80\xe7y\
zttT\x17\x0a\x05\xfby\xd7u\x99\x01\x00\x00\x00\
\x00\x06F/\x03@\xd7\xebu\xa5\xb5\x96\xe9\xe9i\xf5\
\xe8\xd1#3??\x1f\xf7\xd0.%\x16\x00\x22\x14n\
}133\xa3\x8b\xc5\xa2lnn\xaa\xa3\xa3\xa3\xd3\
-1h\x02\x08\x00\x00\x00`\x90\xf4z\x00\x980\xe6\
Q'\x0d\xd1\xf5\xf2\xf2\xb2\xa2\x07`\xf4\xd8\x060B\
\xbd\x13\xdc\xfe\xe77~\xe37\x9c\xe9\xe9i\xbb\x0dF\
:\x9dv<\xcf\x93\xb0\x14\x00\x00\x00\x00\x00\x06\x81\xeb\
\xbajhh\xc8\x11\x91\xd3l\xe7\xd9\xd9\xd9x\x07u\
\x89\x91\x01\x10\xb1r\xb9\xac\x17\x16\x16l\x06@x\xac\
\xd1h\x88\x888\xe9t\x9a\x12\x00\x00\x00\x00\x00\x03#\
\x93\xc9\xc8\xc1\xc1\x81\xcdz>88\xb0\xc7\xb2\xd9\xac\
\x8d\x85\x82\xd8(\xee\xf1]6d\x00DHk\xad\x82\
H?\xf8x\xe3\xc6\x0d\xbb\x05Fp\xbcP(\xa8\xe3\
\xe3ce\x8c!\x07\x06\x00\x00\x00\xc0@\xc9\xe5r2\
<<,SSS\xd2h4T\xbb\xdd\xd6\xe1\xd6\xe8\
q\x8f\xed\xb2!\x03 Z6\xe0/\x95J\xf6\xc5\x8b\
/\xbe(###\xb6!F\xab\xd5Rd\x00\x00\x00\
\x00\x00\x1806\xc6\xf1}\xdf\xd9\xdd\xdd\xd5W\xaf^\
\xd5\xd9lV\x16\x17\x17\xe9\x01\x10\x03\x16\x00\xa2\xf5\xbe\
3|{{[\xaa\xd5\xaa\xa9\xd7\xeb*\x97\xcb\x19\xad\
5{a\x02\x00\x00\x00\x18$6\x06\x0ab\x1e\x11\xd1\
\xab\xab\xabR,\x16eaa\x81\x9b\x9f1`\x01 \
B'\xd9\xffZU*\x15{\xb2{\x9e\xa7\xc7\xc7\xc7\
\xc3O\xebpu\x0c\x00\x00\x00\x00\x06\x84\x8ds\x86\x87\
\x87%\x91H\x98W^yE\xd5j5[\x02pv\
g\x00D\x83\x05\x80\xe8\xd9 \xff\xda\xb5k\xda\x18\xa3\
\xdfy\xe7\x1d](\x14\xec'\xaa\xd5*\x13\x00\x00\x00\
\x00\xc0\xc0p]\xf74\xc6\xf1}\xdf\xd9\xd8\xd8\xd07\
n\xdc\xb0\xaf\xcf\xee\x0c\x80h\xb0\x00\x10!\xad\xb5\x04\
fgg\xe5\xde\xbd{\xe28\x8e\x9d\x0c\xe1\x02\xc0\xf0\
\xf00\x13\x00\x00\x00\x00\xc0\xc0\x08b\x9c|>/\xb5\
Z\xedC\x9fc\x17\x80\xe8\xb1\x00\x10\x83\xc5\xc5E\x09\
\xb7\x01\xbc~\xfd\xba4\x1a\x8d\xe0\xb9v]7\xee\xa1\
\x01\x00\x00\x00\xc0S\xd5l6u\xadVS\xcf=\xf7\
\x9cq\x1cG\xbe\xf9\xcdo:\x95JE\x07qQ\xdc\
c\xbblX\x00\x88\x90\x88\xd8\xad\x00\x17\x16\x16\x9c\x95\
\x95\x15e\x8c\xd1\x9e\xe79CCC:\x97\xcb\xc5=\
<\x00\x00\x00\x00x\xaa\xc2\x9b\x9c\xc5bQ\x85\xbb\x00\
d2\x19\xa1\x07@<X\x00\x88P\x10\xfc\x87J\xa5\
\x92r\x1c\xc7\xee\x02\xd0h4\xe4\xe0\xe0@>\xb8K\
\x00\x00\x00\x00\x00\xf49\x09ov\x8a\x88\xde\xde\xde\xb6\
\xcfK\xa5\x92.\x95J\xc4\xa3\x11\xe3\x07\x1e1\x11Q\
\xf3\xf3\xf3\xea\xf6\xed\xdb\xba\xf7Z\x07\x8f\x5c.\xc7.\
\x00\x00\x00\x00\x00\x06J&\x93\xd1\x07\x07\x07\xb6\x07\x80\
\xd6\xfa\xb4\x0f\x9a\x88\x08%\x00\xd1c\x01 BA\xf0\
\x1fX^^\xb6\x1f_x\xe1\x05;\x09z\xa9/\x9c\
\xfc\x00\x00\x00\x00\x06\x8a\xeb\xba*\x97\xcb\xe9\xa9\xa9\xa9\
\xf7\x1d_XX\xd0g3\xa4\x11\x8dd\xdc\x03\xb8L\
z'\xb8\xdd\x0a\xe0s\x9f\xfb\xdc\xfb>\x17L\x0a\xcf\
\xf3\xe2\x1a\x1a\x00\x00\x00\x00<\x13A\xacS\xadVu\
:\x9d>=\xb6\xb4\xb4do\x80\xb2\x08\x10-2\x00\
\x22&\xbd4\x80k\xd7\xae\xe9\x07\x0f\x1e\x9c\x1eo\xb5\
Z\xc2.\x00\x00\x00\x00\x00\x06M\x10\xeb\x04\x1f\x0f\x0e\
\x0el#tu\xb2\x05`\xdc\xc3\xba\x94X\x00\x88\x96\
\xee\xed\x02\xa0\xd7\xd6\xd6\xd4\xe6\xe6\xa6\x1a\x1f\x1fW\xf9\
|>\xf8=\xd8n\x98q\x0f\x10\x00\x00\x00\x00\x9e\xa6\
|>/\xc3\xc3\xc3266\xa6\x1d\xc7\x91\x9b7o\
J\xa9T\xe2\xd6\x7f\x0cX\x00\x88\x90\x88\xd8\xc7\xec\xec\
\xacd\xb3Y\x99\x9e\x9eV\xfb\xfb\xfbZkm;c\
\xba\xae\xcb$\x00\x00\x00\x00002\x99\x8cj6\x9b\
\xbaZ\xad\x9e\xc6\x9e\xab\xab\xab\xb61:\xe9\xff\xd1c\
\x01 B\xbd\x86\x7f\xbaR\xa9\xe8v\xbb\xad_x\xe1\
\x05{\xbc^\xaf\x9f\xa6\xc5\x00\x00\x00\x00\xc0\xa0\xe8\x95\
9K\xbd^7\x1f\xfc\x5c\xd8$\x1d\xd1\xa1\x09`\x84\
z'\xb8\xfd\xcf_\xf8\x0b\x7fA=x\xf0@\xf5v\
\x00P\xb9\x5cN5\x1a\x0df\x00\x00\x00\xc0\x9f\xc1\x18\
.\x97\x80>#\xb9\x5c\xceI$\x126\xf3\xd9\x18c\
o\x86\x86M\x00\x11-2\x00\x22\x14\xa6\xb8,,,\
\xe8J\xa5bO\xfe\xd1\xd1Q{\xf0\xe0\xe0\xc0\xfe\x93\
\x98\x87\x08\x00\x00p\xa1u\xbb\xa2|_\xb8l\x02\xfa\
\x87\x0e\xb3\x9d\xc7\xc7\xc7\xd5\xcb/\xbfl\xb2\xd9\xach\
\xad\x89Ec@\x06@\xc4\xb4\xd6\xb6\xde\xe5\xc6\x8d\x1b\
juuU\xae]\xbbv\x9a\x05\x00\x00\x00p^\xa9\
\x94\xa3\xfe\xca\xe7\x87\xd5\xf4/\xe4T\xdb\xf5\xe3\x1e\xce\
\xd3'J\xb9\xaeQ\xa3\xa3)u\xe5JJ)5\x80\
\xdf#0\x98NS\xff\xf7\xf7\xf7\xed\xdd\xff\x91\x91\x11\
=??\xff\xa1\x92\x00<{,\x00\xc4`vvV\
vwwm\x13\xc0\xa3\xa3#\x11\x11\x9d\xcb\xe5\xb4!\
\xa7\x0d\x00\x00\x9cS:\xad\xd5\xaf\xfe\xbd\xff\x9f\xfa\xcf\
n}B\xd5\x8f;q\x0f\xe7\x99\x08\xa2\x05G+5\
\x94s\x94\xf2\xbc\xb8\x87\x03\xe0\xf1\xd8t\x9dB\xa1`\
\xfb\x01\x84\xdb\x00\x061Q\xdc\x03\xbb\x8cX\x00\x88X\
\xa9T\xd2\x8b\x8b\x8b\xea\xf6\xed\xdb\xb6\x09\xe0\x1f\xff\xf1\
\x1f\xdb\xc9\x90\xcdf\xb5\xef\xfb\xe4\xb2\x01\x00\x80s\xd1\
Z\xa9+\xe3i\xe5$sjxb\xc0/)\x8c\xaf\
LG\x94C\x021\xd07\xea\xf5\xba\xfa\x85_\xf8\x05\
s\xe7\xce\x1dy\xfe\xf9\xe7effF\x87\xfd\xd1\x10\
\x1d\x16\x00\x22V*\x95\xa4R\xa98\xab\xab\xab\xea\xc6\
\x8d\x1b\xfa\xfa\xf5\xebjggG\xda\xed\xb6o\x0cY\
0\x00\x00\xe0\x9cD\xa9F\xcbWJu\x95\xea\x0c\xfe\
\xddq\x82\x7f\xa0o\xe8|>/\xae\xeb\xaaG\x8f\x1e\
9SSS\xfa\xc6\x8d\x1bj~~\x9e\xe0?\x06\xbc\
uF,\xdc\xeabvvV\x07\x81\xff\xc1\xc1Ap\
L\xf7~\x17L\x02\x00\x00\x00\x00\x83D\x9a\xcd\xa6.\
\x14\x0a\xb6\xf7\x99\xe38\xf2\xc6\x1bo\xe8\x85\x85\x85\x01\
OU\xba\x98X\x00\x88P/\xd0\xb7\xf5.\xf3\xf3\xf3\
fssS\x87\xc7\x08\xfe\x01\x00\x00\x00\x0c \x9b\x01\
P\xaf\xd7m<\xf4\xc2\x0b/\xa8\x9b7o\xda\xd8\xa7\
\x5c.\xb3\x08\x101\x16\x00\x22\xa4\xb5\x16\xad\xb5\xaaT\
*\xbaT*9SSS\xf6x\xa1P8\xfd'q\
\x8e\x0f\x00\x00\x00\x00\x9e\xb6f\xb3i\xe3\x9c\x91\x91\x11\
\xbd\xb1\xb1\xa1\xa7\xa6\xa6\xec\x02@\xa9T\x8a{h\x97\
\x0e\x0b\x00\x11\x13\x11\x9b\x01p\xe3\xc6\x0dI\xa7\xd3F\
Dt\xbd^\xb7\x9fr]7\xee\xe1\x01\x00\x00\x00\xc0\
\xd3f\x03\xfej\xb5j\x9b\x9e\x95J%\x1b\x87JX\
\x1f\x8d\xc8\xd0\x040\x06\x95JE\x17\x8bE\xd9\xd9\xd9\
\xd1Zk\xa9\xd7\xeb\x92\xcb\xe5\x82cd\x00\x00\x00\x00\
\x00\x18H\xe3\xe3\xe3jrrR\xc6\xc6\xc6\xe2\x1e\xca\
\xa5E\x06@\xb4\x82\x80\xdff\x00\xec\xee\xee:\x9b\x9b\
\x9b\xf6`\xa1P\xd0\xbdO\xb2\x02\x06\x00\x00\x00`\x90\
H\xab\xd5\xb2M\x00\xf7\xf7\xf7m\x09@\xdc\x03\xba\xcc\
X\x00\x88\x90\x88\xa8R\xa9\xa4+\x95\x8a=\xe9\xa7\xa6\
\xa6\xf4\xd8\xd8\x98\x1a\x1e\x1e\xb6\x81?%\x00\x00\x00\x00\
\x00\x06\x8c\xce\xe5r\xb6\x09\xa0\xd6Z\xb6\xb6\xb6l\xec\
3;;+\xdc\x00\x8d\x1e%\x00\x11\x0aNp\x11Q\
\xcb\xcb\xcb\xfa\x1b\xdf\xf8\x86\xdc\xbd{\xd7|\xff\xfb\xdf\
W\xddn\xd7.\x08d2\x99\xb8\x87\x08\x00\x00\x00\x00\
O\x8d\xeb\xba\xb6\xdc9\x88\x85FGGu6\x9b\x0d\
\x1e\xb2\xb2\xb2\x12n\x83\xce\x22@\x84\xc8\x00\x88\xc1\xf2\
\xf2\xb2Z]]Uw\xef\xdeu\x0e\x0f\x0f\xed\xb1`\
R\x90\x01\x00\x00\x00\x00`\x90\x0c\x0f\x0f\xdb\x9b\x9d\x22\
\xa2\xc3\xd8\xe7\xda\xb5k\xfa\xf5\xd7_\xf7\xe9\x01\x18=\
\x16\x00\xa2\xa5\xc3\xbd.WWW\xed\x81\xeb\xd7\xaf\xdb\
t\x98V\xab\x15\xf7\xd8\x00\x00\x00\x00\xe0i\x93^/\
\xb4\xd3h\xff\xad\xb7\xde\xd2\x0b\x0b\x0b\xc4\xa21\xe0\x87\
\x1e-Y\x5c\x5c\x94\xf9\xf9yu\xe3\xc6\x0d\xe58\x8e\
\x1c\x1c\x1c\xa8B\xa1\xa0H}\x01\x00\x00\x000h\x5c\
\xd7\xd5gc\x9d\xe7\x9f\x7f^e2\x19\xfbZk\xfa\
\x01F\x8d\x05\x80\x18,//\xabv\xbb\xad_x\xe1\
\x05\x9b\x0aS(\x14T\xab\xd5b\x01\x00\x00\x00\x00\xc0\
\xa0y_\x9c\xb3\xb3\xb3#7o\xde\x94 &\xa2\x04\
 z,\x00D\xcb\x96\x00,--I\xa5R1\x1b\
\x1b\x1b\xfa\xf0\xf0\xd0\x9e\xf5\xe3\xe3\xe3ve\xcc\xeb\xaa\
\xf7\xe2\x1e$\x00\x00\x00\x00<)#&\x88mN{\
\x00LLL\xd8\xd8\xe7\x8d7\xde\xd0sss\xdc\xfe\
\x8f\x01\x0b\x00\xd1\xb2%\x00\x0b\x0b\x0b\xfa\xc6\x8d\x1b\xda\
q\x1c\x19\x1b\x1b\xd3gz\x000\x09\x00\x00\x00\x00\x0c\
\x94 \xd6\xd1Z\xdb\xf2\xe7\xabW\xaf\xda]\x00&'\
'\xb9\xfd\x1f\x03\x16\x00br\xed\xda5\x1b\xecOL\
L\xd8&\x80\x00\x00\x00\x000X\xb4\xdd\xea<\x97\xcb\
\xd9\x0c\x80\xf1\xf1q\xb5\xbd\xbdm\xcb\xa1\xe7\xe7\xe7\xe3\
\x1e\xdc\xa5\xc4\x02@\xc4\xc2]\x00\x96\x97\x97\xc5\x18\xa3\
\xdfy\xe7\x1d\xa7X,\xda\xd5\xaf`r\x00\x00\x00\x00\
\xc0 \xc9\xe7\xf36\xde988\xb0\xaf?\xf9\xc9O\
\xea\xe5\xe5\xe5\xb8\x87u)\xb1\x00\x10\xb1\xc5\xc5E\x99\
\x9d\x9d\x95/}\xe9K*\x9dN\x9b\xb1\xb1\xb10\xf5\
E\xbb\xaeK\x1a\x0c\x00\x00\x00\x80\x81\xd2l6\xdf\xf7\
\xfa\xfe\xfd\xfb\xec\x02\x10\x13\x16\x00bP\xa9T\xf47\
\xbf\xf9M\xa7\xd3\xe98Zk\x11\x11{\xe6\xbb\xae\x1b\
\xf7\xd0\x00\x00\x00\x00\xe0\xa9\xe9\xdd\xe4<\x8d\xf4\x1d\xc7\
\xb1\xbb\x00,--q\xf33\x06,\x00DLk\xad\
\x82\x93}zz\xda\x0fN\xfe \xf8\xaf\xd7\xeb\xc1\xc9\
/\x99L\x86%0\x00\x00\x00\x00\x03\xc3u]\x1b\xe3\
\x9cm\x02\xf8\xc6\x1bo\xe8\x85\x85\x05M\x13\xf4\xe8\xb1\
\x00\x10-\x1d\xeeu999i\x7f\xf6\x22\xa2\x0b\x85\
\x82\xce\xe5r*\x93\xc9\xb0\x0a\x06\x00\x00\x00``\x84\
}\xce\xce6\x01\xccf\xb3\xb2\xbc\xbc,\x12\x06G\x88\
L2\xee\x01\x5c&\xc1\x09^.\x97\x9dJ\xa5\xa2\xef\
\xdd\xbb\x17\xee\xff/\xbb\xbb\xbb\xd2j\xb5\x941\x86\x15\
0\x00\x00\x00\x00\x03\xc3u]\xc9\xe5r\xaa^\xaf\xdb\
-\xd0\xd3\xe9\xb4y\xee\xb9\xe7\x9c\xb9\xb9\xb9 \x1e\xf2\
\xe3\x1e\xdfeC\x06@\xb4\xf4\xe2\xe2\xa2\xadw)\x16\
\x8bv\x17\x80\xa3\xa3#\x11\x11\xa7\xd5j\xc5=6\x00\
\x00\x00\x00x\x8aDe2\x19\x9b\xed\xfc\x89O|\xc2\
\xde\xec\xect:\xce\xfd\xfb\xf7err\x92\xbb\xff1\
`\x01 BZ\xeb\xf0\xa1_~\xf9e;\x01\x0e\x0e\
\x0e\xec\xc7\x89\x89\x09\xa1\x09 \x00\x00\x00\x80\xc1q\x9a\
\xe0\xac\x1d\xc7\xb1\x01\x7f\xf01\x9b\xcd\x86\xbb\x00\x90\x01\
\x1d1\x16\x00\xa2eO\xf4R\xa9$\xab\xab\xab\xea\xc5\
\x17_\x94\xeb\xd7\xaf\xdb\x06\x80\xcdf\x93\x1e\x00\x00\x00\
\x00\x00\x06J&\x93\x09\x02}S\xadV\x83x\xdf\xc6\
;\xedv;\x0c\xfc\x89\x7f\x22\xc6\x02@\x84\xc2\xed\xfe\
B\x1b\x1b\x1bz\x7f\x7f_\x0f\x0f\x0f\xdb\xad1\xc2\x06\
\x19\x00\x00\x00\x00\xd0\xffDU\xabU\xd9\xdf\xdfWa\
\xf0\x9fL&\xed\xc7\xd9\xd9Y\x9a\x00\xc6\x80\x05\x80\x08\
\xf5\xf6\xfc\xb7\xcf\xc3U\xaf\xc3\xc3C\xa9\xd5j\xaa\xd5\
jq\xf2\x03\x00\x00\x00\x18(a\x0f\x80b\xb1h_\
\xaf\xaf\xaf;7o\xde\x94J\xa5\xa2)\x01\x88\x1e\x0b\
\x00\x11:\xbb\xc0\x15\x9c\xf4\x8e\xe3\xc8\xf8\xf8\xb8}\x1d\
L\x8ap\x8fL\x00\x00\x00\x00\xe8\x7f:,s\xd6\xd5\
jU\x1f\x1c\x1c\xa8\xe9\xe9i[\x0e\x8dx\xb0\x0d`\
\x84\xb4\xd6\xa7\x8b\x00\xc1Io\x8c\xd1\xa3\xa3\xa3\xfa\xd1\
\xa3G:\x9f\xcf\xab\xfd\xfd\xfd\xb8\x87\x08\x00\x17\x83\xa3\
O\x1e\x91\xd1*\x11\xe9\xd7\x0b\xfe&(\x15G\xe2\xa3\
\x98\xe8\xbf&\xf0\xd4%\xf4\xc9$\x1aT\xc1[`\xe2\
\xa4}\x1a)\xa2\xe8w\xae\xeb\xda\x1b\x9f\x85BA\xa5\
\xd3i\x1b\x03\xdd\xb8qC\x1d\x1e\x1e\xc6=\xb4K\x89\
\x0c\x80\x88i\xadU\xa9TR\xc1I\x1fL\x84{\xf7\
\xee\xd9\xf7\xf5 \xf8\xcfd2\xe2\xf9~-\xee1\x02\
@\x9c\x8c\x09\x17\x00\x9c\x88\x1e\x09\xfb\xe70\x91\x88:\
\x98\x88'x\xf1}\xc2\x09\xf4\xb9`\xea$\xa2z\x7f\
\x88\xe9\xa1\x1c\x95Lk\xa5\x1d\x1d\xcbB!\xf0\xb4\x18\
c\xde\x0b\xff\xe05\x1a\x0d\x9b\xfd\xbc\xb5\xb5u\x9a\x01\
P*\x95\x06x%\xefb\x22\x03 b\xbd\x0c\x00\xf9\
\xdc\xe7>g\x1b`\x5c\xbbvM\xef\xee\xeeJ.\x97\
\x0b&\x88\xf8\xbe\xae\xc6=F\x00\x88\x93\x93M\xa8\xef\
~\xfbP\xfd\xd1\x1f\x1d\xa9\x5c>\xf1\xcc\xc3d\xed(\
U,$\xd4\xea\x9b\xd1\xbe\xfd\x06\x7f\x0f\xfe\xff\x7fm\
T\xfd\x95\xbf2\xa2\x1a\x0d\xff\x99\x7f=cD5\x9b\
F}\xe63\x05\xa5\xd4\xb3\xffz\xc03\x91tT\xa7\
\xe9\xab\xaf\xdd~\xa8\xd6\xd7[*\x9fO\xc4=\xa2\xa7\
O+\x95H\x18\xd5j&\xd5\xde^Q\x0d\xe5S\xc1\
\x0c\x8e{T\xc0\x13\xc9\xe7\xf3*\x95J\xd9\x12\x80\xab\
W\xaf\x9e\xde\x84.\x95J\x9c\xdc\x11c\x01 bZ\
k)\x95J\xf6\xa4\xf7<O\xd7\xebu-\x22\xf6u\
&\x93a\x05\x0c\xc0\xe5f\xdf\x05\x93\xea\xf6\xef\xed\xaa\
\x7f\xf0\x8f~\xaa2\x99g\x9f\xa8\x16\xbe\xf1v=\x89\
<-\x7f\xfeo\x5cU\xbf\xf2\xf7^Vn\xd3\x8d&\
\xcfW\x94\xb2\xcd\x97;^\x04_\x0cx\x06\x1c\xad\x1a\
-\xa3\xfe\xe7\xffu]}\xeb\x8d\xc3H\xde#\xe2`\
\x8c\xa8l6\xad\xfe\x83\xbf:\xab\xaeN\xe6T\xdb\xed\
\xc4=$\xe0I\x88\x88\xe8F\xa3aR\xa9\x94J\xa5\
R\x04\xfd1b\x01 z\xf6ZsuuU\xbd\xf2\
\xca+\xea\xce\x9d;&,\xef\xaaV\xb9\xf9\x0f\xe0\x92\
\xeb\xd5\xf4\xba\xed\x93k\x03\xd7\x8d\xf6\x1a\xc1q\xa2]\
\x00\xc8\xe5\x12J\xa9\x94\xca\xe4\xa3\x0a\xc8\xb5\xad\xb10\
\x1ds\x92e\x0c\xf4\x9d\x93~J\xf5\xfa\xc9\x9c\x89\xfa\
=\x22J\xc6\xf7\x95o\x94-\x03\x00\xfa]\xab\xd5\x92\
V\xab\xa5\xaf]\xbb\xa6;\x1d\x16\xb4\xe2\xc4\x02@\xf4\
l\x17\xcc\x1b7n\xd8\x17\xc3\xc3\xc3\xce\xde\xde^\xf0\
T\x93\x01\x00\xe0\xd2\xeb\x05\xdf\xa9t<o\x87&\xe2\
X\xe2$x\xf1\x94\xea\xfa\x91v\xfa\x22\xf8G\xff\x12\
\x1b\x10\xe7r\x83\x7f\x12\xa7\xd2\x8em\x87\xc26\xe9\xe8\
ov\xae\x06\x7f\xd4u\xb1X\xb4=\xd0677\xd5\
\xd5\xabW\xd5\xf2\xf2r\xdc\x83\xbb\x94\x06\xff\xdd\xf3\x82\
\x11\x11=33\xa3\xdb\xed\xb6\xde\xde\xde\x96\xe3\xe3c\
\x19\x1e\x1e\x96|>/4z\x05\x00\x00\x0008N\
W\xd6m\xac\xb3\xbf\xbf\xaf\xa7\xa7\xa7U\x10\x0b\x95J\
%[\x1a\x10\xef\xf8.\x1f\x16\x00b\xb0\xb6\xb6&7\
o\xde\x94\xe7\x9f\x7f^k\xad\xa5Z\xad\xeaf\xb3\xa9\
NV\xc7X\x03\x00\x00\x00\x0008\x82\x98\xe7\xe4\x83\
\x16c\x8c\x0d\xfaWVV\x88Ec@\x09@\x0c*\
\x95\x8a\xbew\xef\x9e\xda\xd9\xd9Q\xa3\xa3\xa3\xfa\xd1\xa3\
G\xaa\xd5j\xd9m\x00\x07zO[\x00\x00\x00\x00\x97\
\x8d\xe4r\xb9\xd3\xda\x7f\xc7qdffF\xcd\xce\xce\
\x9a\xde\xc2\x00\x22\xc4\x02@\x0c\x96\x96\x96\x82\x93\xdd\x99\
\x9e\x9e\xb6\x13`xxX\xb2\xd9\xac\xd4j\xb5h\xbb\
O\x01\x00\x00\x00\xc03\xd6l6\xf5\xc8\xc8\x88]\x04\
x\xe1\x85\x17\xd4\xda\xda\x9aZ^^\xd6\xbd\xfe\x00\x04\
@\x11\x22\xed\x22\x06\x0b\x0b\x0b\xce\x8d\x1b7\xec\xc9\x7f\
pp\xa0\x82\xc0\xbf\xd1h\xe8l6+\xbe\xaf\xd8\x0a\
\x00\x00\x00\x00@\xdf\x13_\xaa\xd9l\xd6\xee\x02\xe08\
\x8e\x0d\xf4;\x9d\x8e\x8d{\x08\xfc\xe3\xc1\x02@\x0cf\
gg\xed\xc9\xfe\xe0\xc1\x83\xd3c\xadVK\xb5\xdbm\
\xe5vL=\xce\xb1\x01\x00\x00\x00\xc0\xd3`\x94\xaa\x1f\
\x1f\x1f\xeb\x5c.goz\x06vvv\xc2\xc0\x9f\xda\
\xe7\x18\xb0\x00\x101\xad\xb5\x84\xbb\x00\x04\xaf\xc7\xc7\xc7\
\xed\xf1\xde.\x00\xca\xd1\xfcJ\x00\x00\x00\x00\x0c\x0c\x1b\
\xe7\x84\xdb\x00\x86M\x00E\xc4\x90\x05\x10=z\x00D\
\xac\xb7\xd5\x85\xf9\xc67\xbe\xe1<x\xf0\xc0|\xfb\xdb\
\xdf\xb6\x13 \x97\xcb\xe9\xfd\xfd}\xa5\x1c\x9a\x00\x00\x00\
\x00\x00\xe8\x7fZ)\x19\x19\x19Q\x9dNG\xd5j5\
\xc9d2\xf6x\xb1X\x94r\xb9L\xfd\x7f\x0c\xb8\xdd\
\x1c1\xad\xb5=\xd9\xef\xde\xbd+\xaf\xbd\xf6\x9a\x9e\x98\
\x98\xb0'\xfd\xfe\xfe~0!\xb4\xf1\xd9\x0b\x13\x00\x00\
\x00\xc0\xe0h\xb5Z\x12\xa6\xfc\xa7\xd3i\x13|,\x95\
J\x04\xff1`\x01 &/\xbf\xfc\xf2\xd9@_\xae\
\x5c\xb9\xa2\x5c\xd7\x15J\x00\x00\x00\x00\x00\x0c\x02\xe9\x05\
\xfd\xb9\x5c\xee4\xf6y\xe9\xa5\x97T\xadV\xd3\xa5R\
\x89\x1b\x9f1 \xda\x8cA\xa9TRSSS2=\
=\xad\x13\x89\x84]\x0dk4\x1azxxX\x1be\
\xe2\x1e\x1e\x00\x00\x00\x00<1Q\x22\xedv\xdbfA\
\xd7j5\x19\x1d\x1d=\x0d\xfa\x17\x17\x17\xc9\x00\x88\x01\
\x0b\x001(\x95J\xea\xf6\xed\xdb:\x99L\xca\x9d;\
w\xd4\xc8\xc8\x88i\xb5Z\xc6u]\xf1<a\x1b@\
\x00\x00\x00\x00}O\x8c\xae\x85\xcf\x8b\xc5\xa2>88\
P+++\xea\xd6\xad[\xa2\xb5]\x0b \x0b b\
,\x00\xc4 \x5c\xed\xf2<O\x8f\x8f\x8fk\x11\xd1\x13\
\x13\x13\x8e\xd6Z\xba]\x16\x00\x00\x00\x00\x00\xf4?\xdf\
\xf7\xab\xae\xebJ\xb3\xd9<\xdd\x060\xd4+\x01 \x0b\
 b\xec\x02\x10\x83r\xb9\xaco\xdd\xba%_\xff\xfa\
\xd7\xd5\xc1\xc1\x81lmm\x05\x93\xc3\xf4v\x08\x00\x00\
\x00\x00\x80\xbe\xe78\x8e\xcad2:\x91H\xa8D\x22\
!\xa9T\xca\xbf~\xfd\xba\xac\xac\xac\xa8\x95\x95\x15\x82\
\xff\x18\x90\x01\x10\xa3\x07\x0f\x1e\xd8\x05\x80\xe1\xe1au\
\xb2A\x80f\x12\x00\x00\x00\x00\x18\x08\xc6\xf8:\x9b\xcd\
\xaa\xa1\xa1!S\xab\xd5\xc4\x18\xa3\xdb\xed\xb6\xf3\xf2\xcb\
/\xd3\x040&,\x00\xc4`qqQ\xb6\xb6\xb6\xec\
\x09\xbf\xbb\xbb\xab\x83\xc9\x10\xa6\xbf\x90\x05\x00\x00\x00\x00\
`0h9\x9b\xe6\x1f\xc4:\xc9dR\xa6\xa6\xa6\xb8\
\xf1\x19\x13\x16\x00b\xa0\xb5\xb6\xbb\x00|\xe63\x9f1\
W\xae\x5c\xb1\x0d1\xf2\xf9\xbc\xced2\xcas\x15=\
\x00\x00\x00\x00\x00\xf4=\xadE\xbb\xae\xab\x1a\x8d\x86\x13\
\xc4<\xaa\xb7\x0d\xe0\xed\xdb\xb7\xc3\x9b\x9e\xdc\xfc\x8c\x18\
\x0b\x00\x11\x13\x11\xdb\xf0\x228\xe9\x7f\xf8\xc3\x1f\xda\xc6\
\x7f\xd5jU\xb5Z-s||\xac\x1a-S\x8b{\
\x8c\x00\x00\x00\x00\xf0\xa4\xba\x9e\xd9\xccd2Jkm\
ze\xcfv\x17\x80b\xb1(\xbd\xc6\xe8d\x02D\x8c\
&\x80\x11\xd3Z\xdbE\x80\x95\x95\x15\xd9\xd9\xd9\xb1i\
0Zk\xc9\xe5r\x8e\xef\xfbb\x8c\x89{\x88\x00\x00\
\x00\x00\xf0\xc4\x82\xd0\xc6u]\xe38\x8e-{N\xa7\
\xd36\x03`ee\xc56F\x0f\xe2\x22\xfa\xa0E\x8b\
\x0c\x80\x18\x84'\xf9\x0b/\xbc\xa0\x8c1\xbaX,j\
\xad\xb5\x8d\xfc\x1d\x87_\x09\x00\x00\x00\x80\xfe\xe7h_\
\xdb\x0f\xbd\xf8'\xf8\x98L&ennN\x95J%\
!\xf8\x8f\x1e\xd1fL&''eww\xd7\x04\x1f\
k\xb5\x9a4\x1a\x0d\xea_\x00\x00\x00\x00\x0c\x0e\xad%\
\x93\xc9\x88\x88\xe8\xe0\xb1\xbb\xbbk\x0f\xaf\xac\xac\xd0\xfc\
<&,\x00\xc4dvvVOOO\xeb\x83\x83\x03\
\x09\xcb\x00\xda\xed\xb64\xea]\x9a\x00\x02\x00\x00\x00\xe8\
{\xf5Fg\xeb\xf8\xf8\xd8>\x1f\x19\x19\x91\xabW\xaf\
\x8a\xe7yznnN\x9d\xb4Gc\x11 j,\x00\
DO\xf7z\x00\xa8\x5c.'\xe3\xe3\xe36\xf8\x1f\x1a\
\x1a\x92l6+\xc7u\x9a\x00\x02\x00\x00\x00\x18\x04F\
\x051N\xf0\xacZ=\xb9\xcf\x19\x96\x00\x94\xcbeM\
\x13\xc0\xe8\xd1\x040zR.\x97\x9dZ\xad\xa677\
7\xd5\xf1\xf1\xb1\x0c\x0f\x0f\xab\xc3\xc3C\x95\xc9d\x1c\
1>\xab`\x00\x00\x00\x00\x06\x80\xbd\xdflov\xba\
\xaek\xfb\x9fy\x9e\xa7WVV\xd4\xeb\xaf\xbfN\xf0\
\x1f\x032\x00b\xb0\xb8\xb8(\xc5b\xd1\x9e\xf0\x22\xa2\
{\xaba\xdau]\xd1N\x82\x89\x00\x00\x00\x00\xa0\xef\
%\x12\x89\x0f\x1d{\xe9\xa5\x97\xecG\xadu\xf0\xe0\xe6\
g\xc4X\x00\x88A\xb9\x5c\xd6\x93\x93\x93\xb6!\x86\xd6\
\xda>\xf2\xf9\xbc\xcaf\xb3\xea\x87\x95\xd6V\xdc\xe3\x03\
\x00\x00\x00\x80'\xd5nu\xab\xedv[7\x9bM\x1b\
\xf3\x8c\x8f\x8f\xebw\xdey\xc7\x06\xfd\x22b\x9b\x00\xc4\
=\xc6\xcb\x86\x05\x80\x18\x94J%{\xa27\x1a\x0d\xfb\
\xf3/\x16\x8b\xba\xd1h\xe8v\xbb-\xc6\xf8L\x02\x00\
\x00\x00\x00}\xaf\xdduk\xd9lV\xf2\xf9\xbc\x0d\xfa\
\x0f\x0e\x0eddd\xc4W?\xcb\x00\x88{\x88\x97\x0e\
=\x00bP*\x95t\xa5RQCCC\xa6\xd5j\
\xd9m\x00\x87\x86\x86\xa4\xdb\xedj\xc7a/L\xf4\xb7\
\xe0\x04v\x1c\xa5T\xc2Q\xca\x89\xe0t\xb6\x7f7\x1c\
\x95H\x5c\x8e? \x09G\x9f|\xd3ND?\xdf\xa8\
\x85\xbf\xcfd\xb4\xbf\xcf\xe0\xfa#\x8e{\x10\xbe\x89\xfe\
k^\x08\xc1|\x8d\xe2\xa2O\x9f\xfcru\xc2Q\x89\
\xcbp\x91\xa9\x95J\xda\xb9\xe3(\x95\x1c\xc0{<\xbd\
\xf7\x87dB\x114\x00}\xc2\xf5<\xbb\xf7\x7f\xb3\xd9\
Tcccz||<xn\xb3\xa1\xe3\x1e\xdbe\
5\x80\x7f\x1d.<]*\x95d~~^\xb9\xae\xab\
GGG\x1d\x11\xd1\xc1\xa4h\xb7\xdbL\x04\xf4?Q\
\xcaI\xe8\xf0\xca\xfb\xd9?\xc4\xb1\x1f?\xa2\xc4l \
\x9d,t\x84o\xdd\x11\xfe\x9c#\xfd}\xc6\x11\xac\x9d\
|=\xad\xa3y\x84.m\xd2\x97\x0e\xcf\xe3g}>\
\x9d|\x9d\x84]4\x8b\xfb\x9b\x8e\xc6\xc9\x02\xc0\x80>\
z\xef\xf7\xcaq\x22Y?\x02\xf0\xe4\x92'\xa9\xfe\xf6\
\x1d\xb8V\xab\xc9\xde\xde\x9e-\x83\x9e\x9d\x9d\xd5d\xff\
\xc7\x83\x0c\x80\x88\x85'\xfa\xc2\xc2\x82\x9a\x9e\x9e\xd6\x07\
\x07\x07Fk-\x8dFCr\xb9\x9c\xfc\xb3\x7f\xb6\xf9\
\xde\x7f\xff+\xd3q\x0f\x138\xb7\x91\x91\xa4z\xf3\xcd\
\xaa\xfa\xe6\xeb\x87*\x99R\xca\x89\xe0*mt4\xa5\
\xfe\x9fo\xec=\xf3\xafs\x11\xfc\xc1\xb7\x8e\xd4\xff\xfe\
O\xef\xa8F\xddW\x03\xf9\x87S+U,$\xd5\xeb\
\xbf\x7f\x10\xe9\x97\x0d~\x96_\xfc\xc2\xb8\xfa\x8f\xff\xc3\
+\xaaV\xf7\x9e\xf9\xd73F\xa9V\xd3W\xaf\xbc2\
\xaa\x94\xf2.\xcf&H\x09\xad\x8c(\xf5\xef\xff\xcdC\
\xf5'\x7fZU\xc5\xc2\xb3_\xb9K\xa5\xb4r;\xa2\
\xd6\xd6\x1a\xcf\xfck\xc5\xad\xdb\x15\xf5;\xff\xe7\x96\xfa\
\xde\xf7j\xaaZ}\xf6\xe7q\x1c\xd2iG\x1dW=\
u\xff~;\xee\xa1\x00x\x0c\xef>8\xdc\x0c\xfe\xcc\
\x16\x0a\x05\xd3n\xb7U\xb7\xdbu\x5c\xd7\xd5\x95JE\
\xd8\x060\x1e,\x00D\xcfn\x03\x18<\xd9\xdc\xdc\x94\
f\xb3)###\xca\xf3<\x95J\xa5\x1c\xdf\xf7\xe3\
\x1e\x1f\xf0DFFR\xea;\xabUU\xfeG\xef\xf4\
j\xbb\x22\xfa\xc2\x12_\x1awT\x82\xef\xef[o\x1c\
\xaa7\xfe\xe80\xee\xa1<s\x12\xc3\xef\xf3?\xfdO\
&\xd5\xdf\xfd\x1f>\xad\x8c\x17]`\xa1\x95(\xe9x\
\xea\xd2\xdc\xcct\xb42\x1dQ\xff\xea_o\xab/\xff\
\x9b\x1d\xe58\xd1}\xe7\x222\xd0\xef\x11\xc1\xf7\xd6\xe9\
\x18\xf5\xdb\xbf\xfb^\xdcC\x89\xc4\xa0\xff>\x81AQ\
\xab\xd5\xf4\xe8\xe8\xa8j4\x1ajttT\xbb\xaek\
o\x82\xee\xee\xee\xea\xc5\xc5ES*\x95\xe2\x1e\xe2\xa5\
\xc3\x02@\xc4\x82\x80HD\xe4\x0b_\xf8\x82\x93\xc9d\
$\x98\x14\xc1\x84\x08\xb4\xdbm\x1aa\xa2\xff\xe9\x9fe\
\xba\x9ctw\x8d\xf0K_\x82(*\xea\x9fi\x9c\xa2\
\xfe}\x9e\xb4\x91\xd0\xca\x89\xec/\xa3V\xca(%\xbe\
\xa8\xcb\xb3\x02p\x12\xb1y\xbd\xd2\x07c\xa2=\x99\x07\
\xf9=\x22|_\xb8L\xd7\x11\x83\xfc\xfb\x04\x06E:\
\x9d\x0eb\x1c\x95H$t2\x994\x81\xcd\xcdM\x99\
\x9e>\xcdx&\x0b b\x97\xa4\x22\xee\xe28Y\xb1\
\xd6jrrRfff\xd4\xce\xce\x8e=\x1ev\xc6\
\x0c&I\xb7#l\x05\x88\xfe%J%\x12\xf1\xbc\xb5\
\x0c\xfau\xef\xa0\x7f\x7f\x1f\x14\xf5\xf7\xdb\xf5\xe4$\x1d\
\xbfk\x94\xeaD\xf1\xf0\x95\xf2\xcc%\x0bbN\x16;\
\xd2)\xde#\xf0\xe4\xf8}\x02\x17\x9b\x11y/\x93\xc9\
\x84\xbb\x9f\xa9\x83\x83\x03\xc7\xf7}\xfbW/\x88\x85\xca\
\xe52}\x00b\xc0\x02@\x0c\x82\x13}wwW/\
//\x07'\xbfv\x1c\xc7\x84{cv:\x1d\xdb)\
3\xee1\x02\x00\x00\x00\xc0\x93\x0ab\x9bB\xa1`c\
\x9d\xabW\xaf\xaa\xcf~\xf6\xb36\xd6)\x95JB\xdc\
\x13=J\x00\xa2gW\xbd\xe6\xe6\xe6\xd4\xee\xee\xaeJ\
$\x12rtt\xe4\xdc\xbf\x7f_r\xb9\x9cJ\xa7\xd3\
\x22\x22\xfa\x12\xe5\x83\x02\x00\x00\x00\x180b\xa4\xde\xe9\
t\x8c\xeb\xbajhhH\x1f\x1f\x1f\xdb`\x7fmm\
MU*\x95\xd3\xcchD\x8b\x0c\x80\x88\x05'y\xb9\
\x5c\xb6\x9d/\x83\xd7;;;\xcaq\x1cy\xee\xb9\xe7\
t\xab\xd52\x9dNG\xb9\x1d\xffrt\xf0\x01\x00\x00\
\x000\x90DT5\x08\x7fr\xb9\x9c\xcd\x02\x18\x1d\x1d\
=-\x7f^ZZR\xbd]\x00\x101\x16\x00\xa2'\
\x8b\x8b\x8b\xa7\xa9.\x89DB\x8e\x8f\x8f\xedn\x00\xe3\
\xe3\xe3:\x9dN\xc7;:\x00\x00\x00\x00xb\xa2z\
\xb1\x8d\x09\x8f\xec\xec\xec\xd88\xe8\xb7~\xeb\xb7t\xa9\
T\xbaT\x8dK/\x0a\x16\x00b\xb2\xbb\xbbkW\xbc\
\xc2F\x18\xc1\x0ci\xb5ZR\xab\xd5\x94\xef\xebj\xbc\
\xa3\x03\x00\x00\x00\x80\xf33\x22\xb5N\xa7\xa3Z\xadV\
\xf0\xd2\xd6\xfb\xdf\xb8q\xc3~nrrRJ\xa5\x12\
%\x001`\x01 za\x0f\x00\xbb\x12\x96H$\xc2\
\xe6\x17:\x97\xcb\xe9L&\xa3<O\xd5\xe2\x1e$\x00\
\x00\x00\x00\x9c\x97\x88\xaaf2\x19\x19\x1f\x1f\xb7=\x00\
\x0e\x0f\x0f\xd5\xf6\xf6\xb6\xaaT*\xb2\xbc\xbc\x1c\xf7\xf0\
.-\x9a\x00F\xecl\x9aK6\x9b\x15\xc7q\xc4\x18\
\xe3\x14\x0a\x05\xbb\x03@0I\x8c\xcd\x92I\xc4:N\
\x00\x00\x00\x00x\x12\xae\xeb\xaad2\xa9\x1a\x8d\x86\x8c\
\x8d\x8d\xa9\xe7\x9f\x7f^\x8d\x8d\x8d\xe9\x99\x99\x19\xbb\x0b\
@\xdc\xe3\xbb\x8c\xc8\x00\x88\x98\xd6Z\xc2T\x97\x1b7\
n\xa8\xcd\xcd\xcd\xd3\xcf\xf5\xd2cT\xabn\xb6b\x1b\
 \x00\x00\x00\x00<!\xcf\xf3\xb62\x99\x8c\x841N\
\x10\x07moo\xdb\xe7\xf3\xf3\xf31\x8f\xee\xf2b\x01\
 z:\xcc\x02X]]U\xd3\xd3\xd3v28\x8e\
\x13\x1c4\xd5jUD\xd1\x0d\x03\x00\x00\x00@_\x13\
\xd7uu>\x9f\xb7%\xcf\xc6\x18gkkK\xb2\xd9\
\xac\xcc\xcf\xcf\x9b\xb8\x07wYQ\x02\x10=Qg6\
\xf97\xc6\xe8^\x0f\x00544\x14L\x0cut\xec\
o\xbd\x18\xeb\x10\x01\x00\x00\x00\xe0\xfc<_\xeaa\xa3\
\xf3\xe1\xe1a](\x14\xcc\xe8\xe8\xa8\x14\x8bE)\x97\
\xcbZD\x84&\x80\xd1c\x01 \x06\xc1\x89.\x22j\
kkK\xbd\xfa\xea\xab6\xf8\xaf\xd5j\xca\xf3<\x9d\
\xcdf\xc5\x18\xc5L\x00\x00\x00\x00\xd0\xb7\x8c\xf1\xaaJ\
)\xc9f\xb3N\xa3\xd1\x90B\xa1\xa0\x92\xc9\xa4\xd4j\
5b\x9d\x18Q\x02\x10\x0f)\x97\xcb\xb6\x04`ss\
S\x8d\x8f\x8f\xab^f\x80j\xb7\xdb\xba\xd9\xe8\x1e\xc7\
=@\x00\x00\x00\x008\xafz\xa3\xbb\x95\xcdfU\x98\
\xed\xacN\xfa\x02\xe8[\xb7n\x85\xaf){\x8e\x01\x0b\
\x001\x10\x11=33cW\xbe^z\xe9%9:\
:\xb2'\x7f>\x9f\xb7\x9f?86\x8d\x98\x87\x08\x00\
\x00\x00\x00O\xc0W\xc7\xc7\xc7\xa2\xb56A\x08\x94H\
$\xa4\xd3\xe98\xb7o\xdf\xd6\xec\x00\x10\x1f\x16\x00b\
2??o\x8a\xc5\xa2=\xf1\xf7\xf6\xf6\xec\xb1V\xab\
e\x9bb\xfc\xf8N{3\xee\xf1\x01\x00\x00\x00\xc0y\
y\xc6\x1cg\xb3Y\xd5l6\x83\x97z\x7f\x7f_9\
\x8e#\xb7n\xdd\x92\xf9\xf9yG\xd3\x00 \x16,\x00\
\xc4\xa0w\xae\x9f\x9e\xf0W\xaf^5\xc3\xc3\xc3*\x9f\
\xcf\x8b\xeb\xba\xe2y^\xac\xe3\x03\x00\x00\x00\x80'\xd1\
ny\xb5L&c\xb3\x9c\xb5\xd6fooO\x92\xc9\
\xa4\x94J%5;;+\x94\x00\xc4\x83&\x801\x10\
\x91\xd3Z\x98\x97^zI]\xb9rEonn\x9a\
T*\xa5\x82I\xf2\xf6\xdb\xcdj\xdcc\x04\x00\x00\x00\
\x80\xf3z\xfb\xddG\xefy\x9eg\xd2\xe9\xb4m\xf8?\
>>\xee\xac\xaf\xaf\xab\xb9\xb99\xfb\xf9\x93M\x004\
\x8b\x00\x11#\x03 \x06\xe1.\x00\xa5RI\xad\xaf\xaf\
\xebG\x8f\x1e)c\x8c\xd3j\xb5l\x06\xc0\x1f\xfdQ\
\xa3\x16\xf7\x18\x01\x00\x00\x00\xe0\xbc:\x9d\x8emp\xde\
h4\xf4\xc8\xc8\x88$\x12\x09s\xfd\xfau\x99\x9c\x9c\
\x94\xc5\xc5E!\xf8\x8f\x07\x0b\x00\xf1\xb0'\xfb\xca\xca\
\x8am\x02\xa8N\x16\x05N'@\xa7\xd3\x91nG\xb6\
\xe2\x1c \x00\x00\x00\x00\x9c\x871\xb2\x95\xc9dl\x7f\
\xb3\xa1\xa1!\xa9V\xabjwwWMOO\xeb\xf9\
\xf9\xf9\xb8\x87w\xa9Q\x02\x10\x03\x11\xb1\xf5\xffss\
sjyy\xd94\x1a\x0d\xbb\x00\x10v\xc8\xa4\x1e\x06\
\x00\x00\x00@\xbf\x12\x91Z\x18\xf34\x9bM\x19\x1b\x1b\
\xb37>\xd7\xd7\xd7\x83\xf8G\xad\xad\xadib\x9ex\
\x90\x01\x10\x83 \xd8/\x97\xcbzff\xc6\x9e\xf4\x8e\
\xe3\xd8\x8f\x22b\x7f\x1f\xe9tZ\xb7]\x9f\x0c\x00\x00\
\x00\x00\x00}GD\xaa\x9dN\xe7\xf4\xc6f\xadV\x93\
\x9d\x9d\x1d\xf5\xf9\xcf\x7f\xde\xc4=\xb6\xcb\x8e\x05\x80\x98\
\x94J%5??o'\xc4\x95+W\xf4\xd9\x0c\x80\
`\xb2\xb8\xaez/\xee1\x02\x00\x00\x00\xc0\xc7eD\
j\x9dN'|\xa9\xc7\xc6\xc6\xe4\xea\xd5\xabjyy\
\xf9t'\xb40C\x00\xd1b\x01 >\xb2\xb0\xb0`\
O\xfa\xc3\xc3C\x13\xf6\x00\xc8f\xb36C\xc0gB\
\x00\x00\x00\x00\xe8C\x22\xaa\x9a\xc9d$\x97\xcb\xd9\x9b\
\x9cGGG*\x95J\xc9\xf5\xeb\xd7\xd5\xee\xee\xae.\
\x95J\x8a&\x80\xf1`\x01 &\x22'\xe7\xbb\xeb\xba\
\xa7\x81\xfe\xd0\xd0\x90r\x1c\xc7\xa6\xc54\x1a\x1e\x19\x00\
\x00\x00\x00\x00\xfa\x8e\xe7y[A\xc8\xd3n\xb7O\x83\
\xfc\xed\xedm\xf5\xd9\xcf~\xd6\xee\x02\xd0\xc3\x0d\xcf\x18\
\xb0\x00\x10\xb3\x91\x91\x11\xe3\xfb\xbe\x0e&@\xa3\xd1P\
\xadV\xcb\xd6\xcat\xdb\x8a\xad\x00\x01\x00\x00\x00\xf4\x9d\
n\xd7\xaf\xa7\xd3\xe9\xd3\xd7\xe3\xe3\xe3266\xe6,\
//\xab\xf9\xf9y\xbb-:\x19\x00\xf1`\x01 &\
\xc1I\x1fh\xb7\xdb:\x95J\xd9\x12\x80\xa1\xa1!\xfb\
\xa9\xe0?\xcd\xb6\xa9\xc6<D\x00\x00\x00\x00\xf8\xd8\x5c\
\xcf{\xefl\x13\xc0\xc3\xc3C[\xf6|\xfd\xfau\xbd\
\xb6\xb6&\x22r\x9a\x11\x8dh\xb1\x00\x10\x93\xf0\x84\xbf\
y\xf3\xa6lnn\xda\x15\xb0F\xa3!\xadVK2\
\x99\x8c<\xd8lo\xc7=F\x00\x00\x00\x00\xf8\xb8\xbc\
\xb6g\xb3\x99[\xad\xd6\xe91\xc7q\xe4\x8b_\xfc\xa2\
\x99\x99\x99\xd1\xbd\x0c\x808\x87xi\xb1\x00\x10\x83\xb3\
\xf5.\x87\x87\x87\xfa\xa5\x97^\xb250\xf5z]\xe5\
r9q]\xd7T~T\xa7\x07\x00\x00\x00\x00\x80\xbe\
\xd3\xe8t\xab\xd9l\xd6\x84M\x00\xcf\xa6\xfb\xaf\xad\xad\
\x9df\x06 z\xc9\xb8\x07p\x19\x05\x13 \xcc\x00\x18\
\x1b\x1b\xb3O&&&\xc4\xf3<\xe3y\x9e\xcad2\
\xfa\x87?\xaeR\x02\x80\xfe\xa4\x952\x86\xf7t\xf4\x1f\
\xdf\xb6`\xd5\xc1\x9bt\xaf\x18\x0bO_\xf0\xb3\x15\xe5\
\xf3\x1e\x01\xfc\xb9\x8cw2Ox;B?\xda\xdd9\
\xden\xb7\xdb\xdaqN\xee7\x8f\x8e\x8e\xeaN\xa7\xa3\
\xee\xde\xbd+SSS\xf6\x86(=\x00\xe2\xc1\x02@\
L\xb4\xd6\xc1\x89\xef\x7f\xees\x9fs:\x9d\x8eS\xed\
\xc5\xfb\xe1D\xf8\xeew\xddz\xdcc\x04\xceK\xf7\x16\
u\x1d\x87\xcb\x16\x5c|\x22'eY'g+\xe7\xec\
3\x15\xfcx\xcd\xc9\xcf\x5c\xf1\x1e\x01\xfc\x5c\xc1{R\
\x22\xc9[\x12\xfa\xd7\xf6\xde\xd1\xb1\xe38fhh\xc8\
\x967W\xabU\xf3\x8b\xbf\xf8\x8b\xaaV\xab\xe9J\xa5\
\xa2\xc9\x00\x88\x0f\x0b\x001\x11\x11].\x97u\xb1X\
\x94b\xb1h\xb6\xb7\xb7ekk\xcb~\xaa\xd3\xe9\x18\
c\x8c\xdf\xed\xc8V*\xad\xa7\xe2\x1e+\xf0\xb8\x82k\
\xf9Z\xd5S33E\xf5\xdf\xfe\xedO\xaaTJs\
\x81\x8f\x0b/\x08F[-_}\xeaSC\xea\xe8Q\
M\xd5\xeb~\xdcC\x1aX\x89\x84V\xdd\xaeQ\xff\xd1\
\x17&\xd4\xd5\xc9\xb4\xca\xe7\x13q\x0f\x09\xb8P\x82\x88\
(\x99P*\x992\xea\xe1VZ\xd5\x0e3\xaa\xed\xf2\
\x9e\x84\xfeb\x8cl\x85\xcf\x9b\xcd\xa6r]We2\
\x19\xf5\xe0\xc1\x03\xf5\xb7\xfe\xd6\xdf\x92R\xa9D\xf0\x1f\
#\x16\x00b\xd2\xcb\x00\x90\x95\x95\x15\xb5\xb9\xb9)G\
GG\x1f\xfa7\x9eoj)\xc5\xc5\x11\xfa\x83\x8d\xf3\
\xb5V\x0f\x1fv\xd4\xd4\xf3\x19\xf5\xcb\xff\xcd\x0bq\x0f\
\x09x<\xbd\xac\xffv\xcb\xa8;w\x9b\xca\xa1;\xce\
3c\x8b>\x8d\xa8\x9b\xaf\x8c\xa8/\xce\x8d)*\x01\
\x803D)'\xa1T6+\xea\xfe}G}\xed\xab\
\x09\xd58\x16e\x8c\xaf\xe8\x95\x86~\xe2\x1b\xb3\x15\xbe\
\xe5\x0f\x0d\x0d\x99v\xbbm\xb3\x9c\x93\xc9\xa4\xdc\xbe}\
;<\x9b\xf9\x0b\x10\x13\x16\x00b\x12\xf6\x00\xa8\xd5j\
v\x12LMM\x99\xf5\xf5u\x09&G6\x9b\xf5=\
\xcfS\xb5\xba\xdc\xc9\xe5\xd4\xa7\xe2\x1e+\xf0\xe7\x09.\
LDi\xd5h\xf8\xea\xb8\xea\x9d\xbc\xa7\x0bQ\x14\xfa\
\x88V6\x18M8\xa4\xdc>K\xb6\xc8-\xa9\xed\xcf\
\xda\xed\x08\x97\x7f@\x8f\xd8\x0c\x19\xa5R)Q?\xfd\
\xa9V\xaf\xfd\x9e\xa3\xde}W\xa9tZ\x08\xfe\xd1w\
\x8c\x98Z\xf8\xbc\xd9l\xaa\x91\x91\x11\xdd\xedv\xed\xeb\
[\xb7n\xc9w\xbf\xfb]\xd5\xfbk\xcb_\x81\x18\xb0\
\x00\x10\x93^#\xc0\xd3\x08igg\xe7\xb4\xfe\xbf\xdd\
n\xebT*e\xda\xae_\xe7W\x84\x8b\xee\xa4_\x9a\
V\xf5\xa6\xaf\xaaG\x9e\xbd\xbb\xe78Ju=\x13\xf7\
\xd0\x80\x8fM\xb3n\xf5l\xf5\x02\x19\xdf\x17\xfb\x00\xd0\
K\xfbw\x94J\xa4\x95\xfa\xe9=\xad^\xfb\xaa\xa3\xd6\
\xef\x89\xca\xe5O\xfe\x9e\xb2U:\xfa\x8d\xef\xcb{\x9d\
N\xc7d\xb3Y{1\xd8h4\xfct:\xad>\xff\
\xf9\xcf\x9bJ\xa5\x22\xe5rYQ\x06\x10\x1f.ub\
\x14\x04\xfc\xc5b\xd16\xc6\x08^\x8f\x8c\x8c\x04\x13\xc4\
>w]W\xd5k\x1e[\x01\xe2Bs\xce\x04\xff\xc7\
G\x9e\xed\xecM\xfa4\x00\x00\x8f'\x0c\xfe3Y\xa5\
66\xb4z\xf5\xf7\x12j\xfd]\xadr\xf9\x93\x8c\x00\
\x82\x7f\xf4\xa3N\xc7\xdfN\xa7\xd3\xba\xddn\xab\xa1\xa1\
!{\x16;\x8e#\xdf\xf9\xcew\x9c\xdd\xdd]rZ\
b\xc6\xa5z\xcc\xe6\xe6\xe6L\xa3\xd1p\x12\x89\x84\x1c\
\x1f\x1f\x07\x93$8l\x17\x05\x9aM\xa9\xc5=>\xe0\
\xe7\x09k\xfe\xc3;\xff\x86\xe0\x1f\x00\x80\xc7f\xd3\xfe\
{\xc1\xff\xfd\x0dmk\xfe7\xd6\xb5\xca\xe5\x08\xfe\xd1\
\xdf\xdang+\x88eFGGU\xb3\xd9\x94\x91\x91\
\x11u\xf5\xeaU511a;Z...\x0a\x05\
w\xf1!\xbf<Fa\x1f\x80?\xf9\x93?\x917\xdf\
|\xd3\xee\x85yf?L\xf9\xfe\xf7\x8e\xef|\xeeF\
!\xd61\x02\x1f\xe5\xa4\x1eQ\xabz\xe3$\xf8\xf7\x8c\
\x9c\xd4N\x03\x00\x80\xc7\x92L(\x95\xc9(u\xff\xbe\
V\xaf\xbd\x9aP\xeb\x04\xff\x18\x10^\xc7\xab\xd6j5\
\x93\xcb\xe5$\x91H\xa8\xe3\xe3c\xe5y\x9e\x8c\x8d\x8d\
\xe9k\xd7\xaeQ#\x1a3.\xd9/\x80\xfb\xf7\xefK\
0\x19FGG\x83\x97\xa2\xb56\x9dNG=\xda\xf5\
\x8e\xe3\x1e\x1b\xf0A\x1f\xac\xf9\xf7\x09\xfe\x01\x00xl\
\xa7w\xfe\xc3\xe0\xff\xab\x09\xb5~\x8f\xe0\x1f\x83\xe3\x9d\
\x07{w\x8a\xc5\xa2\x0aw\x02\x08op\xba\xaeko\
!\x95\xcbe\x1a\x00\xc6\x88\xd4\x8b\x98\xf4\xee\xfe\xeb\x85\
\x85\x05gmm-q||\x9ch4\x1a\xe9n\xb7\
\x9bI\xa7\xd3\xe9F\xa3\x91\x13\x91\xdcO\x7f\xfc\xd7\xbe\
\xe5$t1\xee\xf1\x02*L\xfb?S\xf3O\xda?\
\x00\x00\x8f\xef}5\xff\xeb'w\xfeI\xfb\xc7\xa0\xf9\
w_\x7f\xf3/&\x12\x89V\xb7\xdbm\x8f\x8c\x8c\xb8\
\x9dN\xc7\xcdf\xb3\xde\xd8\xd8\x98\xf7\xa3\x1f\xfd\xc8;\
\xbb(\x80\xe8q\xe9\x1e\x1f\xad\xb5VKKKr\xe6\
\x80\xbd\xfb\x7fpp`W\xcbR\xa9\x94\xf8\xbe\xa2\x0f\
\x00.\x04j\xfe\x01\x008\xbf\xb35\xff\x1b\x1b\x04\xff\
\x18L\xbeo\xeet\xbb]U\xadV\x83\x97\xd2h4\
\xe4\xe0\xe0\xc0\xdeB\xaaT*A\xac\x13\xf7\x10/=\
.\xdfc\xd2\xdb\x060x*\xf3\xf3\xf3&\x99L\x8a\
\xe386\xf0\x9f\x98\x98\xb0\xc7\xbb\xdd\xae\xa97\xfc;\
q\x8f\x15\xf8\xa8\x9a\x7f\x82\x7f\x00\x00\x1e_2\xa1T\
6\xab\xd4\x83\xfbZ}-\x08\xfe\xdf%\xf8\xc7\xe01\
\x22\xb5t:-###g\xcfj\x1b\xe7\x94J%\
\x1b\xffp\xf7?^\x5c\xc2\xc7(<\xf9K\xa5\x92J\
&\x93\xf6y\xadV\x93V\xabe\x82\xcf\xa5\xd3i]\
k\xf8\xdbq\x8f\x13\x97\x1b5\xff\x00\x00<\x99D\xd8\
\xf0oC\xabW\xc3\x9a\x7f\xb6\xfa\xc3\x00\xeat\xbc;\
\x9dN\xc7\x1c\x1f\x1fKo\x0b@\xf9\xd4\xa7>%A\
\xacs\xfb\xf6m\xbd\xb0\xb0\xa0E\x844\x80\x18q\x19\
\x1f\xa3\xe0\xe4\xef5\xc1P\x9e\xe7\xe9D\x22a\x86\x87\
\x87O?\x1dL\x9ez\xcd{/\xd6A\xe2Rc\x9f\
\x7f\x00\x00\xce\xefl\xc3\xbf\x8d\xf5^\xf0\xcf>\xff\x18\
`\xbeg\xb6\xd2\xe9\xb4\xcaf\xb3v\x0b\xc03\xb1\x8d\
\xbau\xeb\x96\x9c-\x7fF<\xb8\x94\xbf\x00\xe6\xe6\xe6\
\xd4\xe7?\xffys\xe5\xca\x15\x1dL\x12\xad\xb5\xdd\x1e\
#\x9dN\xcb\xa3\x9d.\x19\x00\x88\x055\xff\x00\x00\x9c\
\x1f5\xff\xb8\x8c\x8e\xab\x8d\xbb\x9dN'\x88e\xcc\xd0\
\xd0\x90\xd4j59::2\x9f\xfe\xf4\xa7eee\
E\x85;\x03\xc4=\xce\xcb\x8c\xcb\xf9\x98-..\xda\
\x8fkkkjooO\xea\xf5\xbai4\x1a\xc1!\
\xd3\xedv\xcd\xb7\xde8\xfaI\xdcc\xc4\xe5C\xcd?\
\x00\x00O&A\xcd?.\xa1\xb6\xdb\xad\x06\x17\x91\xed\
v\xdb4\x9bM\xdb\xed\xff\xca\x95+\xf6\xca\xf2\xf5\xd7\
_7\xe5rY\xd3\x080^\xfc\xf4\xe3\x17\xfc\x0e\x9c\
\xd9\xd9\xd9\x84R*]\xab\xd5R\xedv;\xf8\x981\
\xc6d\x93\xc9d\xf6n\xe5s\xdf\x8f{\x90\xb8<>\
\xaa\xe6\x9f\xe0\x1f\x00\x80\xc7w\xb6\xe6\xff\xb5W\xa9\xf9\
\xc7\xe5\xf1\xef\xbe\xfe\xe6_v\x1c\xc7\xedv\xbb\xadD\
\x22\xd1N&\x93\x9dt:\xdd\x9d\x9b\x9b\xeb\xcc\xce\xce\
z\xa5R\x89\x0c\x80\x98qY\x1f3\x11Q\xbd\x89\xa0\
\x0e\x0f\x0fM\xadV\xb3\xabe\xd9lV\xf5\xb6\xceP\
\xdd\x8el\xc5=N\x5c\x0e\xd4\xfc\x03\x00p~\x1f\xac\
\xf9\x7f\x8d\x9a\x7f\x5c\x22\xbeo\xeev\xbb]\xe9\x95\x00\
\xa8B\xa1`3\x00R\xa9\x94y\xeb\xad\xb7\xf4\xe2\xe2\
\xa2\x12&A\xec\xb8\xb4\xbf\x00*\x95\x8a\xfe\xe4'?\
\xa9_|\xf1E;#\xea\xf5\xba\xf4\xfa\x00H:\x9d\
V\xfb\x87\xdd\xd5\xb8\xc7\x88\xc1G\xcd?\x00\x00\xe7G\
\xcd?.;\xcf\xf3\xb7:\x9d\x8er]7\x88e\xfc\
F\xa3qz\xd6\x8f\x8c\x8c\x98r\xb9\x1c\xef\x00aq\
y\x7f\x01\xcc\xce\xce\xca\xa3G\x8f\xcc\x83\x07\x0f\xd4\xc4\
\xc4\x84\x14\x0a\x05\xd5j\xb5\xc2\xf4\x18\xe3vL=\xee\
1b\xb09\xd4\xfc\x03\x00\xf0D\x82\xe0\xff\x835\xff\
Y\x82\x7f\x5c\x22\x9d\xaew'\x9dN\x9bL&co\
f\x061\x8d\xd6Z\x1c\xc7\x91v\xbb\xad\xc3\xdeg\x88\
\x17\x97\xf8\x17@\xa9T\x92[\xb7n\xd9?\x0d\x07\x07\
\x07\xa7\xbb\x00\x04\x13F)ev\x1ev\xef\xc4=F\
\x0c.\xad\x95\x12\xf6\xf9\x07\x00\xe0\xdc\xc2\x86\x7f\xec\xf3\
\x8f\xcb\xac\xderOc\x96|>\xaf\x1a\x8d\x86\xf4\xe2\
\x19\x95\xcdf\xa9\xfd\xbf \xb8\xcc\xbf\x00J\xa5\x92\xbd\
\xff\x9aL&%\x91H\x98`\xa2\x84%\x00\xc1\xe3\xb5\
\xaf\xed\x7f7\xee1b0\x855\xff\x0d\x1a\xfe\x01\x00\
\xf0\xb1\xbd\xaf\xe6\x7f\x83\x9a\x7f\x5cnG\x07\xcdm\xa5\
T\x10\xcb\xf8\xadV\xcb\xc62\x93\x93\x93\x12\xc48\xc5\
b\xd1\xce\x86pA\x00\xf1\xe1R\xff\x02X\x5c\x5cT\
+++v\x01 <\xd6l6\xc3U2\xf9W\xff\
\xd7\xdef\xbc#\xc4 :M\xfb'\xf8\x07\x00\xe0c\
\xfbP\xcd\xff\xef%\xd4:5\xff\xb8\xc4\xee\xae?\xfc\
\xc9\xd9}\xfe\x83`\xff\xe0\xe0@>\xfd\xe9OK\xad\
V\xd3\xcb\xcb\xcb\x8e\x88\xb0\x0b]\xcc\xb8\xdc\xbf\x00\xca\
\xe5\xb2]\x00P'\xbb\x02\xe8\xd1\xd1Qy\xee\xb9\xe7\
\xa4\xddn\xabL&c\x82\xf9So\xfaw\xe3\x1e'\
\x06\xc7\x07\x83\x7fj\xfe\x01\x00\xf8x\xce\xd6\xfc\x7f\x9d\
\x86\x7f\xb8\xe4|\xdf\xd8X%\x93\xc9H.\x973\xf9\
|\xde\x1eO\xa5R\xe6\xc7?\xfe\xb1\xbev\xed\x9a\x99\
\x9f\x9f7q\x8f\x13J%\xe3\x1e\xc0e\xa7\xb5\x96\xde\
v\x18fyy\xd9y\xf1\xc5\x17\xfd\xd5\xd5\xd5D\xa1\
P\x90\xb1\xb11\xd3l6\x83\x7f`j5\xffn!\
\x9fx9\xee\xf1\xa2\xff\x855\xff\x0dj\xfe\x01\x008\
\x17\xf6\xf9\x07\xde\xcf\xf3Ov\x00\xc8f\xb3\xa6\xd5j\
\xe9d2\xe9\xa7R)\xdf\xf7}\x1df9km\xef\
@1Cb\xc6e\xff\x05Q\xa9Tt6\x9b\x95\x9d\
\x9d\x1d\x19\x1d\x1d\x0d\x0e\xd9\x0c\x00\xa5\x94\x1f\xfcgo\
\xb7C#@<1j\xfe\x01\x008?j\xfe\x81\x8f\
Vo\xba\xab\xe9t\xda\xaf\xd5jA\x0c\xe3\x17\x0a\x05\
{<\x91H\xd8Y\xb1\xb4\xb4d\xc2\xbb\x9e\x88\x17\x97\
\xfe\x17\xc4\xec\xec\xec\xe9\x84p\x1c\xc76\x02\xcc\xe5r\
\xb6yF*\x95\x92\xbb\xf7\xda,\x00\xe0\x89P\xf3\x0f\
\x00\xc0\xf9Q\xf3\x0f\xfc|\xcdZ\xebN\xb7\xdb\x95L\
&#\xe3\xe3\xe3\xaa^\xaf\xab\xc3\xc3C;+\x82c\
\x0b\x0b\x0bN/\x03\x001\xe3\xf2\xff\x02\xf8`7\xcc\
`\xd2\x04\x7fg\x1c\xc7\xb1w\xff\xbb\xdd\xae\xf9\xb7\xff\
v\x9f\x1e\x0087\x82\x7f\x00\x00\x9e\xcc\x87\xf6\xf9\xdf\
 \xf8\x07Bo?\xd8\xb3\xb1\x8a\xd6\xda\x8473\xaf\
\x5c\xb9\x12\xc43233c3\x00\xe2\x1e#N\x10\
\x02\x5c\x10\x8b\x8b\x8bv{\x8cl6k\x8e\x8e\x8e\xec\
\x9e\x99{{{\xe1\xe2\x80\xf9\xd6\xb7\xf6\xab\xdd\x8el\
\xc5=N\xf4\x9f\x8f\xda\xe7\x9f\xe0\x1f\x00\x80\xc7w\xba\
\xcf\xff\xfd\xde>\xff\xef\x12\xfc\x03!\xdf7w\xf7\xf7\
\x8f\x8f{\xa5\xcbv\x17\x80\xde\x96\xe6\xea\xfa\xf5\xeb\xb2\
\xbb\xbbk\xca\xe52\xb7\xff/\x08\xc2\x80\x0b\x22\x9c\x14\
\xbf\xf8\x8b\xbfx\x9a\x11044d\xb4\xd6^0\x89\
\xd2\xe9\xb4\xec\x1dv\xdf\x8c{\x9c\xe8/\xd4\xfc\x03\x00\
p~gk\xfe\xef\x87i\xff\x04\xff\xc0\xfbt\xbb~\
X\xaalo\x5c\xb6Z-\x11\x11\x9dH$\xcc\xe4\xe4\
\xa4]\x08X\x5c\x5c\x8cw\x908E(p\x81\xd4j\
5}\xff\xfe}\x9b*\x13\xa6\xce\xa8^*M\xa7\xd3\
\x91\xddG\x1d\xca\x00\xf0\xd8H\xfb\x07\x00\xe0\xfc\x82\x8b\
\xb0\xe4\x99\x9a\xffW\xa9\xf9\x07>R\xbd\xd9~3\x98\
2\xd9l\xd6\xcff\xb3\xc1!\x99\x98\x98\xf0\x8d1\xf6\
jtnn\xce\x94\xcb\xe5\xb8\x87\x89\x1e\xc2\x81\x0bb\
qqQ\xae]\xbbfW\xc8vvv\xc2\xc36\x85\
&\x93\xc9\xd8\x92\x80?\xfdv\xf5\xbb\xb1\x0e\x12}\xc3\
\x06\xff\x9a\xe0\x1f\x00\x80\xf3\x0a\x1b\xfeQ\xf3\x0f\xfc\xd9\
\xf6\x8f\x1a\xf6&\xa5\xeb\xba\xc1\xc3o4\x1ar||\
,\xa9T\xca\xbc\xf5\xd6[\xbaR\xa9\xe8 \xd6\x89{\
\x9c8AHpA\x04\x01\xfe\xd2\xd2\x92\x9d\x18\xd3\xd3\
\xd3\xb6yFo\xfb\x0c\xa3\xb5\xb6\xf54\xff\xd3?Y\
\xbfk|\xa9\xc5=V\x5cl\xa75\xff\x0d\x82\x7f\x00\
\x00\xce\x83\x9a\x7f\xe0\xf1\x88H\xed\x07\x95\xf5;\xddn\
\xd7d\xb3Y\xbb\x83Y\xa1P\xb07/\x1d\xc7\xb17\
2\xe7\xe7\xe7\x15;\x00\x5c\x1c\x84\x05\x17H\xb9\x5cV\
\xd9l\xd6\xfeY\x11\x11\xddh4\xcc\xd0\xd0\x909\xb6\
=5\x94I\xa5R\xa6V\xf7\xde\x8e{\x9c\xb8\xb84\
5\xff\x00\x00\x9c\xdb\x87j\xfe\x09\xfe\x81?\x93\xe7\xf9\
o\x071J\xa1P\xf0]\xd7\xb5\x81\x7f\xa1P\x08w\
5S\x95JE\x96\x97\x97Uoz\xe1\x02 4\xb8\
@\x16\x17\x17euuU\x92\xc9\xa4\xa4\xd3i/8\
\xd6j\xb5dtt\xd4(\xa5\xfcn\xb7+\x1b\xf7\xdd\
\x95\xb8\xc7\x89\x8b)l\xf8Wo\xfa\xea\x98\xe0\x1f\x00\
\x80\x8f\xe5#k\xfe\x09\xfe\x81?\xd3q\xbd\xf5\xfb\xcd\
f3\x9c\x1d6\x03\xe0\xe1\xc3\x87\xe6\xf8\xf8\xd8f\x04\
\xcc\xcd\xcd1s.\x18\xc2\x83\x0b\xa4\x5c.\xeb\xb9\xb9\
9\xdb\xfd\xdf\x18\xa3\x1d\xc7\xb1\x93\xa8\xddnK\xa7\xd3\
\x91t:\xad\xee\xdcm\xd1\x08\x10\x1f\xf2\xc1\x9a\x7fC\
\xf0\x0f\x00\xc0c\x9335\xff\xf7\xa9\xf9\x07\x1e[\xb5\
\xda\xba\x9bJ\xa5\xc2m\xffl\x06\xc0\xc8\xc8\x88y\xee\
\xb9\xe7\xec\xe7'''eii\xc9\xc4=N\xfc\x0c\
!\xc2\x05433\xa3fgg\xbd\xde\x02\x80\xd2Z\
\xfb\x99L\xc6WJ\x99_\xf9\xbbk\xab\xf4\x01\xc0Y\
\xd4\xfc\x03\x00\xf0d\x92gj\xfeI\xfb\x07\x1e\x8f\x88\
\xd4\x7f\xf0\xe3\x07\xab\xaa\x17\xaf\x04\x8fb\xb1\xe8\x8f\x8c\
\x8c\xa8\xbd\xbd\xbd\xd3\xfa\x7f\x5c,\x84\x09\x17\xc8\xe2\xe2\
\xa2LNN\xca\xda\xda\x9az\xe7\x9dwl\xa7\x8cF\
\xa3a\xc2\x9a\x99n\xb7k\xf2\xf9\xbc\xd0\x07\x00!j\
\xfe\x01\x008\xbf\xf7\xd5\xfc\x87\xc1\xff=\x82\x7f\xe0q\
x\x9e\xb9\x1b\xc4'\x99L&\x08\xfeM.\x97\x0bb\
\x17\xa9\xd5j&\x91H\xc8\xcc\xcc\x8c\xea\xd5\xff\xe3\x02\
!T\xb8@\xb4\xd6v\x95,l\x04\x18\xbc.\x16\x8b\
&\xf8\x18v\xd5\x0c&\xd9\xc6\x83\xce\xef\xc7=V\xc4\
\x8f\x9a\x7f\x00\x00\xce\xef\xe7\xd6\xfc\xe7\x09\xfe\x81\xc7Q\
\xab7\x83\x98\xc4\xd4\xebu\xe3\xba\xae\xb4\xdbm\x9b\xbd\
\x9cH$\xcc\xd6\xd6\x96\xd9\xdd\xdd5\xb3\xb3\xb3\xcc\xa4\
\x0b\x86p\xe1\x82\x99\x9f\x9f7\xbf\xfa\xab\xbfj67\
7%\x98<cccv\x1b@\xd7u\xfdt:m\
\xd2\xe9\xb4\xfc\xcb\x7f\xfd\xf0\x0f\xe3\x1e'\xe2E\xcd?\
\x00\x00\xe7\xf7\xbe\x9a\xff\x0d\xad\xbe\xf6\xd5\x84\xdaX\xe7\
\xce?\xf0q<\xda\xab\xae\x06\xd3)\x88Q\xc2\x06\x80\
\x8e\xe3\xf8Zk\x99\x9b\x9b\xb3\xfffqq\xd1\xf6\x05\
\x88{\xac\xf8\x99D\xdc\x03\xc0\xfbi\xad\x9d\xe5\xe5e\
'\x99L\xea\xf1\xf1qggg'a\x8cI\x88H\
\xd2\xf3\xbcd\x22\x91pVW\xf7\x9b\xff\xdd\xdf~\xf1\
?O$u1\xee\xf1\x22z\xfa\xcc\x9d\xff \xf8\xf7\
\x8c\xd8\x8b\x18\x00\x00\xf0x\xdeW\xf3\xffjB\xad\x13\
\xfc\x03\x1f\x8b1\xb2\xbd\xf2\xc7k\xbf\x99N\xa7}\x11\
\xf1\x1c\xc7\xe9:\x8e\xe3%\x12\x09/\x95J\xf9\xae\xeb\
\x9a\xe1\xe1a\xd9\xd8\xd8P+++\xcc\xaa\x0b\x84\xb0\
\xe1\x82Y\x5c\x5c\xb4\xdd23\x99\x8c\xec\xed\xed\x89\xe3\
8\xa6W\x06\x10<\xbcn\xb7+\xf9|^\xb6\x1ev\
\xfe \xee\xb1\x22z\x1f\x0c\xfe}\x82\x7f\x00\x00\x1e\x1b\
5\xff\xc0\xd3\xe1v\xbao\xa6R)\xe9M+{\xf7\
\xbfP(\xc8\xf8\xf8\xb8$\x12\x09y\xe7\x9dw\xcc\xdc\
\xdc\x5c\x10\xdb\xb0\x03\xc0\x05C\xe8p\xf1\xd8\xad2n\
\xde\xbc)/\xbe\xf8\xa2M\x99i4\x1a\xa7\x13+\x9c\
d\x7f\xfc\xed\x03\x16\x00.\x19j\xfe\x01\x008\xbf\xf7\
\xd5\xfc\xafS\xf3\x0f<\x89\x83\xc3\xc6\xefw\xbb]{\
\x93\xb2\xd7\xab\xcc$\x12\x09\xe38\x8e\xbc\xfc\xf2\xcb\xe6\
K_\xfa\x92\xaaT*R.\x97\xb9Z\xbd`\xf8\x85\
\x5c0A\xc0\xbf\xbc\xbc\xec\xac\xae\xae\xaa\xd1\xd1Q;\
\x89j\xb5\x9a\xf42\x00\xec\xe4\xeav\xbb\xf2o\xff\xfd\
\xd1\xdb\xbe'\xf5\xb8\xc7\x8bhP\xf3\x0f\x00\xc0\xf9\x9d\
\xad\xf9\xdf\xd88I\xfb\xa7\xe6\x1f8\x1f\x11\xa9\xff\xd1\
w\xef\xfcA*\x95R\xbd\x9b\x946Nq\x1c\xc7d\
2\x19\x93\xcb\xe5$\x88efggeqq\x91\xd9\
u\xc1\x10B\x5c@\xf3\xf3\xf3\xa6X,\xca\xdbo\xbf\
m\xbbh\x8e\x8c\x8c\x98B\xa1`'W0\xa9\xd2\xe9\
\xb4\xf9\xd3?=<\xaa7\xcd\xdd\xb8\xc7\x8agO\xdb\
\x0d!\x7f\xb6\xcf\xbfG\xf0\x0f\x00\xc0\xc7r\xb6\xe6\xff\
kA\xf0\xcf>\xff\xc0\xb9\xb9n\xf7\xcdd2iw\
'\xebv\xbb^\xa7\xd3\xf1\x87\x86\x86\xc4q\x1cy\xf4\
\xe8\x91\xba\x7f\xff\xbe\xdc\xbau\xcb/\x95J\x8a\x06\x80\
\x17\x0fa\xc4\x05\xf5\xcb\xbf\xfc\xcb\xb6\x0f@\x22\x91\x90\
\x89\x89\x09\xd3l6%\x9f\xcf\x9b`\x82\x05\x93M)\
%\xdf\xffA\xed\xd5\xb8\xc7\x89g\x8b\x9a\x7f\x00\x00\x9e\
L\x10\xe4\x7f\xa8\xe6\x9f\xb4\x7f\xe0\xdc\x8e\xaa\xcd?\xd0\
Z\x9b^\xf7\xff\x80i\xb5Z~\xb5Z\x95\xdd\xdd]\
\xbb\xff\x7f\xa0T*\xc5:N|4v\x01\xb8\x80\xb4\
\xd6\xce\xca\xca\x8a\xde\xdd\xddu:\x9d\x8e\xde\xd8\xd8\xd0\
\xe3\xe3\xe3\xc9z\xbdnw\x03H\xa7\xd3\x8e\xef\xfb\x89\
\xcd-o\xefo\xfc\x17W\xfeK\xc7\xd1\xe9\xb8\xc7\x8c\
\xa7\xef\x835\xff\xa4\xfd\x03\x00\xf0\xf8>X\xf3\xffZ\
\xb8\xd5\x1f\xc1?\xf0D\xbe\xfb\xc3\x8d\x7fX\xab5Z\
\xc6\x18Ok\xdd\xe9\xed\x00\xe0'\x93I\xaf\xd5j\xf9\
kkkfrrR\xfd\xe6o\xfe\xa6*\x97\xcb\xcc\
\xb4\x0b\x86p\xe2\x02\x0ake&''M2\x99\x94\
\xc9\xc9Ii4\x1a\xc6q\x9c`\x92\xf9\x9dN'\xf8\
\xb4\xf9\xcew\x0e\x8f\xeb\x0d\x8f2\x80\x01D\xcd?\x00\
\x00\xe7G\xcd?\xf0l\xb8n\xe7\x0fww\x0fkJ\
)?x\xe4r9?\x9f\xcf\xdb\xcf\x1d\x1c\x1c\xc8+\
\xaf\xbc\xa2\xe6\xe6\xe6dvv\x96\xfd\xff/(B\x8a\
\x0b(\x98,KKK6\xa5&\x99L\xda\x8931\
1\x11L2i\xb7\xdb\x92\xc9d\xfcp7\x80\xcaZ\
\xeb\xabq\x8f\x17O\x175\xff\x00\x00<\x99D\xaf\xe6\
\xff\x015\xff\xc0Sux\xdc\xfc\xfd >I\xa7\xd3\
Fk\xed\xb7\xdb\xed v1\x13\x13\x13\xde\xe4\xe4\xa4\
loo\xcb\xcb/\xbf\xac{74\x99m\x17\x10a\
\xc5\x05\x16L\xa2/~\xf1\x8b&\x08\xf8\xd7\xd7\xd7\xa5\
X,\x9a\x5c.\xe7\x05\x93)\x98pJ)\xf3\xbf\xfc\
o\x1b\x7f\xc8n\x00\x83\x83\x9a\x7f\x00\x00\x9e\x8c\x0d\xfe\
3J\xdd\xdf\xd0\xeaUj\xfe\x81\xa7FD\xea?Z\
\xbb\xff\x87A\xc0\xdf\xebIf\xf2\xf9\xbc\xdfj\xb5\xec\
\x8dK\xc7q\xe4\xaf\xff\xf5\xbf\xeeOMM\xf9q\x8f\
\x15?\x1f\xa1\xc5\x05\xb6\xbb\xbb\xab\xa7\xa6\xa6\xc4\x18\xa3\
\xaf\x5c\xb9b\x1a\x8d\x86m\xfe\xd7\xe9tl\x06@*\
\x952o\xbeY\xabn\xefv\xfe \xee\xb1\xe2\xc9\xb1\
\xcf?\x00\x00\xe7w\x9a\xf6\x9f\xf9Y\xcd?\xfb\xfc\x03\
OO\xab\xdd\xfd\x83\xc3Z\xb3\x1a6$\xb7\xc7Z-\
\xbb\x05`\xb5Z5\xd3\xd3\xd3rxxhsY\xcb\
\xe5\xb2\x8e{\xbc\xf8h\x84\x17\x17\x94\xd6Z\xbd\xfe\xfa\
\xebfeeE\xa5\xd3i\x93H$L\xadV\x93b\
\xb1\xe8\xf5\xee\xfe\x9f\xee\x06\xb0\xb2r\xf4Z\xdc\xe3\xc5\
\x93\xa1\xe6\x1f\x00\x80\xf3\xfb\xa8\x9a\xffuj\xfe\x81\xa7\
jg\xb7\xfaj*\x95\xf2\x83\xd8\xa4\xd3\xe9\xf8Zk\
\xcfq\x9c\xe0\xa3\x8dUvvv\x82\x99\xe6W*\x15\
\xbd\xb8\xb8h\xe2\x1e/>\x1a!\xc6\x05%b\xffT\
\xd9\x06\x80\xeb\xeb\xebv\x02}\xf2\x93\x9f\x94f\xb3)\
\xedv;\x98h~\xaf\xb1\x86\xf9\xfb\xff\xe3;oR\
\x06\xd0\xbf\x1cj\xfe\x01\x00x\x22A\xf0O\xcd?\xf0\
\xec\xf8\xbey\xf8\x9d\xef\xbd\xfdf\xb7\xdbU\xddn\xd7\
d2\x19\xdb\x03\xa0P(\x18\xc7qL*\x952#\
##\xfe\xee\xee\xae^^^\x0e>\x17\xf7\x90\xf1s\
\x10f\x5cP\xc1\xa4)\x97\xcbzvvV\xe6\xe7\xe7\
U0\xa9j\xb5\x9aM\xb1\x19\x1f\x1f\x97L&c\x83\
\xff\xe0xp\xec\xce;\xcd\xa5\xb8\xc7\x8c\x8f/xo\
\x14j\xfe\x01\x008\xb7\xb0\xe1\x1f5\xff\xc0\xb3S\xaf\
\xb7^\xf5<Oz\x19\x00^6\x9b\xb5%\xc9\x8dF\
C\x92\xc9\xa4\x7f\xe5\xca\x15\xed\xba\xae\x9e\x9c\x9c\xec\xdd\
\xc7\xc4EE\xa8q\x81-..J\xf0\xd8\xdd\xdd\xb5\
\x19\x00SSS\xfe\xf0\xf0\xb0\xb8\xae\xebu:\x1dO\
)\xe5\x85\x0d8~\xbd|\x9f\x05\x80>\x13\xd6\xfc7\
\xce\x04\xff\xdc\xf9\x07\x00\xe0\xf1P\xf3\x0fD\xe7\x9d\x8d\
\x9d\xd7R\xa9\x94t\xbb]\xe9t:A<b\x9b\x92\
;\x8e\xe3OLL\xa8\xe0s\xd3\xd3\xd34\xff\xeb\x03\
\x84\x1b\x17\x5c\xd8@css\xd3\xec\xed\xedI\xa3\xd1\
\xf0\x1b\x8dF0\xe1L\xf8H\xa5R\xe6{\xdf\xabU\
\x8f\x8e\xbao\xc5=^<\x9e\xd3\xb4\x7f\x82\x7f\x00\x00\
>\xb6\x0f\xd5\xfc\x7f\x95}\xfe\x81g\xa5\xe5v\xfe\xf0\
\xfe{\x07[\xbd\xccc\xaf\xd3\xe9\xf8\xb9\x5c\xce+\x16\
\x8b~\x22\x91\xf0\xef\xdc\xb9\xe3\xef\xef\xef\x9b\xb9\xb99\
\xb5\xbc\xbc\xcc\xfe\xff\x17\x1c!\xc7\x05\x16L\x9e\xc5\xc5\
Ey\xfd\xf5\xd7\xcd\xf5\xeb\xd7U\x22\x91\x10\xc7qL\
0\xd9\x94R\xb6\xf6&\x9dN\xdbf\x80\x9e\xe7\xc9\xed\
\xaf\xee\xfev\xdcc\xc6\x9f\xef\x83\xc1?5\xff\x00\x00\
|<\x1f\xaa\xf9_\xd7*K\xf0\x0f<\x13\xefm\x1d\
,+\xa5\xa4\xd9l\xfaA\xec\x11\xc4!a\xe3\xbf\xe0\
\xf37n\xdcP\xc9dRVVV\x14\xe9\xff\x17\x1f\
aG\x1f(\x97\xcb\xea\x8b_\xfcb\x10\xec\x9b\xe7\x9f\
\x7f\xdev\xfe\x1f\x1a\x1a\xf2\xab\xd5\xaa\x9d\x80\xe1\xe3\xd7\
\x16\xdf}\xd3m\x9b\x87q\x8f\x17?\x1f5\xff\x00\x00\
<\x19j\xfe\x81\xe8\xf8\xbey\xf8\xe6\x0f\xdf}\xcb\xf3\
<\xbb\x0bY\x10\xf8\x8f\x8c\x8c\xf8\xedv\xdb\xaf\xd5j\
\x92H$\xcc\xfe\xfe\xbe\x99\x9e\x9e\xf6\xe7\xe6\xe6N\xb7\
\x07\xc4\xc5E\xe8\xd1'\xfe\xf9?\xff\xe7\xf2\xe9O\x7f\
Z\xf6\xf6\xf6\x82\x89\xe6\xef\xed\xed\xf9\xb9\x5c\xce\xaf\xd7\
\xebvG\x80T*e'\x5c\xe5'4\x03\xbc\xa8\xa8\
\xf9\x07\x00\xe0\xfc\xdeW\xf3\xbfA\xcd?\x10\x85G\x07\
\xc7\xbf\xdd\xbb\xd9(CCC\xa6\xd3\xe9\xd8-\x00\x8b\
\xc5\xa2\xef8\x8e\x99\x9a\x9a2A\x8c\x12\xf78\xf1\xf8\
\x08?\xfa\xc0\xe2\xe2\xa2\xcc\xcd\xcd\xa9\xd7^{\xcdN\
\xae`\xb2}\xe2\x13\x9f\x08&\xa1\x97\xc9d\xec^\x9c\
\xddn\xd7O\xa5R\xfe?\xfe\x8d\xfb\xaf\xb1%\xe0\xc5\
C\xcd?\x00\x00\xe7\xf7\xa1\x9a\xff\xdfc\x9f\x7f\xe0Y\
\xf3}\xf3\xf0\x0f\xff\xf8'\xafj\xadM\xf02l>\
\x1e<\x9a\xcd\xa6\x99\x9c\x9c\xf4\xf7\xf6\xf6\xe4\xed\xb7\xdf\
V\xbd\xbb\xff\x8a\x0c\x80\x8b/\x19\xf7\x00\xf0g\xd3Z\
\xdb\xad4\x82I577\xa7\xfe\xc5\xbf\xf8\x17\xe6\xca\
\x95+\xfa\xc1\x83\x07\xbe\xef\xfb\x89`Bv:\x9d\xd3\
Z\x9c\xef|\xe7\xb0z\xe7nkyf&\xff_\xc7\
=v\x9c \xf8\x07\x00\xe0\xc9|T\xcd?w\xfe\x81\
g\xabVk}\xad\x17\xd0\xdb\x05\x80L&\xe3\xd7j\
5/\x9f\xcf\xdb-\x00\x13\x89\x84\xfc\xa5\xbf\xf4\x97\xfc\
V\xab\xe5/..\xcaI\xe8\xc2\xfe\xff\x17\x1daH\
\x1f\x08'R\xa9TR\xd9l\xd6\xee\x06\xa0\xb5\xb6[\
oh\xad\xed>\x9c\xc1\x84\x0c&g*\x952\xbfV\
^\xff2Y\x00\x17\xc3G\xd5\xfc\x13\xfc\x03\x00\xf0\xf8\
Nk\xfe\xef\xf7j\xfeI\xfb\x07\x22\xf1\xd3\xfb;\xaf\
z\x9egz\xb5\xff^\x10k\xe4r\xb9\xb0\x01\xa0\x7f\
ttd\xee\xdf\xbf/\x93\x93\x93\xd2\xdb\xb9\x8c\x19\xd9\
\x07\x08E\xfa\x83\xee\xad\xaa\xc9\xc8\xc8\x88\x0d\xf2?\xf1\
\x89Ox\x85BA\x85[q\x04\x132\xdc\x0d`u\
\xf5\xf0x\xed'\x8d/\xc7=\xe8\xcb\x8e\x9a\x7f\x00\x00\
\xce\xefl\xcd\xff\xfd0\xed\xff]\xd2\xfe\x81(\xd4\x9b\
\xed\xaf\xfdt}g+\x95J\x85M\xc7%\x889\x82\
\xd8ctt\xd4;::\x92k\xd7\xae\x99\x9b7o\
\xca\xec\xec\xac\xdd\xb9\x8c\xbb\xff\xfd\x81p\xa4?\xd8\xe0\
\x7fiiI\xdd\xbauK\xb2\xd9\xac\xd9\xdf\xdfW\xcd\
f3\x98\x90*\x9b\xcd\xfa\xddn\xd7\xd3Z\x87Y\x00\
\xf2k\xa5{\xcbd\x01\xc4\x87\xb4\x7f\x00\x00\xce\xef\x83\
5\xff\xafR\xf3\x0fDj\xed\xce\x83\xdfN\xa5R*\
,\x01\x083\x8f\xb5\xd6\xa6V\xab\xc9\x95+W\xcc\xee\
\xee\xae\x99\x9a\x9a:;\x1b\x99\x99}\x80\x1e\x00}B\
k\xadD\xc4,,,8\x99LF\xd2\xe9\xb4o\x8c\
\xd1\xc6\x98\x84\xeb\xba\xc1\xb1T\xbb\xdd\xb6):\x9e\xe7\
9\xdf\xfb^\xed\xf8'wZ_\x9e\x9d\xcd\xffWq\
\x8f\xfd\xb2!\xf8\x07\x00\xe0\xc9|\xa8\xe6\x7f\x83\xe0\x1f\
\x88J\xa3\xe9~m\xfd\xc1\xdeV\xef\xe6\xa2\x1f\xded\
\xcc\xe7\xf3~\xa7\xd3\xf1\x13\x89\x84\x1f\xc4\x22ALR\
\xa9Tdii\xc9\x96'\xc7=n<\x1e\xc2\x92\xfe\
q\xdaT#\x9b\xcdJ:\x9d6\x8e\xe3\x04\x93\xcd\xf4\
\x1a\x01z\x99L\xc6\x0b\xfb\x00\x04\xff\xee\xd7\xca\xef\xd2\
\x0b b\xd4\xfc\x03\x00\xf0d>\xb2\xe6\x9f\xe0\x1f\x88\
\xcc\x8f\xde\xde\xfc\x9dT*%\xc9d2\xec\xfao3\
\x8d\xdb\xed\xb6?<<\x1c\x1c\xf7\x838drr2\
\xec\xfc\xafD\x84\xfc\xff>Ah\xd2?\xecn\x00\xf3\
\xf3\xf3\xf6E2\x99\x94\xabW\xafJ\x22\x91\x08&\xa0\
]\x99\x0b\xebr\xc2\x95\xba\x1f\xfc\xa0^]\xbbC/\
\x80\xa8hj\xfe\x01\x008\xb7\x0f\xd5\xfc\x13\xfc\x03\x91\
k4\xdd\xafml<\xda\xf2<\xcf\xf7<\xcf\xebv\
\xbb~/\xfd\xbf\x1b\xc4\x1c\x8e\xe3\x98\xdd\xdd]\xf9\xcc\
g>c\x83\xff\xa5\xa5%\xd3kN\xce\x0c\xed\x13\x84\
'}$\x98X\xf3\xf3\xf3\xa6X,\xcag?\xfbY\
i4\x1a^2\x99\xf4{Y\x00~6\x9b\xb5\xe98\
\xc1\xebT*\x15LZ\xf9\xf5\xf2\xc6W\xc8\x02x\xf6\
\xc2\x86\x7f\xdc\xf9\x07\x00\xe0\xe3\x0b\x22\x87\xe4\x07k\xfe\
\x09\xfe\x81\xc8}\xff'\x1b\xbf\x13\xf6\x1f\x0b^\x07\xb1\
\x85\xeb\xba~>\x9f\xb7\xf1\xc6\xd0\xd0PW)\xf5\xc1\
\xee\xff\xe8#\x84(}hnn\xce6\xddP\xbdE\
\x81\xb0\x0c \x98\x94\xddn\xd7>\x82\x89\xe9y\x9e\xff\
\xe6\x9bG\xc7d\x01<[\xb6\xe6_\x13\xfc\x03\x00p\
\x1eg\x1b\xfeQ\xf3\x0f\xc4\xe7\xf0\xb0\xfe\xbb\x0f\x1f\x1e\
o+\xa5\xc2\xda\x7f[b\x9c\xcb\xe5\xbcv\xbb\xed\x8f\
\x8d\x8d\x99\x83\x83\x03y\xe9\xa5\x97l\xfa\xff\xf2\xf2\xb2\
\xf4v*C\x1f!L\xe93Zk\x15L\xb4\xc9\xc9\
I\x99\x98\x98\xb0\xfb\xff_\xb9r\xc5\x1f\x19\x19\xf1\x12\
\x89\x84\x17N\xd8n\xb7kz\x8b\x00\xf2\xf7\x7f\xfd\x1e\
\xbd\x00\x9e\x91\xd3\x9a\xff\x06\xc1?\x00\x00\xe7\x91\xa4\xe6\
\x1f\x88\x9d\xef\x9b\x87?~w\xeb\xb5^\xba\xbf\xad\xfb\
\x0f\x1e\xbdRc\xafX,\xfa\xb5Z\xcd\x5c\xbf~\xdd\
\x1f\x1a\x1a2\xbf\xfc\xcb\xbf\xcc\xec\xecS\x84*}F\
z\x7f\x09\x97\x96\x96L\xbb\xdd\xd6\x9f\xf9\xccgL\xad\
V\xf3\x93\xc9\xa4m\xcc\x11L\xd0N\xa7c\x1bu\xe4\
\xf3y{\xbcRi\xd1\x0b\xe0\x19\xa0\xe6\x1f\x00\x80\xf3\
{_\xcd\xff}j\xfe\x818\x1d\x1d7\xbf\xfc\xf0\xe1\
\xf1v\xb7\xdb5\xc9d\xd2\x96\x00\x04\xf1\x84\xeb\xba&\
x\xdeh4L\x22\x910\xdb\xdb\xdb\xf6\xee\xff\xda\xda\
\x9a\x04\xa8\xfd\xef?\x84+}\xe6\xec$\x0b&\xdfk\
\xaf\xbd&\xa9T\xca\xdc\xbf\x7f?\xdc\x9f\xd3d2\x19\
?\x9dNw\xbb\xdd\xae\x1f|.8\xf6\xeb\xe5\x8d/\
\xbbm\xf30\xde\xd1\x0f\x8e\xb35\xff\xc7\x04\xff\x00\x00\
|,\xd4\xfc\x03\x17\x87\xef\x9b\x87\xff\xef\xb7~\xf8e\
\xcf\xf3lC?\xcf\xf3\xbaZk/\x9b\xcdzZ\xeb\
N\xb1X\xf4\x93\xc9\xa4\x97H$\xcc\xa7?\xfdi\x99\
\x9b\x9b\x0b\xffWfj\x1f\x22d\xe9C\xbd\xba\x7f=\
99)\xf3\xf3\xf3\xcaq\x1c\xf9\xd4\xa7>e\x12\x89\
D0I\xc3G\xb8 \xe0u\xbb]\xf3\x83\x1f\xd4\xab\
o\xfcI\xf5w\xe3\x1e\xfb \xf8`\xcd\xbf!\xf8\x07\
\x00\xe0\xb1\x9d\xad\xf9\xbf\xbf\xa1\xd5\xd7\xbe\x9aP\x1b\xeb\
\x04\xff@\x5cvv\x8f~\xb7\xb7\xdd\xdf\xd9}\xffm\
O\xb1 \xa6h\xb7\xdb\xdd \xf8O\xa5R\xe6\xb5\xd7\
^3\x95J\xc5\xd6\xfe\x87[\x94\xa3\xbf\xf0[\xebC\
\x22\xa2\xb4\xd6ZD\xf4\x17\xbe\xf0\x05gww\xd7\xd9\
\xdb\xdbKu\xbb\xddD:\x9d\xce\x1c\x1f\x1fg\x8d1\
\xe9T*\x95q]7\xab\x94J\x89HJ)\x95\xfc\
\xdew\xfe\xea?\x1d\x1bK\xfe\xe5\xb8\xbf\x87~u\xf2\
>\xf7\xb3\xb4\x7f\xcf\x88\xbd\x88\x01\x00\x00\x8f'\x08\xf2\
I\xfb\x07.\x06\xdf7\x0f\xbf\xf2\xd5?\xf9\x9b\xa9T\
\xca\xee\xfa\x97J\xa5:\x8e\xe3\x04\x0f\xb7\xdb\xedv\x8a\
\xc5\xa2\x9b\xcf\xe7\xdd\xf5\xf5\xf5\xee/\xfd\xd2/y\x85\
B\xc1\xebm\xfd\xa7\xc8\x00\xe8O\x84.}\xe8\xcc\x84\
\xb3\xcd\x00\xb3\xd9\xac\xec\xec\xec\x98\xe0y\xb3\xd9\xf4[\
\xad\x96wfG\x80\xb01\xa0\xad\xdf\xf9\xf7_\xdd#\
\x0b\xe0\x9c>\xaa\xe6\x9f\xe0\x1f\x00\x80\xc7\xf3\x915\xff\
\xf7\x08\xfe\x818}\xe7\xfb\xef\xfe\x9dd2\x19\xde\xf1\
\xf7=\xcf\xb3\x19\x00\xbd\x9eb\xdd \xae\xa8V\xabf\
zz\xdan\xfdw\xe6\x7fe\xc6\xf6)\xc2\x97>7\
;;+\xc5bQ~\xe9\x97~\xc96\x03\x1c\x1f\x1f\
7\x85B\xc1o\xb7\xdbv\xd2\xa6\xd3\xe9\xd3m<\x82\
\x8f\xbf^\xfa\xe9[\x1b\xf7\xdb_\x8f{\xdc\xfd\x86\x9a\
\x7f\x00\x00\xce\xef\xe7\xd6\xfc\xe7\x09\xfe\x81\xb8\xd4\x9b\xed\
\xaf\xdf\xdf|\xb4\xedy\x9e\xe9\xdd,4\x9dN\xc7w\
\x1c\xa7\x9b\xcf\xe7\xfdB\xa1`\x1c\xc71\xd9l\xd6K\
&\x93\xa7[\xff\xf5\xf6\xfe'\x93\xbcO\x11\xc2\xf4\xb9\
pK\xc0G\x8f\x1e\x99\x17_|Q\xea\xf5\xbam\x04\
\x18L\xdal6kz\xabw\xb6\x0f@*\x95\xf2\x83\
\xbf\xc1\xbf\xf2\xf7~\xfa\x7f\xb0-\xe0\xe3\xa3\xe6\x1f\x00\
\x80\xf3;[\xf3\xbfA\xcd?p!\xf8\xbe<\xac\xbc\
\xfd\xde\xef\x84\x81\x7f\xaf\x01\xa0\xdd\xfaOkmo&\
\xb6Z-/\x95Jy\x8e\xe3\xc8\xd0\xd0\x90\xcd6\x0e\
\xa6to\xef\x7ffn\x9f\x22\x8c\xe9c\xe1\x8e\x00K\
KKfuuU\xaa\xd5\xaa?55e\x9b\x01:\
\x8e\xe3\xb9\xae\xdb\xcdd2^:\x9d\xf6\x87\x86\x86<\
\xcf\xf3\xfc`\x12\xbf\xf9\xe6Q\xed\xbbo\xd1\x10\xf0q\
\x845\xff\xe1>\xff\x1e\xc1?\x00\x00\x1f\xcb\xd9}\xfe\
\xbf\xf6*5\xff\xc0Ept\x5c\xff\xca\xc6\xc6\xa3\xad\
p\xc7\xb0 \xf0O\xa7\xd3^\x10;\xb8\xaeko(\
\x8e\x8d\x8d\x99 \xb6\xc8f\xb3\xa6R\xa9\x98\xf0\xffe\
\xeb\xbf\xfeF(\xd3\xc7D\xe44\xf5\xa6T*\xd9\x8f\
\xd5j\xd5\x1f\x1f\x1f\x97z\xbdnK\x01r\xb9\x9c\xe7\
8N7\x5c\xdd\xebv\xbb*\x99L\xca\xc2\xdf\xfc\xd1\
W\xeau\xef\x9d8\xc7\x7f\xd1\xe93i\xff\xd4\xfc\x03\
\x00\xf0\xf1\xfc\xdc\x9a\x7f\xd2\xfe\x81X\xf9\xbey\xf8\xfb\
\xdf\xfe\xc9W\x82i\xda\xedvM\xef\xae\xbf\xd7\xedv\
}\xd7u\xeds\xc7q\xbcz\xbd\x1e\xc4\x15\xfe;\xef\
\xbc\xa3\x96\x96\x96dyy\xd9\x08\x13\xb7\xef\x11\xce\xf4\
\xb1\xdev\x80v\x16...\x9a\xf9\xf9y344\
d\xb7\xea\x18\x1b\x1b\xf3\x12\x89\x84\x9fH$\xbc\xde\xe4\
\xee\x84)=\xc1#\x99L\x9a\xa5\xaf\xec\xfcV\xdc\xdf\
\xc3EE\xcd?\x00\x00\xe7\xf7\xbe\x9a\xffuj\xfe\x81\
\x8b\xe4;\xdf\x7f\xe7\xef\x84u\xffa\x9f\xb0\xde\xf3\xee\
\xc4\xc4D\x10\xfc\xfb\x93\x93\x93\xde\xf4\xf4\xb4\x9f\xcb\xe5\
\xe4K_\xfa\x92Y[[\x93\xdeNd\xcc\xde>G\
H\xd3\xe7\xc2,\x80`2V*\x15\xb9y\xf3\xa6\xbc\
\xfc\xf2\xcb&\x91H\x98f\xb3\xe9\xb7\xdbm\xbfZ\xad\
v\xb5\xd6az\x8f\x1f.\x04\x94\xff\xe1\xfa\xf7\xee\xbc\
\xdd\xfcJ\xdc\xdf\xc3EC\xcd?\x00\x00\xe7\xf7\xc1\x9a\
\xff\xd7^\xa5\xe6\x1f\xb8(\x1aM\xf7\xeb\xf7\xd6w\xb6\
\x93\xc9\xa4I\xa5R\x92J\xa5\xfc^\x9c\xe0e\xb3Y\
\x13\xc4\x0e###~\xaf\xb9\xb8_(\x14djj\
\xca_\x5c\x5c\xb4[\xff\x9d\xcd@F\x7f\x22\xac\xe9s\
a\x16\x80\x88\xd8\x1d\x01VWWU.\x97\x93t\xfa\
\xffc\xef\xcf\x83\xeb\xba\xee\x03O\xfc\x9cs\xb7\xb7`\
'\x1fAA\x10MS\x94\xdc\xe2k\xcam\xc3\xfe\xa5\
i\xf5/\x83X^\xc6\x9e\xd6\xa4\x93i0\xee$N\
']\xce\xe2NW\xa6*\xb1\xe2$3\x13>$\xdd\
\xee\x89\xe5\xee?\xa6f\xe2\xd8U3\x93H\x9e\xa9\x19\
\xa1\xda\x8ac\xcb\x92\x958\x82\x93H\xb2#\xc3\xb2(\
\x81\xb6(\x8a\x22!\x18\x04\xf8\x88\xe5\x01o\xb9\xdb9\
g\xea\x1c\x9c\xef\xd5y\x97\xa0BQ\x12\x01\x92\xdfO\
\xd5\xc3\xbd\xb8\xef\xbe\xbb/\xdf\xfd\xebs\xc7q8c\
,-\x16\x8b\xd0\x05 Q\xca\xbf\x89\x08P\xaf_\xfe\
\xdb\xbf\xfb\xf2\xfdQ(\x17\xb7{?v\x0a\x98\xf3\x8f\
 \x08\x82 o\x0c\xc7\xe4\xfc\xbfbr\xfe\xcfb\xce\
?\x82\xec\x088\x17\x8b\xcf\xfd\xf0\xec\x9f\x15\x0a\x05\xa5\
?\x884M\x93$It\xcb\xbfB\xa1\x10+\xd4\xf4\
v\xbb\x9d\xee\xdb\xb7O\xd4\xebu\xfd9t\xe8\x10\xa5\
\x9b}\xc8%F\x00\x5c\xfb\xb8\xdb\xbd\x01\xc8\x9b\x03\x18\
\x01\xd4\xbd=;;K\x19cruu\x95\xef\xdb\xb7\
\x8f\xcd\xcd\xcd\xa5\xc5b\x91\xc5q\xec\xfa\xbe\xcf\xd34\
M=\xcf\xa3I\x92\xb0\xe7\x9fo\xae?\xfc\x8d\xfa\x1f\
\xff\xf4O\xee\xf9\x83\xed\xde\x87\xed\x06s\xfe\x11\x04A\
\x10\xe4\x8d\xa1\x94|\x9d\xf3o<\xff\x98\xf3\x8f ;\
\x87\xf3\xcb\xeb\xf7\xcf\xcd/\x9f\xf3<O\xf7\xfb7\xad\
\xc2y\x10\x04<\x8a\x22\xd1\xd7\xd7\xc7\xcf\x9f?\xaf\xa7\
///\x8br\xb9L\x1e\x7f\xfcqa\x02{\x94\xae\
A\xd1\x00p\xed\x83!\x1c\xd7\x11&$\x87\xbe\xe7=\
\xefq\xc20\xa4\xab\xab\xabn\xa7\xd3\xf1\x92$\xf1\x0b\
\x85\x82\xd7l6\x03)\xa5/\x84(\x10B\xfc$I\
\x5c\xd7u=\xf5\xe7\xa9\xbf}\xf7\xe4\x9e\x8a\xf7\xcf\xb6\
{\x1f\xb6\x0b\x06\x9e\x7f\x93\xf3\x8fa\xff\x08\x82 \x08\
r\xf9\xe4s\xfeu\xb5\x7f\x0c\xfbG\x90\x1dC\xab\x1d\
}\xe3\xe1\xbf\xfa\xde\x1f)\xc5\xdfu\xdd\xd4\xf7\xfd\x84\
R\x9a$I\x122\xc6b\xc6\x98\x1a&{\xf7\xee\x8d\
\xda\xedvZ*\x95\xf8\xe8\xe8(\xafT*\xba\xf8\x1f\
\xb6\xfd\xbb~@\x15\xe7\xfaC\xdes\xcf=\xfc\xd0\xa1\
CdaaA\x14\x8b\xc5\xc4\xb4\x05\xe4\xc5b\x11,\
}\xba\xc7g\xb1X\xcc\xfa~\xfe\xd2/\x9f\xf8\x1cO\
es\xbb7~;\xc0\x9c\x7f\x04A\x10\x04\xb9r\xb6\
\xca\xf9G\xe5\x1fAv\x0e:\xf4\xff\x07\xf3\xf7\xabQ\
\x93\x1a\xcc\x93$\x11I\x92\xa4&\xf7_Ok6\x9b\
i\xa3\xd1\x10\x8c1\x19\x04\x81\x1c\x1f\x1f\x17\xd5jU\
J,\xfd\x7f]\x81j\xceuJ\xbd^\x17ccc\
\xfcmo{\x9bt\x1cG\xf7\xff\x8f\xa2H[\xfa\xc0\
\x08\xa0P\xe3i\x9a\xf2\xe7\x9fo\xae}\xe5\xe1\xfag\
\xb7{\xbb\xaf6\x98\xf3\x8f \x08\x82 o\x0c\xa5\xfc\
c\xce?\x82\xec\x5c\x16\x97\xd7\xee\x9f\xfb\xd1\xf9E\xab\
\xed\x1fO\x92D\xe9\x05\xb1R\xfc\xa3(\xd2\xce\xc2\xa1\
\xa1!\x9d\x0e0<<\x9cV*\x15\xdd\xf7\xbfV\xab\
I\x8c\x1a\xbf\xbe\xc0\x93y\x9daU\xe6\xccR\x01\x0a\
\x85\x82\xfb\xd2K/\xf9i\x9a\xfa\x9cs\x9d\x02 \xa5\
\xf4=\xcfS\xe3Y*@\x9a\xa6\xce\xd3O\xfd\xffn\
\x98T\x80\xadr\xfeQ\xf9G\x10\x04A\x90\xcb\x07s\
\xfe\x11dg\xd3jG\x8f=\xfcW\xdf\xfb#\xd3\x09\
,1U\xff\xe34M\xa3B\xa1\xa0S\x00\x1c\xc7\x09\
]\xd7U\xdf\xa5\xd5jUG\x0a\x9b\xdc\x7f\xb1Yj\
\x0c\xf3\xfe\xaf'P\xdd\xb9\xce\x80\x1btrr\x92\xcc\
\xcc\xcch\xcb\xdd\xf2\xf2\xb2X[[\xd3\x1d\x01\xd4'\
\x8a\xa2$\x08\x02\xf0\xfe\xa7\xa6\xf5\x87\xee\xff\xf9\xcb\x9f\
<y_\x14\x8a\xeb\xbe+\x00C\xe5\x1fA\x10\x04A\
\xae\x98,\xec?\xd8\xcc\xf9\x7f\xe4a\xec\xf3\x8f ;\
\x0d\x1d\xfa\x7fr\xfeOM\xca/\xf7<O@\x14\xb0\
\x1a\x9a\xdc\xffd``@\xe9\x09\xe2\xe0\xc1\x83\xbc^\
\xaf\x8bJ\xa5\x22\xcdm\x8e\xca\xffu\x08\xaa<\xd7!\
\xeaF=v\xec\x98\x94R\x8a\xd9\xd9YQ.\x97\xc5\
\xf0\xf0\xb0\xb0\xda\x02\xa6I\x92\xc0G\xa7\x07@8\xd0\
w\xbf{a\xfd\x81\xff{\xe1s\xdb\xbd\x0fo%v\
\xc1?T\xfe\x11\x04A\x10\xe4\xf5qQ\xce\xff\xc3\xd8\
\xe7\x1fAv\x22s\x0b\x17\xfexnN\x87\xfe\x0b\xd7\
u\xb5\x11\xc0j\xfb\x97DQ\xa4u\x83\xf9\xf9y\xa5\
'\xe8\x96\x7f\xcf?\xff|J6\xf5\x89\xed\xde|\xe4\
-\x02\xd5\x9e\xeb\x14u\xd3NNN\xd2\x89\x89\x09y\
\xe8\xd0!\xb2\xb4\xb4$|\xdfO766\x84\xba\xd1\
M\xc1\x8f\xc4\xf7\xfd\x04\x8c\x00\xea\x9d^(\x14\xe4\x1f\
~\xe6\xec3?<\xd9\xfe\xf2v\xef\xc3[A^\xf9\
\xc7\x9c\x7f\x04A\x10\x04y}\x5c\x94\xf3\x7f\x86\x92\x02\
*\xff\x08\xb2\xa3Xm4\xef\x7f\xea\xe9\x17\x9e0\x11\
\xbf\x10\xed\xcb\x83 \x88\x83 H\xe28\xe6===\
Z\xfe\x7f\xc7;\xde\xa1s\xff\x83 \x90G\x8f\x1e\xa5\
\xa6\xea?A\xef\xff\xf5\x09\x9av\xaeSL\x9fN5\
J'&&\xe8\x89\x13'\x9c\xbe\xbe>gee\xc5\
]XX\x088\xe7\x9e\x10B\xb7\x05t]W\x0d\x0b\
RJ7I\x12\xc7u]\xf7\x8e;\x0a}\xff\xcf\x03\
\x87\xffSO\x0f;\xb8\xdd\xfb\xf2f\x01\x05\xffZ\xe8\
\xf9G\x10\x04A\x90+\x02s\xfe\x11d\xe7\xc3\xb9X\
\xfc/\x0f\x7f\xe7g\x95J`\x9c|i\x9a\xa6P\xf4\
/R\x9f\x9e\x9e\x9e\xc4u\xdd\xa4T*\xc5\x8a\xc3\x87\
\x0f\x8bN\xa7\xc3\xa7\xa7\xa7\xb9\x94\x12\x95\xff\xeb\x18T\
\x7f\xaeS\xd4M\x0b\x1d;\x1e|\xf0Ay\xd7]w\
\xc9\xd1\xd1Q\xee\xba\xaet\x1c\x07\xf2\xfeu$@\x92\
$i\xbb\xdd\x8e\xd3Mt\xc1\x8f\xe7\x9ekn\xfc\xee\
\xef\xbft\xeczi\x0d\x089\xff\xa8\xfc#\x08\x82 \
\xc8\xeb\xa7+\xe7\xff,\xe6\xfc#\xc8NEJ\xd9\xfc\
\xf6\xf7_\xfc\x94\x92\xf9]\xd7\x15\xa6\xf8\x9f\x1a\xa6f\
\x5c\xb7\xfc\x0b\xc30]\x5c\x5cLZ\xadV:??\
/{zz\xa4\xc9\xfd\xc7\xf0\xff\xeb\x1cT\x81\xaec\
\xcc\xcd\xabnx\xb9\xba\xba*\x06\x07\x07e\x14E\x89\
\xeb\xbaYA\xc0R\xa9\xa4[\x03\xfa\xbe\xaf\xad\x83\x9e\
\xe7\xe9\xb6\x80\xae\xeb\xa6\x7f\xf1\x17\xe7\x17\x9f\x9eY\xbf\
\x7f\xbb\xf7\xe3\x8d\x829\xff\x08\x82 \x08r\xe5\x5c\x94\
\xf3\xff5\xec\xf3\x8f ;\x95\xfa\xca\xfa\xfd?\xfa\xd1\
\xca\x82\xbau\x95Lo\x0a\x00&\xe0\xf8c\x8c%=\
==Z\x0f\xa8T*J\xf6\x17\xd5jU\xe7\xff?\
\xf8\xe0\x83\xc2,\x06\xef\xea\xeb\x18T\x83\xaeo\xa4\x09\
\xe1!\xd5jU~\xf1\x8b_\xd47\xb3\xe38YA\
\xc00\x0cy\xa1P\x10q\x1c\xa7\xbe\xef\xeb\xea\xa0\xc6\
\x08\xa0f\x15?\xf3s\xcf\x7f\xf9\xe4\xa9\xf6\x7f\xd9\xee\
\x1d\xb9RP\xf9G\x10\x04A\x907\xc6V9\xff\xa8\
\xfc#\xc8\xce\xa3\xb1\x11~\xf9\xef\xbes\xf2\xcbF\xf9\
\xd7y\xff\x9dN\x87C\xfe?\x18\x01\xd4\xb4\xa1\xa1!\
\xad\xf4\x1f>|X\x1c:t\x88<\xfe\xf8\xe3\xc2\xe4\
\x0f\xe3]}\x9d\x83\xaa\xd0u\x0e\x84\xf0\x1c;vL\
\x8e\x8f\x8f\x93\xfe\xfe~\xd1\xdb\xdb\x9b\x06A\x90\xec\xda\
\xb5+\xed\xe9\xe9\xe1q\x1c\xc7\xfd\xfd\xfd\x90\x0e\x10\xa7\
i\xcaM\xab\x90\xd4u\xdd\xf4\xde\xdf9\xfd\xc0\xb5\xd8\
\x1aP\xed\xbaD\xe5\x1fA\x10\x04A\xae\x18\xa5\xe4+\
\xe5\x7fn\x8e\x92\xaf?\x8c9\xff\x08\xb2S\xe1\x5c,\
~\xfb{/\xde\x0f\xe9\xbc&\xdc?55\x00\x12\xc6\
XL)\x8d\x95\xec?00\xc0;\x9dN2>>\
.n\xb9\xe5\x16\x98W\xa2\xf2\x7fc\x80\xea\xd0\x8d\x81\
\xbe\x99\xa7\xa7\xa7\xc5\x81\x03\x07D\x10\x04\xd2q\x1c\xd9\
l6\xb9\xef\xfb\xea\x81\x90\xc6q\x9c(\xc0BX,\
\x16E\x92$2MS\xf9\xdd\xef.\xaf\xff\xd6o\xbf\
\xf0\xa9k\xa9\x1e\x00\xe6\xfc#\x08\x82 \xc8\x95sQ\
\xce\xff\xd70\xe7\x1fAv*R\xca\xe6\xd3\xdf\x7f\xf9\
\xb7\x1a\x8d\xe6\xba\xeb\xba\xe0\xed\xd7Q\xbd\xe0\xf5\x87\xdc\
\xffN\xa7\x93\x96\xcb\xe5D\xe9\x02\xf5z]\xac\xae\xae\
\x8a\xa9\xa9)i\x96\xb3\xdd\xbb\x82\x5c\x05\xdc\xed\xde\x00\
\xe4\xea\x01U\x01\x7f\xe2'~B\x1c:t(}\xe1\
\x85\x17\xe8+\xaf\xbc\xa2S\x01\xa4\x94\x8cR\xea\xf8\xbe\
\xefDQD\xd34\xd5Q@RJZ(\x14\xe8C\
\x7fq\xfe\xdcO\xbc\x7f\xe8\xbe\xff\xee_\x0cOn\xf7\
~\xfcC`\xd8?\x82 \x08\x82\x5c9[\xe5\xfc\xab\
!\x86\xfd#\xc8\xcedaq\xe5\xf3s?\xda\xec\xf7\
o&\x09S\xf9_G\x01\x14\x8b\xc5$\x8e\xe3d`\
` \xf1}\x9f\xaf\xad\xad\x89\xde\xde^^\xa9TD\
\xb5Z\x95\xd5jU\xfdFb\xf1\xbf\x1b\x03T\x8bn\
\x10\xa0\x95\xc7\xe4\xe4$\xa9T*rjjJ\x0e\x0d\
\x0dq\xdf\xf7\xd3J\xa5\x92\x98\x82\x80:\x12\x80\x10\x92\
x\x9e\x97U\x0dM\xd3T\xb8\xae+\x7f\xf3S\xa7\x9e\
\xf8\xfe\xf1\x8d\x07\xb6{_^\x0bT\xfe\x11\x04A\x10\
\xe4\x8dqQ\xce?*\xff\x08\xb2cYm4\xef\x7f\
\xe2\xe9\x93\xdf\x80\xc2\xdf\xe9\xa6\x17O\x87\xfd\x13Bb\
J\xa9\x92\xf3\xb5\xf7\x7faa\x81\x97\xcb\xe5\xb4\xb7\xb7\
7\xfd\xf9\x9f\xffy\x0eU\xff\x8f\x1d;\x86\xca\xff\x0d\
\x04\x9e\xe9\x1b\x0c)%\x9d\x9c\x9c\xa4\xb3\xb3\xb3\xf4\x99\
g\x9eq+\x95\x0a{\xf1\xc5\x17\xdd8\x8e\xbd\xf5\xf5\
u\xafX,\xfa\x9e\xe7\x05a\x18\x16\xa4\x94\x9e\xeb\xba\
~\x92$\x8e\xeb\xba\x8e\x89\x18q\x9e\x9c\xfe'\xb5\xe1\
\xbd\xc1]\xdb\xbd/y\xb0\xcf?\x82 \x08\x82\xbc1\
\xb2>\xffsV\xab?T\xfe\x11dG\x12\x86\xf1\x13\
\x7f\xf1\xd8\xcc1h\xf7\xa7\x94\xfc4Mc\xdf\xf7\x93\
V\xab\x95\x04A\x103\xc6\x22\xc6X<88\x18\x87\
a\x988\x8e#~\xfc\xc7\x7f<Q\xf3\x9b\xd0\x7f\xcc\
\xfd\xbf\xc1@\xf5\xe8\x06\x83R\xaa\xad|SSS\xba\
 \xe0\xe8\xe8(\x1f\x19\x19\xd1]\x01z{{y\xb9\
\x5c\xd6)\x01\x94\xd2\x88R\x9a\x18+\xa20\x05E\xd4\
\xc3\x81\xff\xf2\xaf\xbf\xf8\xb9(\x94;\xaa( \xe6\xfc\
#\x08\x82 \xc8\x95c\xe7\xfc\xcf\x9dE\xe5\x1fAv\
:\x9c\xcb\xc5\xbf~\xf2\xc4}F\xf9\x97P\xc4\x1bz\
\xfd\x07A\x90\x14\x0a\x05\x9d\xefO)\xe5\xadV\x8bS\
Jeooo:11\xa1\xe6\x81\xf4`\xbc\xbbo\
0PE\xba\xf1\x80\x9b\x5c\x17\x04\xacV\xab\xe2\xe6\x9b\
oN}\xdfO]\xd7M\xc20L\xa2(\xca\x8a\x01\
\xfa\xbe\x9fx\x9e\x97\x18\x8b\xa2N\x09x\xf6\xd9\xc6\xfa\
o\xfe\xce\x0f\xef\xdd)E\x011\xec\x1fA\x10\x04A\
\xae\x1c%\x18\xb8V\xce\xff\xd7\xbf\x86\xca?\x82\xecd\
8\x17KO\x7f\xff\xe4\xa7\xc20i\xa5i\x9a\xf5\xfb\
O\x92D\xb7\xf5N\xd34\xa6\x94\xa6q\x1c\xc7\x17.\
\x5c\xe0\xcdfS\xc9\xf9:\xfc\xbf\xbf\xbf_\xd7\x09\xb0\
z\xfe#7\x18\xa8&\xdd\xa0H)I\xb5Z\x95\xb3\
\xb3\xb3\xf2\xc5\x17_$\x8e\xe3\xc8\x91\x91\x11]1\xb4\
\xaf\xafO)\xfc\xfa\xa3\x1e$`\x0cH7\xd1\xf5\x00\
\x1e}t\xfd\xdc\xffy\xffbm\xbb\xf7C+\xff\x14\
\x95\x7f\x04A\x10\x04\xb9\x12\xec\x82\x7f\x98\xf3\x8f \xd7\
\x06\xb3?\x9c\xab\xcd\xfdh\xe5\x5c\x18\x86\x99\xc7_)\
\xfc\x9e\xe7\xe9\x96\xde\x84\x10A)\x8d;\x9d\x8eR\xf8\
\x13BH\x1a\x04\x01\xdf\xb5k\x17\xef\xed\xed\x95G\x8f\
\x1e\xd5\xca?\xe6\xfd\xdf\x98\xa0\xaat\x83\x02\xa9\x00j\
\xfc3\x9f\xf9L:88\x98^\xb8pA\x8e\x8c\x8c\
\xc4KKK\x9c1\xa6\x0d\x00\xa6( O\x92D=\
T\xa0(\xa0~\xd0\xfc\xe1gN\x7f\xff\xa9o7>\
\xbf}\xfb`\xfa\xfc\xb7P\xf9G\x10\x04A\x90+\xc1\
\xcd\xf7\xf9G\xcf?\x82\xech\xce/7>\x7f\xeal\
\xfd\x94\x1aw]Wx\x9e'\x8c\xb3N)\xf9\xa9i\
\xfb\x17\x97\xcbe\x9d\xde\xcb\x18\x13###\xbcP(\
\x88\x99\x99\x199>>.Lc0\x0c\xff\xbfAA\
\xb3\xcf\x0d\x8a\xba\xf1)\xa5T\x0d'''\xe9\xf4\xf4\
4\xabT*\xec\xf8\xf1\xe3A\x14E\xce\x993g\xdc\
\xdd\xbbw\xfb\xcdf3\x90R\xfa\xae\xeb\xfaq\x1c{\
\xae\xebz\xeay\x93$\x89K\x08ai\x9a\xb2\xaf\xfe\
\xf9\xbb\xff\xf5\xbb\xffI\xef\xc7\xaf\xe6\xf6S\x93\xf3\x8f\
\x9e\x7f\x04A\x10\x04y\xfd\xd8a\xffX\xf0\x0fA\xae\
\x0dVW\x9b\xf7?\xfe\xd4\x0f\xfe,\x0cC\xa9\x14\xfa\
4M9T\xfcO\x92$R\xc3\x81\x81\x81(\x8e\xe3\
\x981\x96\xec\xdd\xbb7\xda\xd8\xd8\xe0P\xf5\x9f\x10\x22\
\xc0\x01\x88m\xffn\x5cPe\xbaA\xb1ox\xf5 \
\xa8T*\xb2^\xaf\x8b\x17^x!m\xb5Z\xeaA\
\xc2\xc30\xd4\x16D\x93\x0a\xa0#\x01:\x9d\x0e\xf4\x14\
\xe5\xae\xeb\x0a\xf5\x99\xf8\xd8\x89?;s6|\xecj\
m;\xb3\x94\xff\x06*\xff\x08\x82 \x08\xf2\xba\xc0\x9c\
\x7f\x04\xb9\xf6hlt\xbe\xfc\x97\x7f\xfb\xdc\x03J\xf9\
W\xf2\xb7\x92\xc7Mt.W\xb2\xbaR\xf2\xfb\xfb\xfb\
\xd3(\x8atAo\xc7q\xd2F\xa3!\xee\xb8\xe3\x0e\
\x1e\x04\x81<v\xec\x988t\xe8P\xa6\x00\xa0\xf2\x7f\
\xe3\x82j\xd3\x8d\x8d\xa4\x94\xea\xd7|\xb5Z\x85!\xaf\
\xd7\xeb|\xf7\xee\xdd\xa9zx\xf4\xf5\xf5%\xc6\x10\xa0\
S\x02<\xcfK\x09!\xa9\xe7y\x82\x10\xa2\xeb\x01\xa8\
\xe5\xfcWw\xcf|ve%y\xf6\xad\xde\xe0|\xce\
\xbf@\xe5\x1fA\x10\x04A.\x1b;\xe7\x7f\x0er\xfe\
\xcf\xa0\xf2\x8f ;\x990\x8c\x9e\xfc\xc6\xe3\xdf\xff\xbc\
q\xbeI\xd3\xf3_\xa4i\x0a\xfd\xfe\x13S\xf4O\xb7\
\xfc3\x06\x00]\xf4\xafR\xa9\x08\xf59z\xf4(5\
\xd5\xff3\xf9\x1f\xb91A\xd5\x09Q*\xb5\xac\xd5j\
r||\x9c\xcc\xce\xce\x8a\x83\x07\x0f\x8a\xe1\xe1a\xb9\
g\xcf\x9etiiI\x94J\xa5\xc4\xd4\x04\x88\x83 \
\xd09Fi\x9aBg\x00\x88\x08\x90\x1f\xff7'j\
\x1b\x1b\xe9Ko\xd9\x86\xe6r\xfeST\xfe\x11\x04A\
\x10\xe4ua\xe7\xfcc\xd8?\x82\xec|\x92\x94\x9f\xfa\
\xd6wN~\xd6u]b\xdar\x0b\xcf\xf3 \xf4?\
\x0d\x82\x00\x94\xff\xc4\xb4\xf3\xe6\xbbw\xef\xe6\xa3\xa3\xa3\
\xfc\x8e;\xee\x90SSS\xa2R\xa9H\xd3\xf3\x9f\xa2\
\xe7\x1fA\xf5\x09\xd1\x0f\x03)%9v\xec\x18\x97R\
\x8a\xf7\xbf\xff\xfd\x22\x8a\xa2dccC\x87\x15\x0d\x0e\
\x0e\xc6===q\xb1XL\x93$\x89|\xdf\xd7E\
\x01M\xe8\x11\x14\x10\x91\xcf?\xdfl\xfe\xee\xef\x9f>\
\x16\x85b\xf1\xcd\xdeH\xbaE\x9f\x7f\x07\xaf^\x04A\
\x10\x04\xb9,\xba\xfa\xfc\x83\xf2\x7f\x1a\x95\x7f\x04\xd9\xc9\
p.\x96\xbe\xfb\xdc\xcb\x7f\xd0h4[J\xd97\x9e\
\x7f\x9d\xaa\xeby\x9e\xee\xd6\xa5>\xc5b1Q\xb2z\
\x18\x86\xba\xad\xb7\x92\xe1\xdb\xedv\xda\xe9t\xf8\xc4\xc4\
\x844-\xff\xd0\xf3\x8fhP\x85B\x08<\x0c(\xa5\
drr\x92\xac\xae\xae\x8a \x08\xa4\xe7y\xe2\x1d\xef\
xG\xdal6E\xbd^\x17kkk\xda\xeb\xcf\x18\
\x8b}\xdfO\xd5\x83\xc7\x84\x1eq\xd7u\xf5\xe7\xa1\x87\
\xce-\xde\xfb?\x9c\xba7\xec\xc8\xa57k\xfb0\xe7\
\x1fA\x10\x04A\xae\x9cK\xe6\xfc\x97P\xf9G\x90\x9d\
\x0a\xe7b\xf1\xef\x9fy\xf1S\xaf\xbcR_0J?\
1\xf9\xfe\x02\x22q\x83 \x88M\xd7.\xa5\xfc+Y\
<Q\xf2x\x10\x04\xfc\xfd\xef\x7f\xbfn\xf5g<\xff\
D\xe2\x8d\x8e\x18P\x8dB4`\x048v\xec\x98\xac\
V\xab\xb2R\xa9\x88\xe1\xe1\xe1\xb4\xa7\xa7\x877\x1a\x8d\
\xa4\xbf\xbf?)\x97\xcbi\x18\x86\xb1)\x08\xa8\x06:\
\x1d@=\x80\xc20T\x0f#]\x14\xf0\xe1\x87W\x17\
?\xf5{/\xfeV\x14\xca7\x1c\x09\x809\xff\x08\x82\
 \x08r\xe5t\xe5\xfc\x9f\xa5\xe4\xd1\x871\xe7\x1fA\
v:J\xf9\x7f\xfa\xb9\xd3\x9fzea\xe5\x9c\xf1\xfa\
\x13P\xfa\x95\x0c\xee\xfb\xbe.\xd0](\x14\xd4\xb4H\
\xc9\xeb\xfd\xfd\xfd\xba\xe5\x9f\xe7yB\x8d\xab\xdfT*\
\x95\xec\x0eG\xef?\x02\xa0*\x85d\xd8\x96A\xf5\xc0\
8p\xe0\x80X^^\x16###\xeaa\x92:\x8e\
\xa3\x8d\x00\xa6\xbf\xa8~\xf0\x98\x07Pj\x8a\x03rS\
\x90\x84\x7f\xf5\xab\xf5\xc5{\x7f\xe7\xc5{\xdfH:\xc0\
f\x8a\x12\xe6\xfc#\x08\x82 \xc8\x95\xd2\x95\xf3\xffu\
\x87\x9cA\xe5\x1fAv4\x9c\x8b\xa5\xbf\x7f\xe6\xc5{\
\xe7\xe6\xea\x8b&\xc2V\x82\xc3M\xc9\xdbJ\xee\x06Y\
\x5c\xc9\xe6J\xf9?\x7f\xfe|\x12EQ\x5c(\x14\xd2\
R\xa9\xc4\x0b\x85\x82\xfc\xc2\x17\xbe\xc0M\x91o\x0c\xfd\
G\xba\xc0*\x10\xc8V\xe8\x9a\x00G\x8f\x1ee'N\
\x9cp\xa2(\xa2\xedv\xdb)\x95Jn\xa7\xd3\xf1\xe2\
8\xf6\x92$\x09\xd6\xd6\xd6<\xdf\xf7=)e\xa0d\
\x0c)\xa5\xe7y\x9e\x93$\x89\xe3\xba.K\xd3\x94\xfd\
\xe4OVn\xba\xef?\xdcv_P\xa0{_\xd7\x06\
`\x9f\x7f\x04A\x10\x04\xb9b\xb6\xec\xf3\x7f\x1a\xc3\xfe\
\x11d'\xa3\x94\xff\x99\xe3\xa7?u\xe6\x95M\xe5?\
\x0cCQ,\x16y\x92$\xc2\xf7\xfd\xd8(\xff:\xec\
\x9f1\x16\xa9\xe1\xc0\xc0\x80\x8e\x04h\xb5Z\xe9\xbb\xdf\
\xfd\xee\xf4\x96[n\x11'O\x9e\x94\xd3\xd3\xd3\x5c\xc9\
\xf3\xa6\xe8\x1f\xde\xf1H\x06\xaaT\xc8Vd\x0f\x89C\
\x87\x0e\xf1\xfe\xfe~\xf5\xd0\x11\x8dFC\xb4\xdbm\xed\
\xedw]7V\x0f\x9b \x08t\xefQc\x99LM\
Z\x80\x80*\xa5_\xf9J\xfd\xdc\x7f\xfe_\xe7&y\
*\x9b\x97\xbbr\xcc\xf9G\x10\x04A\x90+\xa7+\xe7\
\xff\x0c\xe6\xfc#\xc8\xb5\x80\x94\xb29\xfb\xc3\xb9\xda\xfc\
\xb9\xd5EB\x08\x87\xd4Z%[\x1b\x19;5\xf9\xfe\
\x891\x02\xe8\x96\xddJ6?}\xfa4\x07\xe5\x7fu\
uU\x8c\x8f\x8f\x0b+\xb2\x17\xefx\xa4\x0bT\xab\x90\
Kb*\x86j>\xf4\xa1\x0f\xf1j\xb5\x9a:\x8e\xa3\
\x8d\x00\xae\xeb\xaa\x87N\x92$\x89\xb6>\x06A\x90\xfa\
\xbe\x0f\xb9I\x90\x0e\xa0\xfb\x94\xfe\xc9\x9f\xcc\x9f\xfa\xec\
\x7fz\xf9\xb2\xd2\x010\xe7\x1fA\x10\x04A\xae\x1c;\
\xe7\xff\xec\xd9\xcd\xb0\x7f\xcc\xf9G\x90\x9d\x0d\xe7b\xf1\
\xb9\x13g\xef\xfd\xe1K\xe7N\x81\xe2\xaf\x86\xa6\xdd\x9f\
\xae\xf8\xafd\xed \x08\xb4\xb7_\xc9\xe0\x8e\xe3\xc4\x8e\
\xe3h\xc7\xdc\x91#G\xf8\xf9\xf3\xe7\xb5\xe7\xbfZ\xad\
\xea\xf6\xde\x04\xf3\xfe\x91K\x80)\x00\xc8k\xa1\xaf\x8f\
\x89\x89\x09V\xaf\xd7\xe9\xed\xb7\xdfNO\x9e<\xe9L\
OO\xbb\xfb\xf7\xefw;\x9d\x8e\xbf\xbe\xbe\xee\xf9\xbe\
\x1f\x84a\xe8J)\x03\xd7u=)\xa5\x9b$\x89\xab\
d\x10\xf3Q\xcba\xff\xfc\x9fWn\xfa\xcf\xff\xf3\xa5\
\xd3\x01\xf2a\xff)\xb6\xfaC\x10\x04A\x90\xd7\x85R\
\xf2\x83\x80\x90W\xe6(\xf9:\x86\xfd#\xc8\x8e\xc7T\
\xfb\xbf\xf7\x95\x85\x95E\xa5\xf8\x13BD\x18\x86\xbcX\
,\xf2N\xa7\x93\x96J\xa5\xc4\x14\x00\xd4\x9e\x7f\xc6X\
\xd4\xdb\xdb\x9b\x16\x8b\xc5\xb8\xd5j\xa5A\x10\xf0B\xa1\
 \xfa\xfb\xfb\xc5=\xf7\xdc\xc3\x8f\x1d;&1\xec\x1f\
y-\xdc\xed\xde\x00dG#\xa5\x94\xea\x09\x22(\xa5\
\xf4\xf6\xdboW\xca\xbf\x18\x1d\x1d\xe5\xeb\xeb\xeb\x8cs\
\x9e\xf4\xf5\xf5\x91\xf5\xf5u\x9d_\xe4\xfb>\x8d\xa2H\
\xff\xc8\xf7}\xfd\xdb$I\xa8\xa9\x07@\x1f}tu\
\xd1q^\xbc\xf7\xbe\xffp\xf0\xbe\xa0\xc0\xba\x8c\x00[\
\xe5\xfc\xa3\xf2\x8f \x08\x82 \x97\x0f(\xffs\xc6\xf3\
\x8f\xca?\x82\xecl\xa0\xe0\x9fR\xfe\xad\x14Z\xddZ\
;MS]\xf4O)\xff\x84\x90\xb4P(\xe8\xa2\x7f\
q\x1c\xa7a\x18&\x9cs\xee\xfb\xbe\x00\xe5\xff\xd3\x9f\
\xfe\xb4\x98\x98\x98\x90\xa8\xf8#\xff\x10\xa8b!\xaf\x89\
\x15:$GFFx\xb5Z%\xeaA\xf3\xf6\xb7\xbf\
=\xdd\xbbwo\xda\xe9ttw\x00Ji\xa4\x1eH\
\x84\x90\x04j\x01\xa8'\x16\xd4\x06\x80\x5c\xa6\xaf|\xa5\
~\xee7\x7f\xe7TW:\x00\xe6\xfc#\x08\x82 \xc8\
\x95\x93\x85\xfd\x07&\xe7\xffa\xcc\xf9G\x90\x9dN\xd6\
\xe7\x7fae\x11jg\x99\x0fT\xfbO\xa0\xceV\xb1\
X\xd4\xbd\xfe\xa3(\xd2F\x00\xf5\xfd\xdb\xde\xf66\xbe\
\xb0\xb0\xa0\xfb\xfd\xdfs\xcf=\xfc\xc4\x89\x13\xda\xf3o\
\xbc\xff\x08rIP\xcdB.\x0b)%\xa9\xd5j\x12\
\x8a\x02\xce\xcc\xcc\xf0V\xab\xa5k\x01\x0c\x0c\x0c\xe8\x22\
$\x8c1\xf5lJ\x82 \xd0\xd5I=\xcf\xd35\x01\
\x92$\x11v]\x80G\x1f]]\x04#\x00\xe6\xfc#\
\x08\x82 \xc8\x95\x839\xff\x08r\xed\xc1\xb9\x5c\xfc\xfb\
gN\xdf\xfb\xca\xc2\xca\x92R\xfe\x0b\x85\x027r\xb2\
\xce\xf9W\x1f\xdf\xf7A\xf9\x8f\x1d\xc7\x89\x19c\x89\x92\
\xb7\x1d\xc7Q\xdfq%\x8b\x8f\x8d\x8d\xe9\xa2\x7fj\x99\
\xc7\x8e\x1d\x93\x12ox\xe42@\x13\x11rYH)\
\xa9\xb1(\xd2\x89\x89\x09Z\xadV\xe9\x97\xbe\xf4%\xdd\
\x1ap~~\xde)\x16\x8b\xba=`\xb3\xd9\xf4\x84\x10\
\x81\x94\xd2#\x84\xa8i\xae\xe7y\x9e\xeb\xba\x8eU\x17\
@\xe1\xfc\xb7\xff\xbcr\xd3\x7f\xfc\xf7\xb7\x1ec\x0e\xbd\
\x15s\xfe\x11\x04A\x10\xe4\xf5\xc3\x1cB\x0a\x98\xf3\x8f\
 \xd7\x0cI\xcaO}\xf7\xfb/\xff\xc1+\x0b\xf5s\
\xae\xebj\xe7\x98\x89\x00H=\xcf\xd3\x11\xb4\xc6\xf3\xaf\
\x0b\xfe\xad\xaf\xaf\xc7\xe5r9\x1a\x18\x18H\x83 H\
\xa1\xdd\xdf\xdc\xdc\x9cv\xcc\x11\xabp7\x16\xfdC.\
\x074\x00 \xaf\x07j\xfa\x89\xd2\xb1\xb11\xe7\xd3\x9f\
\xfe\xb48z\xf4\xa8[\xadV\xbds\xe7\xce\xb1$I\
|!\x84+\x84PC_J\xa9\x14~\xdfu]]\
\x14\xd0\xfc\xaf>\xba.\x80\xfa\xff\xf6\xdb\x8b\xe5\xcf\xfe\
\xfb\x03\xf7\xee\xda\xed\xbf\x0f=\xff\x08\x82 \x08r\xf9\
`\xce?\x82\x5c[Dqr\xfco\xff\xfe\xc5\xda\xca\
Jc\xc3(\xff\x22MSbr\xfd\xb9I\xa5\x8dM\
\x0a\xad\xf6\xfa\xf7\xf4\xf4\xc4\xea\xfbN\xa7\x93\xf8\xbe\x9f\
\x1e8p@<\xf5\xd4S\xe9\xd8\xd8\x18\xb9\xe7\x9e{\
8T\xfc\xc7\xdc\x7f\xe4rA\x03\x00\xf2\xba0E\x01\
3#\xc0\xcc\xcc\x0c9r\xe4\x88\xbb\xbe\xbe\xee,,\
,8i\x9azA\x10\xf8\xadV\xcb\x11B\xf8\x9e\xe7\
\x05q\x1c\xbbq\x1c{\xc5b\xd1I\x92\xc43F\x00\
P\xf7u\x97\x80\xff\xebO\xab\x9f\xbc\xf5\xd6\xe2Om\
\xef\xde!\x08\x82 \xc8\xce'\xdf\xe7\xffQ\xa5\xfcc\
\xd8?\x82\xechZ\xcd\xcec\x0f\xff\xf5\xf7?\xe7\xba\
\xae\xb4\xf2\xfdu\xc5\x7f\xa5\xe0[\x05\xfft\xee\x7f\x14\
EQ\xb9\x5cNZ\xad\x16\x1f\x18\x18Hn\xbe\xf9\xe6\
\xb4\xd1h\xf0\x8f~\xf4\xa3\xe9\xea\xea\xaa\xa8V\xab\xf2\
\xd8\xb1c\xba\xe8\x1f\xe6\xfd#\xaf\x07\xf4\xb9\x22\xaf\x0b\
J\xa9~\xc8\xd4j5mu\x1c\x1f\x1f\x97\x87\x0f\x1f\
NM=\x00^\xa9T\x12\xdf\xf7\xb5\xc5\xb2X,\xa6\
I\x92\xc4\xeaA\xe6\xfb\xbe.\x0e\xe8y^b\xd7\x03\
\x80\xd0\xa7\x7f\xfd\x89\x17\xfe\xf8\xc4\x89\xf6\x03\xdb\xbd\x7f\
\x08\x82 \x08\xb2\x93\xc1\x9c\x7f\x04\xb9\xf6XYk>\
\xf0\xe8\xb7\x9e\xfb\x9c\xe38$MSa}\xb8\x91\x97\
\xa1hvR(\x14\xd2R\xa9\x14+\xe5\x9fR\xaa\xe4\
\xe48\x08\x82D\xc9\xda\x9f\xf8\xc4'\x92\x99\x99\x19\xa2\
\x94\x7f\xb2)\x97c\xd1?\xe4u\xe3l\xf7\x06 \xd7\
&\xd3\xd3\xd3d||\x9c\xfe\xe9\x9f\xfe\xa9\xec\xed\xed\
\xa5I\x92\x903g\xceH\xdf\xf7I\x18\x86TJI\
}\xdf\x97i\x9aJ\x884\x11BP\xc7q\xa8\x10B\
=\xfc\x88\xef\xfbl\xb3Q\x00\x91B\x08\xf6\xb5GV\
\x8e\xff\x93w\xf66Gn\xf2\xdf\xbb\xdd\xfb\x87 \x08\
\x82 ;\x11\xa5\xfc\x17\x0a\x9b9\xffZ\xf9\xc7j\xff\
\x08\xb2\xa3Y\xac\xaf~\xfe\xf1'N\xfc\xbfRJ\x91\
$\x89P\xf8\xbe\xcf\x85\x10\xba\xd8\x9f\xe38\xa9\xef\xfb\
\x89\xa9\xfa\xaf\x94}]\xed\x7f`` \xe5\x9c\xa7\xb7\
\xdf~{\xaa\xe6\xdd\xb5k\x17?w\xee\x1c\xf9\xf0\x87\
?,j\xb5\x9a|\xfc\xf1\xc7\xe5\xe4\xe4\xe4v\xef\x1e\
r\x0d\x82&#\xe4J\x81z\x00z|||\x9cM\
OO\xb3\x83\x07\x0f\xd2S\xa7Ny\x03\x03\x03n\x9a\
\xa6\x9e\x10\xc2\x95Rz\xbe\xef{\x9cs?\x8ec\x0f\
j\x01\xa8\xa1\x22\x0cC\xe6\xba\xaeZ\x90\xe3\xba.\xf9\
\xd9\x8fU\x0e~\xe2\x97F\x8e\xf9>\xdd\xbb\xdd;\x89\
 \x08\x82 ;\x05\xcc\xf9G\x90k\x07)d\xeb\xe4\
\xe9s\xb5gO\x9c}\xd6\x0a\xf9\x87\xf0\xff\xd4\xf4\xf9\
O|\xdf\xe7I\x92D\x94R\x1eEQT*\x95\xa0\
\xda\x7f\xdah4\x92\xfd\xfb\xf7\xa7\x1f\xfa\xd0\x87\xf8\xc8\
\xc8\x88\xfe\xad\x09\xfb\xc7\x82\x7f\xc8\x15\x83)\x00\xc8\x95\
\xa2S\x01L\xbb\x119>>.\xd4G\xfd\xa3\x1eT\
\x9e\xe7\xa5\xae\xeb\xea^\xa5\x94\xd2$\x8ec5\x1eC\
*\x00<\xf8\xd4\x1f\xd7u\x85Y\xa6H\xd3T\xde\xff\
\xa5s/M~\xe6\xe5\xdf\x8e\x22\xb9\xb4\xad{\x88 \
\x08\x82 ;\x80\xae>\xffJ\xf9\xc7>\xff\x08\xb2\xa3\
\xe1\x5c,~\xfb{/\xfd\x9aR\xfe\x8d\x9c\xabe\x5c\
\xa8\xf6\xafd\xe1R\xa9\xa4\xab\xfd\x1b\xcf\x7f\xca\x18\x8b\
\xca\xe5r\xcc\x18\xe3J\x86V2\xf3\xc8\xc8\x88(\x97\
\xcb\xe2\x8b_\xfc\x22\x18\x0e4\x18\xf6\x8f\xbc\x11\xd0\x00\
\x80\xbc\x11\xe4f]\xc0M\xc9czzZ\x8c\x8e\x8e\
r\xf5\xa0\xf2<O}\xb4\xf5\x921\xa6>\xb1y\xb8\
)\xe5?\x86z\x00&\xb7I\xe7<\x99\xba\x00\xfa!\
\xf9\xcdo\xae,\xfe\xea'_\xf8\xe4\xd2\xf9\xf8\xc9\xed\
\xdeI\x04A\x10\x04\xd9..\xca\xf9\xff\x1a\x16\xfcC\
\x90\x9dL;\x8c\x9e\xfc\xc6\xb7\x8e\x7f\xf2\x95\x85\xfa\xa2\
\xed\xf9w]W)\xf6J\xe9W2rb\x0a\xfe\xa5\
\xc5b1Tr2\xe4\xfc{\x9e\x17\xa9y\x83 \xe0\
\x83\x83\x83i\xa5R\x11\x13\x13\x13\xfaN\xaf\xd5j\xa0\
\xfc\xe3\x9d\x8f\x5c1h>B\xde\x14\xa4\x94trr\
\x92\xce\xce\xce\xeak\xea\x99g\x9e\xd1\xa1\xfdI\x92\xb0\
0\x0c}!\x84\xb3\xb1\xb1\xe1\x15\x8bEO\x08\xe1I\
)=B\x88=tLM\x0a\xc7\xb4\x09T\xcb\xa1i\
\x9a\xb2\xff\xe3\x0b\x87>~\xe8P\xe9\xe3\xdb\xbd\x8f\x08\
\x82 \x08r\xb5aV\xce?\xf6\xf9G\x90\x9d\xcd\xca\
Z\xeb\x81\xbf\xfa\x9b\xe3\xf7\xbb\xaeK@\xf17\xf5\xae\
\xb4\xa3\x0b\xfa\xfc\xfb\xbe\x9fy\xff\x8d\x93LG\xcdn\
ll\xe8\x82\xda\x07\x0f\x1e\xe4\xeb\xeb\xeb\xbcP(\xc8\
\x99\x99\x19\x9ey\xdb\xb0\xe2?\xf2&\x80\x11\x00\xc8\x9b\
\x02<\x8c\xa6\xa6\xa6\xc4\xd4\xd4\x14y\xd7\xbb\xde%\x8f\
\x1c9\xc2\x97\x96\x96\xb2H\x80\xde\xde^\xdd\xcb\xd4\x84\
7\xe9\x8a\xa6\xa6\xd7i\x96\x16\xa0\x1e\x8e\xae\xeb\x0a\x13\
\x22%\x1d\xc7!\xff\xe6WO<\xf07\x7f\xd7\xb8/\
Mes\xbb\xf7\x13A\x10\x04A\xae\x16J\xc9W\xca\
\xff\xdcYT\xfe\x11d'#\x85l\x9d\x9e\xab\xd7\xfe\
\xeao\x8e\xeb\x8eV&\xdc_\x1aO}\x97\xf2\x0f\x8a\
\x7f\x92$Z\xf1W2q___\xba\xb1\xb1\x91*\
\xe5?\x08\x02>00 \xee\xba\xeb\xaeL\xf9\x079\
\x1b\x95\x7f\xe4\xcd\x00\xbb\x00 o\x1a\xd3\xd3\xd3zX\
\xab\xd5\xc8\x9e={\xc4\x89\x13'\xc8{\xdf\xfb^\xe2\
y\x1ei4\x1a\xea+\x19E\x11\xf3}_\xba\xae\xab\
\xc6\x89\xef\xfb\x84s\xbeYIp\xf3\xa9\xa6\xbb\x04\x18\
\xcb)\xe3\x9ck\x11\xe7/\xbf\xb9\xf2\xf2\xd9\xf9\xe8[\
\xff\xff\xf7\x0d\x1cq\x1c\xda\xb3\xad;\x8a \x08\x82 \
o!]}\xfe\xcfR\xf2\xe8\xc3&\xec\x1f\x95\x7f\x04\
\xd9qp.\x96\xbe\xf3\xcc\x8b\xff\xfd\x8b\xa7\x17\x7f\x90\
$\x89d\x8cIhw-\x84P\xc3\xcc\xeb\xef\xban\
*\x84\xd0\xf5\xb1J\xa5RR,\x16\xe3R\xa9\x94\x16\
\x8b\xc5D}\xef\xfb\xbe(\x14\x0a\x82s.\xde\xf3\x9e\
\xf7\xf0\xc7\x1f\x7f<\xab\xb9\x85E\xff\x907\x0b\x8c\x00\
@\xdeL\xb4\xa5\xb3V\xab\xa9\x0f\xa9T*\xb2^\xaf\
\x0b\xf5\xe9\xef\xefOn\xb9\xe5\x16\x1d\x09\x10\x86a\x1a\
EQJ)\x8d\xe38N\x83 \x88\x83 \x88\x08!\
\xbaH\xa0\xc9\x8b\xd2\x0fKX&\xd4\x05\xf8\xe4\xaf\xbf\
\xf0oO\xbf\xd4yh\xbbw\x14A\x10\x04A\xde\x0a\
0\xe7\x1fA\xae\x1d\x1a\xeb\x9d/\xff\xd5\xdf\xcd\xfe\xda\
\xb9\xf3\xeb\xe7\x94\x82^(\x14\xa4\x95\xf7\xaf#[\xa1\
\xeeU\x9a\xa6q\xab\xd5\x8a\x94\xf0\xcb\x18\x8b=\xcf\x8b\
\xc20L\xda\xedv\xdaj\xb5\xd4<b~~^\xc9\
\xccbff\x86[\xab\x91\xa8\xfc#o&\x18G\x82\
\xbc\x15\xe8\xeb\xaaV\xab\xc1\xf5\xc5\xbe\xf4\xa5/9i\
\x9a\xd2r\xb9\xec\x9e;w\x8e%I\xa2[\x04\x9a6\
\x81\xbe\xf98\xae\xeb\x06\xedv\xdb\xf1<\xcfu]\xd7\
I\x92DMc\xea\xb7\xc6`\xa5\xc6\xc9\x17\xfe\xf8\x1f\
\xff\xd4;\x0f\x97?\xee\xba\x18\x0d\x80 \x08\x82\x5c?\
\x5c\x94\xf3\xff2*\xff\x08\xb2\xd3\x90B\xb6\xea\xab\xeb\
\xf7O?q\xe2!\xd7uu\x9e?\xa4\xb0\xaa!\x14\
\xb9N\xd3\x94\x9b\xaa\xff\xba\x00v\xa1PH\x1a\x8dF\
R.\x97u\xce\xff\x9e={\xd2\x8d\x8d\x0d\xbe\xb4\xb4\
\xa4\x0ba?\xf8\xe0\x83\xfc\xc4\x89\x13\xf2\xd8\xb1c\xe8\
\xf9G\xde2\xd0\x00\x80\xbc%l\xa6+mF\xf6\x9b\
I\xacZ\xad\xb2J\xa5\xc2~\xf0\x83\x1f8q\x1c\xbb\
\xe5r\xd9Y[[s9\xe7\x9e1\x00\xa8\xa1\xab\x86\
\x9e\xe7\xb9I\x92\xa8q7MS\xe6\xba\xaeNWQ\
Cc\x0c w\xdf=t\xd3\xef\xff\xee\xdb\xef\x0b\x02\
:\xbc\x9d\xfb\x8a \x08\x82 o\x06Y\x9f\xff9\xab\
\xd5\x1f*\xff\x08\xb2\xa3HR\xfe\xd2w\x9f{\xb9\xb6\
\xb0\xb0r\x9es\xae\x14~b\x14}\xe8\xf3\x9fZ]\
\xaet\xce\x7f\x10\x04i\x92$j<b\x8ci\x8f\xbf\
ZT\xa5R\x11A\x10\xf0\x8f~\xf4\xa3\xbaR\xe0\xc8\
\xc8\x08\xaf\xd5j\xd2(\xfe\x04\xab\xfd#o\x05\xeev\
o\x00r}B)\xd55K\xcc\xc3\x90\x1e=zT\
NLL\xf0?\xfa\xa3?\x92\xc5b\x918\x8e#\xc3\
0\x14\x8c1m,P3\x0b!\xe0\xc1I\xd34\x95\
\x9e\xe7\xc9$I\xa4k\x0a\x02\x18\xef\xbfz\xd0\xaa\xef\
\x9do}k\xfd\xdc]\xdf\xf8\xce\xc7\xef\xff\xdf\xef\xc4\
.\x01\x08\x82 \xc85K\x96\xf3\x1fl\x16\xfc{\xe4\
a\x0c\xfbG\x90\x9dHc\xa3\xfd\xd0\xb7\xbf\xf7\xd2\xfd\
\x8dF\xb3\xe5\xba\xae4U\xfe!\xe4_\x1b\x01\x94\xf2\
\xaf\x94}S\xfc/\x0d\x82\x00\x0a\xfe\xa5\x9dN'\xb9\
\xf9\xe6\x9b\xb9\xef\xfb\xe9\xc8\xc8\x88\x88\xa2(y\xff\xfb\
\xdf/FFFt\x0a-y5\x82V\xa2\xf2\x8f\xbc\
U`\x0d\x00\xe4-\x03B\x96(\xa5\xa4Z\xad\xca\xa3\
G\x8f\xca\x99\x99\x19\xf9\x8b\xbf\xf8\x8bi\xa9T\xe2\x8e\
\xe3\x08\xc7q\xb8\xeb\xba1c,e\x8c\xe9\xae\x00\x85\
B!&\x84\xc4\xa6`Jlj\x01\xa8\x8f\x0e\xad2\
\x0fZ\xae&\x07A\xa0\xbb\x04<\xf2\xc8\xcad\x1c\xcb\
\xc5\xed\xdeg\x04A\x10\x04y=\xe4\x0b\xfe}\x1ds\
\xfe\x11d\xc7\xc1\xb9Xz\xf1\xf4\xe2\xbd\xdfx\xfc\xd9\
\xcf+\xe5\x1f\xaa\xfc[\xca\x7f\xaa\x14|\xe8n\xe5\xfb\
\xbe\xfa\xe8\x1aW\x8c1\xf5\x89\x1d\xc7\x89\xf7\xef\xdf\x1f\
w:\x1d]\xf0\xaf\xd1h\xf0w\xbd\xeb]\xf2\xe4\xc9\
\x93v\xdd\x00\x08\xff\xc7;\x1fy\xcb\xc0\x14\x00\xe4-\
\xc7\xb4.\xcdR\x02&&&h\xb5Z\xa5_\xfa\xd2\
\x97\x9c0\x0cY\x18\x86n\xa9Tr\xa3(\xf28\xe7\
N\xab\xd5r\x85\x10\xbe\x92\x89\xd4\xb4R\xa9\xe4\xb5\xdb\
m\xb7X,\xea\xda\x01\xa6&\x003\xd7/t\xb2\xa0\
\x1f\xba{h\xef\xaf\xfc\xf2\xe8\xcf\x8f\xde\xec\x7fh[\
w\x18A\x10\x04A.\x13\xcc\xf9G\x90\x9dM\x18F\
O~\xeb;'\xefk\xb5\xc2\xa6\xe9\xe9\xaf\x14ub\
\xb5\xad\xe6i\x9a\xea6\x7fJ\xf1O\x92\x84\x07A\xa0\
\xdb\xfb\xc5q\xac\x0d\x03\xedv;\xe9\xef\xefOw\xed\
\xda%\x06\x07\x07\x93\xde\xde^]$\xbbR\xa9\x88\xe9\
\xe9i\xb1).c\xd8?ru\xc0\x08\x00\xe4-G\
=\xccLJ\x80\xfaWV\xabU9==M\xfa\xfb\
\xfbu\xb5\xd3\x91\x91\x11\xd1n\xb7\xd3(\x8a\xe20\x0c\
\xd3r\xb9\xac>\xba7jooo\x9c\xa6\xa9\xb6\xa6\
\xaa\x87\xab\xb1\xaef\x11\x01\xd0f\xc5u]\xfe\xcd\xe9\
\xc6\xe2\xbf\xfc\xd8\xf1\xcf\xfd\xcd\xdf5\xee\x8b#\x81\xd1\
\x00\x08\x82 \xc8\x8e&\xeb\xf3\x8f\xca?\x82\xec8\xa4\
\x94\xcd\xd3s\xf5\xda_<\xf6\xbdZ\xa3\xd1l\x91W\
\x95~h\xf3\xa7\xe4\xd0\x04\xaa\xfc'I\x12\xab?A\
\x10\xc4\x1b\x1b\x1b\xa0\xfc'\x8e\xe3D\x07\x0e\x1c\x88\x1b\
\x8dF\x1a\x86a\xd2h4\xf8\xf4\xf44\x9f\x9d\x9d\xe5\
\xe3\xe3\xe3Bn\x92\xadv[w\x1a\xb9!\xc0\x08\x00\
\xe4\xaa\xa2\x1ep\x93\x93\x93lvv\x96NMM\x91\
\xf1\xf1qZ\xaf\xd7Y__\x9f\xf3\xd4SO9\x83\
\x83\x83N\x9a\xa6^\xb1X\xd4C!\x84\xdb\xe9tt\
\x81@%+I)]B\x88'\xa5d\xa6\x86\x05u\
]\x97\x99H\x00}=\xa7iJ>\xf0\x81\xa1\xbd\xbf\
\xf6\x89\xd1\x8fc4\x00\x82 \x08\xb2\xd3\xb0\xc3\xfeu\
\xce\xff\xd7Q\xf9G\x90\x9dD\xa7\x13=\xf5\xc4\xccK\
\x9f]_o5\xc30\xa4&\xdf_\x87\xe9\x9b\xaa\xff\
\x22U\x82\xaa\xe7i\xcf\xbf)\xf0\x07\xc5\xfe\xb4\x13\x8b\
1\xc6\x19c\xe9\xae]\xbbt\xee\xbf\xe7y\xba\xc7\xbf\
i\xf3'\xad\xa2\x81\x04\x15\x7f\xe4j\x82\x06\x00\xe4\xaa\
c\x8a\x03\x92\xc9\xc9Ij\x0a\x9d\xb0j\xb5J\x1b\x8d\
\x86\x13E\x91S.\x97\xdd\x95\x95\x15f\xba\x038\xbe\
\xef{\x9dN\xc73F\x00\xd7\x18\x01\xf4\xd0\xf3<f\
Z\x05\xaa\xe5\xb8\xa6\x0d\x0b5!Z\xf4\xb3\xff\xf1\xb6\
\x0f\xfe\xd3\xf7\xf6~\xdc\x0f\xd8\xde\xed\xdeo\x04A\x10\
\x04\xc9\xe7\xfc?\xf25G\x0fQ\xf9G\x90\xed\x87s\
\xb14\xb7\xb0\xfc\xc7O?s\xea)3\x09Z\xfcq\
(\xf8g\xc6\x05D\xa4\x9aaB)\xe5\xc5b1\x89\
\xa2(u\x1c'\x1e\x18\x18H]\xd7\x15\xa0\xfc\x1f9\
r\x84\xd7\xebu1==-\xad\x22\x7fx\xc7#W\
\x1d4\x00 \xdb\x02\x18\x01\x14G\x8f\x1ee\xf5z]\
G\x02DQD\xc30d\xedv[\xd7\x03\xe0\x9c\xeb\
(\x80 \x08\x5c5\xcd(\xfe\x9e\xeb\xba\x9eR\xfc\x09\
!J\xf9w\xcc83\x1fj\x0d\xc9\xddw\x0f\xed\xfd\
$\xd6\x06@\x10\x04A\xb6\x19%\xe9;\xec\xd5\xb0\x7f\
l\xf5\x87 ;\x87F\xa3\xfd\xd0\x133'\xefo6\
;-\x13\xeaOm\x8f\xbf\x1a*e\xdf\xb4\xfc\xd3\x1f\
S\xf4O\xa7\xa82\xc6\xe2r\xb9\x9c0\xc6D\x18\x86\
\x89\xeb\xba\xe9\xca\xca\x8aV\xfc\xd7\xd7\xd7y\xa5R\x11\
\x95JE>\xf8\xe0\x83\x02\xd6\x89\xc5\xfe\x90\xed\x00\x0d\
\x00\xc8\xb6bG\x03LOO30\x02\xb4\xdbm'\
\x8ec\xa7\xa7\xa7G\x0d\xdd\xb5\xb55OJ\xe9\x9a\x8f\
g>\xaeI\x03\x80\xd4\x00;\x15\x00\x0c\x00\xd4\xb4\x15\
$\x1f\xfe\xf0\x9e\xbd\xbf\xff;\xfb\xef\x0b\x0alx\xbb\
\xf7\x1bA\x10\x04\xb9\xf1\xc0>\xff\x08\xb2\xf3HR~\
\xea\xf4\x99\xa5/<{\xe2\xec\xb3\xc6\xcbO\x8d\x97_\
\x0f\xed6\x7f&\xdf\x9f'I\xa2\xc6\xb5\xd7\xdf\x0c\x95\
\xe2\x9f@\xc8\xbf\xeb\xba\xda\x08p\xf8\xf0a\xf1c?\
\xf6c\xfc\xab_\xfd*\x9d\x99\x99\x11RJA)%\
\xa6\xe0\x1f\xde\xf5\xc8\xb6\x80\x06\x00d\xbb\xa1P\xf8d\
rr\x92\xce\xce\xce\xd2\xc1\xc1A\xf6\xd8c\x8f97\
\xddt\x13]__w\x16\x16\x16\xb2z\x00\xeac\x19\
\x01\x94\xb2\xef\x9b\xa1\xe3\xba.\x18\x03\x1c\xa3\xf4\xebn\
\x01\x85B\x81\xa8\xa1\xe38\x84sN\xff\xb7\xff\xe5\x1f\
\xfd\x8b\x7f|G\xe9\xa7\xd1\x10\x80 \x08\x82\x5c\x0d\xba\
r\xfeA\xf9?MI\xb1\x84\xca?\x82l\x17R\xc8\
V}u\xfd\xfe\xe9'N\xfc\xb9Q\xfc\xe5\xa6(\xa9\
\xbd\xfe\x02\xfeO\xd34U\x8a>\x14\xa0V\xca\xbe\x1a\
\x8f\xe38-\x14\x0a\xba\xb0\xdf\x9e={\x92\xf3\xe7\xcf\
s\x13\xf6\xaf[]\x17\x8bE^.\x97\x05x\xfe\xa7\
\xa6\xa6\xb2j\x7f\xa8\xfc#\xdb\x89\xbb\xdd\x1b\x80\xdc\xf0\
H\xba\xd9\x22@\xff355\xa5\xa7\x8d\x8d\x8d\xf1z\
\xbd\xceFGG\xb5%\xf6\xfc\xf9\xf3\x09\xe7\x5c=t\
\x05\xe7\x5c\x16\x8bE\xd1\xe9t\x5c\xf5 \x8d\xe3\xd8\xf3\
<O-\x87$I\xa2\x1e\xd6\x82\x10\xe2\x98\x9c-b\
\x86\x22\x0cC\xc7u]\xf9\xeb\xbf\xf1\xc3\x87>\xfc\x81\
\xa1'\x7f\x19\x8b\x04\x22\x08\x82 o1\x17\xe5\xfc?\
\xec\x90\xb3gP\xf9G\x90\xedd\xa3\xddy\xec\xc9\xa7\
O\xfdI\xa3\xd1l9\x8e#9\xe7\xc4\x14\xfa\xd3J\
\x7f\x18\x86`\x04\x10\x9e\xe7\xa5&\x0a@\xe7\xfb\x07A\
\xa0\x95\xffb\xb1\x18\xab\xff{zz\xd2N\xa7\xc3\x07\
\x07\x07\xb5\xf2\x7f\xf0\xe0A\x1d\xf2_(\x14\xe4\x81\x03\
\x07D\xb5Z\xd5w\xf9\xd4\xd4\x14\xf6\xf7Gv\x04\x18\
\x01\x80\xec\x146\x1b\x9fn\x86D\xd1\x89\x89\x09\xb86\
\x9d\xa7\x9f~Zw\x09\x98\x9f\x9f\xd7)\x01sss\
n\xa9TrM\x81@?\x0cC\xd7\xf3<\x1d\x19\x10\
\xc7\xb1G\x08a\xae\xeb\xeaa\x92$\xd4u]\xc7\xe4\
q\xe9\x8f\xe38\xba\xfd%\xe7\x9c\xde}\xf7\xd0\xf0\xb1\
\xdf{\xfbg}\x9fb\x91@\x04A\x10\xe4M\xa5+\
\xe7\xdf(\xffg\xce`\xd8?\x82l\x17Q\x9c\x1c?\
3W\x7f\x00\xc2\xfdM\x98\xbf\xae\xc8\x0f\xc5\xfe \xe4\
\xdf\xf3<\x1d\xf2o\xc2\xfd\xb9\xef\xfbj\x5c{\xfd\xe3\
8\x8e\x19c:2\x801\xc6]\xd7\xd5\xa9\x01\xc5b\
\x91\xbf\xf7\xbd\xef\x85\x1e\xff\xda\xeboV\xad\xbd\xff\xa6\
\xcf?\x82l+l\xbb7\x00A\x0c\xd2D\x03\xe8\xf1\
j\xb5\xaa\x1f\x9a\xea\x01Z.\x97\xc5\xfa\xfa:\x7f\xfb\
\xdb\xdf\xae\xdb\xa8\x0c\x0e\x0e\xc6\x8e\xe3\xc4\x9dNG=\
\x80#Ji\x94$Idr\xb0\x22c\xa1U\xdf'\
\x9b]\x01uK\x00\x01=[9\xe7\xfaa\x9c\xa6\xa9\
\xfc\xe67W\x16\x7f\xfc\xee\x99_\xf8\xbb'\x1a\xf7E\
\x91\x5c\xda\xee\x83\x80 \x08\x82\x5c?\xb8V\x9f\x7f\xdd\
\xea\x0f\x95\x7f\x04\xd9\x168\x17\x8b\xf3\xe7\x96?\xf7\x95\
G\xbf\xfb)\xa5\xfc\x1b\xa5\x9f\x18\xc5\x9fCu\x7f\xf0\
\xf4+e>M\x95\xbe\xaf\xdb\xfb\xc5\x84\x10\xdd\xe7\xbf\
X,*\xdd?b\x8c%\xfd\xfd\xfd\xa9\xe38\xe9-\
\xb7\xdc\x12+\x19\xf5\x8e;\xee\xd0!\xffJv\x1d\x1f\
\x1f\x17\x0f>\xf8 \xf4\xf8\xb7e\x5c\x04\xd9v\xf0J\
Dv\x1cP\x18P=(k\xb5\x9a.\x0e\xb8\xb1\xb1\
Agff\xd8\xd8\xd8\x98s\xee\xdc9R(\x14\xbc\
\x0b\x17.8B\x08\xb7P(\xb8\xadVKG\x04\xd8\
\xc5\x01a\xe8\xba\xaecj\x0dx&\x12@\xc1L\x91\
\x97\xec\x7f\xf5G\xd7\x078T\xfe\xe9 \xa0X\x1f\x00\
A\x10\x04\xb9\x220\xe7\x1fAv\x06R\xca\xe6j\xa3\
\xfd\xd0\xd3\xcf\x9e\xfer\xb3\xd9i\x1b'P\xe6\x95W\
\xca\xbf\xa9\x15\xa5\x14~\xeey\x1e\x14\xfcKM\xae?\
7\xbd\xfdu\xf8\xbf\xa9\xf6\x0f=\xfeuz\xc0\xbe}\
\xfb\xc4\x9e={xOO\x8fZ.\xafV\xab\xb2V\
\xabA\xba?\xe6\xfb#;\x0e4\x00 ;\x96Z\xad\
\xc6\xd4\x03\xb4V\xabQ\xf5\x19\x1b\x1bca\x18\xd2V\
\xab\xa5S\x02\xa2(b\x8b\x8b\x8b\xae\x10\xc21\x05\x02\
\x9d \x08\xd4\xd0\x0b\xc3\xd0#\x84\xe8\x0e\x02&]\x80\
A\xdb\xc04M\x99\xeb\xba\xfac\x19\x04 E\x80|\
\xf8\x03C\xc3?3\xb1\xf7C\x87\x0e\x95>\xbe\xbdG\
\x00A\x10\x04\xb9\xd6\xe8\xca\xf9?\xb3\xe9\xf9?\x8b\x9e\
\x7f\x04\xb9\xaaH![\xab\xeb\xcd\x87\x9e~\xf6\xcc\x97\
\x1b\x8df\x13&\x13\x13\x01\xea\xba\xae0Q\x00Y\xc8\
?\xa5T\x1b\x00\xda\xedv\xea\xfb~b\xfa\xfb\x8bB\
\xa1\x90z\x9e\x17u:\x1d\xc1\x18KA\xf9\xf7}_\
M\x17\x87\x0f\x1f\x16\xe7\xcf\x9f\x17333\xc2\xc8\xad\
\xe0\xf5\xa7\xa8\xfc#;\x114\x00 ;\x96\xcdT\xa9\
\xcdV)d\xf3)\xca\xc6\xc7\xc7\xe9\xfc\xfc\xbc\xce\xe9\
W\x9f(\x8a\x9c$I\xdcr\xb9\xec4\x1a\x0d\x87s\
\xeeA[@\xa8\x0b\xd0l6\xf5\xb8\x89\x06`I\x92\
0\xabe\xa0\xf6\xfc\xbb\xae\xab\xbb\x06@\xcb@\xc5\x87\
?\xb8k\xef'\x7f\xf5m?\x8f\x85\x02\x11\x04A\x90\
\xcb\xc1\xce\xf9\xef*\xf8\x87\xca?\x82\x5c\x15\xc0\xe3\xff\
\xed\xef\xbd\xf8\xe5f\xb3\xd3\x82\xc9\xa6(\xb40\xe3\xba\
\xe2\xbfi\xe7\xa7\x0bL{\x9e\x97\xe5\xfaC\xb1\xbfB\
\xa1\x90\xc4q\xac\xdb\xfc\xf5\xf6\xf6\xf2N\xa7\xa3\x94\x7f\
q\xf3\xcd7\xa7\x8dF\x83\xab\xe5\x9c9s\x86\x8f\x8f\
\x8f\xcb\xe9\xe9i\xa5\xfc\x13\xf0\xfcCJ\xeb\xf6\x1e\x0d\
\x04\xd9\x1a\xac\x01\x80\xecX\x8c\xd54{x\xaa\x87\xaa\
z\xc0\xbe\xeb]\xefJw\xed\xda\xc5\x0f\x1f>,\xea\
\xf5:\x0f\x82 \xe9t:\x89\xe38I\x7f\x7f\x7f\xac\
\x1e\xd4\xa5RI\xfd\x1f1\xc6b\xdf\xf7\x93 \x08b\
BH\x94\xa6i\xa2\x1e\xf2\xea\xa1o\xda\xb9ph\xfd\
bB\xbe\xb4EX}\xbe\xf9xc\xf1_~\xec\xf8\
\xe7\xfe\xc7\xc9\xd3\x1f\x9f\xffQ\xfc\xd8\xf6\x1e\x0d\x04A\
\x10d\xa7c\xe7\xfc?\xfau\x87\x9c\xc5>\xff\x08r\
U\x90B\xb6V\xd6\x9a\x0f<\xf67\xcf\xff\xc2\xa3\x7f\
\xfd\xbd\x07\x94\xf2o\x8a\xfa\x81,)`\x98\xa6)\xc8\
\x80\xba\x7f\xbf\xe7y\x11\x84\xf7\x07A\x10\x05A\xa0\xf3\
\xfe\x15\x9dN'f\x8c\xf10\x0c\x93\xdd\xbbw\xf3}\
\xfb\xf6%}}}\xbc\xbf\xbf\x9f\xef\xdf\xbf_G\x08\
\x8c\x8f\x8f\xebe\x1f;v\xccn\xf1\x87w<\xb2c\
\xc1\x08\x00\xe4\x9a\x00\xa2\x01\x0c:\x5c\x7f||\x9cn\
ll\xd0F\xa3\xc1N\x9d:\xe5\xec\xde\xbd\xdb\xe1\x9c\
\xb3b\xb1\xe8\xa9\xe1\xc6\xc6\x86\x8e\x00P\x9f0\x0c]\
\xdf\xf7\xdd8\x8e\x1d\xcf\xf3tD@\xbb\xdd\xd6i\x00\
V4\x005\xe3`\x18SC\xe98\x0e\x8d\xa2\x88\xfc\
7\xff\xf5\x9eal\x1d\x88 \x08\x82l\x85R\xf2\x83\
\x00s\xfe\x11\xe4j\xa2=\xfek\xad\x87\xbe7;\xf7\
\xe5F\xa3\xd9\xe2\x9cSh\xebg+\xfd\xc6\xebO\xa0\
 4\x84\xf7\x13BR\xdf\xf7\xb9\xf1\xfek#@\xb1\
X\xd4\xc5\xfd\x94\xd2\xdf\xdf\xdf/Z\xad\x96\x0e\xf9/\
\x95J\x89Z\xc0\x91#Gx\xbd^\x17\xe0\xf5'\xc6\
I\x85J?r\xad\x80\x06\x00\xe4\x9a!o\x040\xa1\
VYm\x80\xbe\xbe>\xa7\xd5j\xb1\xe3\xc7\x8f;}\
}}\xba&\x80\x94\xd21C\xd7\xf7}_\xfd\x1fE\
\x91.\x18\xa8\xe4\xb5$I\x9cb\xb1\xa8\x87\x9e\xe7\xd1\
$IX\x9a\xa6\xacP(0s\x7fHH\x0dp\x1c\
\x87\xa8\x17\xca\xddw\x0f\xed\xfd\xb9\xa3{?x\xeb\xad\
\xc5\x0fa\xb1@\x04A\x90\x1b\x1b\xcc\xf9G\x90\xab\xcf\
f\xa8\x7f\xeb\xa1\xa7\x9f}\xf9\xcfM\x8e\xbfv\xd8P\
J\x95R\x0f\xe1\xfe\xc2\xcc\x0e\x06\x00n\xaa\xfbCg\
(\x1d\xde\x1f\x04\x81\xce\xff\x8f\xe38\x81\xbe\xfea\x18\
\xa6jY\xae\xeb\xa6\xa3\xa3\xa3|hh\x88OOO\
g\xd1\x04\xb5ZMX\x1e\x7f\x82-\xfe\x90k\x09\xbc\
R\x91k\x11\x9a\x1f\x8e\x8f\x8f\xd3z\xbd\xce*\x95\x0a\
[YYq\x8e\x1f?\xce\x0e\x1c8\xc0\xa0S\x00\x18\
\x03|\xdf\xf7\x84\x10^\x14E\xcc\xea\x14\x00\xb5\x00\x98\
\x94\xd23\xf5\x00\xd4\xb2\x1d\x933\x06\x05\x02\xa9\xfa_\
=\xe3\x8d\x85\x99|\xe6\x0f\xf7\x7f\xf0\x9f\xbe\xb7\xff\xe3\
A\x81\xa1!\x00A\x10\xe4\x06\x03s\xfe\x11\xe4\xea\xc2\
9_Z^i>\xf4\xcc\x89\xb9\xc7@\xf1\x87^\xfe\
\xc6\xc3\xaf\x95~\x08\xfd\x87\xca\xfej\x98$\x09T\xf9\
\xd7\xb9\xfeA\x10$\x8c\xb1$\x8a\x22Q,\x16y\x14\
E\x89R\xfa\x19c\xa9\xe38j\xde\xf4\xe0\xc1\x83\xfc\
\xdc\xb9s\xb2\x5c.\x8b\xd9\xd9Y111!\xad*\
\xffX\xe8\x0f\xb9&A\x03\x00rM\x02\xad\x02\x15\x93\
\x93\x93z\x1c\xda\x05\xda\xd1\x00\xa6`\xa0[,\x16]\
\xa3\xb8kc@\xa7\xd3\x81\xb6\x81\xaeU4P\x17\x14\
4/\x125\x8d\x19\xef\xbf\x82\xa9ii\x9aJh\x1f\
hr\xcb\xd4w\xf47\xfe\xdd-w\xde=>\xf0S\
\xc3\xc3\xc1\xfb\xb6\xeb\x98 \x08\x82 W\x17\xe6\x10R\
\x08\x08ye\x8e\x92\xafc\xd8?\x82\xbceDqr\
|n~\xf9\x81g\x9e\x7f\xf9\xb8\xe38J\x9e\x13v\
\xc8\xbd\x92\xcf\x0a\x85\x82\xb0\x8c\x00\xc22\x00\xe8\x8fR\
\xfa\x93$\xd1\xa1\xffA\x10\xa8q\xdd\xe6\x8f1\xa6\x14\
\x7f5L766\xf8\xd0\xd0\x900\xbf\x11\x1f\xfd\xe8\
G\xd3\x99\x99\x19\xd2\xdb\xdb+\xc7\xc7\xc73\xaf\xbf\x01\
\xbd\xfe\xc85\x09^\xb5\xc85\x0f\xa4\x06\xd4j5:\
;;K\xeb\xf5\xba\x8e\x06P\xe3\xa3\xa3\xa3,\x8a\x22\
\xa5\xb8;B\x08\xd6h4t\xc7\x00!\x84k\xd2\x02\
\x5c\xf5=\x18\x02\x94\x92o\xba\x04\xb8P\x1f@J\xc9\
\xc20dJ\xe9W\xdf\xabU\x9a\xff\x09\xa4\x09@\x84\
\xc0\xdd?\xd1?\xfc\xb3?3\xf2\xa1\xdb\x0e\x16?\xe0\
\x07l\xefv\x1f\x1b\x04A\x10\xe4\xad!\xcb\xf9?\xbb\
\x19\xf6\x8f\xca?\x82\xbc\xb9Xa\xfe\x0f5\x1a\xcd\xac\
\xa2?\x0c\xa1\x9a\xbf\x99\x06\x1e\x7fQ,\x16\xed\xf6~\
P\xd5\x1fz\xfb\xa7&\x02\x00z\xfak\xc3\x80\xe38\
\xba\xc2\xbf\xe38\xba\xed_\xa1P\x10\xa7N\x9d\xd2J\
\x7f\xa5R\xd1^\x7f;\xe4\x1f\xf3\xfd\x91k\x194\x00\
 \xd7\x0b\x9bOc)\xc9\xd1\xa3G\x19\x18\x01\x0e\x1d\
:DN\x9f>\xed\xce\xcf\xcf\xd3$I\x9c\xbe\xbe>\
\x16\xc7\xb1\xbb\xbe\xbe\xce\xc0\x08\xd0\xe9tX\x10\x04\x9e\
\xef\xfb\xda\xeb\x1fE\x91g\x15\x06\xd4\xa9\x03\xc6\xebo\
\xa7\x04\xd8\xc5\x02\xd54m\x100/#\xea8\x0e\xfb\
\xb7\xbf6r\xe7\x8f\xff\xb3\x81\x0f\xde4\xec\xbd\xcf\xf5\
Xy[\x8f\x0e\x82 \x08\xf2\xa6\x90\xcf\xf9\x7fT)\
\xff\x18\xf6\x8f o\x0aR\xc8V;\x8c\x9f\x98_X\
\xfe\xcbgO\x9c}\xd6\xfe\xceQ7\xd8f\x1a\x80\xb4\
C\xfd\x95\xa2\xef\xba\xaePC\x13\xee/\xad\x1c\x7f\xe8\
\xf8\xc4\x0b\x85\x02___O\x8b\xc5\x227\xb9\xfe\xba\
\xba\xff\xd0\xd0\x90h\xb5Z\xe9\x9e={\x88\x1a\x9e9\
sF\x8c\x8d\x8d\xc9\x03\x07\x0e\x08+\xdc_\xaf\x1b\xc3\
\xfd\x91\xeb\x014\x00 \xd7\x13\x99\x11`rr2\x8b\
\x06\xd8\xd8\xd8\xa0\xcb\xcb\xcbZ\x89\x1f\x1e\x1e\xa633\
3\xee\xbe}\xfbtT@\xa3\xd1p\x95\xd2\xdfn\xb7\
\xddB\xa1\xa0\x94}O\xfdo\xea\x038P\x1f I\
\x12\xa5\xfc3\x93&\x00\x05\x02\xa9Q\xfc\xa1F\x00\xb1\
j\x04\xe8\x0dR/\xab\xdbn+\xf6\xfe\xd2/\xec=\
\xf2\x8e\xdbKw\xed\x1d\xf6\x8fl\xf31B\x10\x04A\
\xae\x10\xcc\xf9G\x907\x1f\xa5\xf4\xc7i\xfa\xd2\xf2r\
\xf3\xb1\xe7N\xce?\xd1h4u\x0b\xbf \x08@\xd9\
\xcff%\x9b\xb2\x960i\x98\xdcn\xe3lz\xf8s\
\xcf\xf3H\x9a\xa6\x89\x9a\x16\xc7qj\x8a\xfc\xc5&\x0a\
@\x87\xfa\xabq\xc7qt\xae\xff\xe8\xe8(_YY\
\x11\x07\x0f\x1e\x94\xf3\xf3\xf3R\xfd?==-'&\
&\xc8\xd4\xd4\x94\xc0\xbe\xfe\xc8\xf5\x06\x1a\x00\x90\xeb\x8e\
|J\x80\x9a\x06\x11\x01\x8dF\xc3\x11B\xd0\x85\x85\x05\
\xe7\xc0\x81\x03,\x8ec\xa7\xd1h\xe8\x08\x80V\xab\xa5\
\xbd\xfe\x9dN\xc7\x0d\x82@w\x0bP\xff+\xa5\x1f\x0c\
\x01\xa6\x0e\x005)\x03P\x18PG\x04\xd8\xc5\x02\xc9\
\xa6\xf2\x9f\x19\x02\xcc\x8b\x8a\xfe\xa3\xdbz\xca\xbf\xf8K\
{\xef\xba\xe3\xf6\xe2\x91]C\xde;12\x00A\x10\
\xe4\xda\x81\x19\xe5\x1fs\xfe\x11\xe4\x8d!\xa5l\xc6I\
z\xdaR\xfa\xdb\xc4\xe4\xf2\x9b\x14\xcb,\xd4\xdf\xfe\x99\
\x09\xed\x87\x22\x7f\xd0\xd2O\x8d\xa7&\xcf_\x09\x81Z\
\xf9W\x8a~\x1c\xc7\xda\xdb\xdf\xe9tx\xa9T\xd2\xd3\
\x86\x86\x86\xd2\xb9\xb99Q\xa9Tt\x9e\x7f\xa9T\xd2\
\xc2Z\x7f\x7f\xbf\xe8\xed\xed\x95J\xf9\x97R\xea\x08\x03\
S\xe1\x1f=\xff\xc8u\x05\x1a\x00\x90\xeb\x0e\xf3\xa0\xa6\
\xf6\xf8\xc4\xc4D\x16\x0d\x00E\x02\xcf\x9e=K\xe38\
v.\x5c\xb8\xc0z{{\xb5Bo:\x06\xb8&\xf7\
\x1f\x0a\x05:V:\x80\x0b\x86\x00H\x13H\x92\x04R\
\x02\xa8I\x11`VD\x00t\x14\xb0\xc9\xfe\xff\x9f~\
o\xff\xfb\xdeyg\xdf\x91\xca.\xf7\x9d\xd8I\x00A\
\x10d\xe7\x829\xff\x08\xf2\xc6\xe0\x5c,5\xdb\xe1\x93\
\x8bKkO\xbe\xb2\xb8vze\xa5\xb1a\xa2)e\
\x10\x044\x8a\x22\xc8\xeb'\x85B\x01\xea+i\xe5<\
\x0cC\x1d\xe6o\xe4,\x08\xf5\xd7\x1e\xfd$I\xb4!\
\xa0\xa7\xa7'\x89\xe3X*\x85?\x8a\x22\x9d\xcbor\
\xfd\x05\xe4\xfa\xbb\xae\xab\xfe\x97\xe0\xf5?r\xe4\x08?\
}\xfa\xb44\x8a\xbfV\xfa\xad\x96~xg#\xd7%\
h\x00@\xaek\xa0[\x00t\x0aP,,,8O\
<\xf1\x04\xadT*\xec\xd4\xa9SJ\xe9\x07C\x80\xd3\
\xdb\xdb\xab\x0b\x04\x96J%\xdal6\xbdB\xa1\x90\x19\
\x05666\x9c\x9e\x9e\x1e'\x8ec\x96K\x0f`&\
=\x80\xaa\xf14M\x99\xfa\x9dU+@Z)\x03\xd4\
\x84\xb4A.\x1bD\x09\xc8\x9f\xfb\xd8\xf0\xc1\x1f\xfb\xb1\
\xbe;o\xbb\xb5\xfc\xbe\xde\x1ev+F\x07 \x08\x82\
l?\x98\xf3\x8f W\x06\x84\xf67\xd6\xdbO\xbet\
f\xf1\xc9\x85\xa5\xc6\x92\x92y\xc0\xcb\xaf\xe4 \x90\x81\
\xc8\xab\xf9\xfc\xd4\x84\xf6S\xd3\xbf_+\xff\xc5bQ\
\x87\xf9\xa7i\xaa\x95}\xcf\xf3\xa4R\xfc}\xdf\xe7\xa6\
\x87?\x87\x10\xffb\xb1\x98FQ\xc4Me\x7f>0\
0\x90nll\xc8J\xa5\xc2\xdb\xedv\xfa\xb6\xb7\xbd\
M\xd6\xebuq\xea\xd4)Q\xab\xd5\xe4\xec\xec\xac\x9c\
\x9a\x9a\x82\xb6~\xe0\xed\xa7h\x00@\xaeW\xd0\x00\x80\
\x5c\xd7Xy[\x14j\x03\xd4j5211AO\
\x9f>\xad\x8b\xf8\xf9\xbe\xef\x9e={V\xf7\xf6\xe7\x9c\
+\x05\xde\xe1\x9c\xeb\xda\x00B\x08\xc7\x8e\x02\x90Rz\
\x9e\xe7\xb18\x8ei\x1c\xc7\xae\x1a\xf7<\xcfi\xb7\xdb\
\x8e\xe7y\xd4\xccGM\x94\x00\xb3\xbc\xffY\x84\x80\xd9\
\x16P\xfc\xb3\x17\x8cz\x11\xaa\x97\x0e\xa4\x12\xfc\xc6\xbf\
\xbb\xe5\xce\xdb\x0e\x16\x0f\x1e<P:\xd2\xdb\xe7\x1ep\
\x1d\xd2\xb3}G\x12A\x10\xe4\xc6\xe3\xa2\x9c\xff\xaf9\
:\x02\xa0\x80\xca?\x82\x5c\x04\x84\xf57\x1a\xed'W\
\x1b\xad\x97\x9e=q\xf69\xa5\xac[)\x91\xd2j\xa1\
\xac\xab\xf6;\x8e\xc3\x8c\xe7_\xc0b\xcc\x07\xfe\xd7-\
\xf9L\xcb=\xad\xfc\x1b\x8f\xbf\xf4}_\x8d\xeb\xde\xfd\
P\xd5\xdf\x14\xfe\x13\xbd\xbd\xbdJ\xd9\xe7\x8e\xe3p\xa8\
\xee\x0f\xe1\xfe\xfd\xfd\xfdbff\x86\xc0:j\xb5\x9a\
]\xe1\x1f\xefj\xe4\xba\x07\x0d\x00\xc8\x0d\x85R\xbc'\
''\xa9z\xd0\x1bc\x806\x02T\xabU]\x1f\xe0\
\x96[n!\xa7N\x9dr\x8c\x11\xc0\xb1\x8c\x00\xda\xeb\
\x1f\x04\x81\xae\x11\x00)\x02\x90\x06`\x0a\x07BZ\x00\
3\xff3\xab&\x00\xb4\x0dd\xc6\xbaM\xc30\x84\x97\
 \x85\x1a\x01\xb0\x9d\xeae\x99\xdf\xf6\x8f}l\xcf\xad\
wVK\x07\x0e\xbc\xbd\xf4\xce\xc1~\xf7\xd6\x9e^\xe7\
\xc0\xd5=z\x08\x82 7\x16\x98\xf3\x8f \x97\x86s\
\xb1\xd4\x8e\xa2g;\xad\xf8\xf4\xb9\x0b\xab\xcf\x9d:}\
\xfe%\xabh\x9f\xf6\xa2;\x8e#m/\xbf\xd5\xc3\x1f\
<\xfc\xd0\xca\x8f\x80\x11 MS]\xdc\xafX,J\
\xab\x95\x9fR\xf6\x85R\xfa\xd5,\xbe\xefK\xd3\xc7_\
2\xc6\x12P\xfc\xfb\xfa\xfa\xd2V\xab%\x07\x07\x07u\
$\xc0\x0b/\xbc \x8e\x1c9\x22\xce\x9d;'\xcb\xe5\
\xb2\xa8T*Y[?\xb5.\xa3\xf8C\xc8?z\xfd\
\x91\x1b\x024\x00 7\x1cv\x91@\xb2i\xf9%\xe3\
\xe3\xe3lzz\x9aV\xabU\x0a\x85\x02\x93$a&\
\x22@k\xe9&\x15\x00\xa2\x01\xb4\x92\xef\xfb\xbe\x17E\
\x11\xf3<\x8f\xb4\xeb(^\x00\x003\xf0IDAT\
5\x9bM\x1d\x11\xe0\xfb\xbe\x8e\x04H\x92\xc4\xb1\x8d\x01\
V\xb1@b\x17\x0b4u\x02\x98\x09\x89\xd3\xd3L\xaa\
\x80\xce\x87S\xff\x07A@\xa2(\xa2\xa6\xef\xad\x1eV\
\xffQ\x7f\xcf\xdd\x1f\xe8\xbb\xf5\xb6\x83\xc5\x83\xfbF\x83\
\xc3\xe5\xb2\xbb\xb7\xa7\x07\x8d\x02\x08\x82 o\x06\x98\xf3\
\x8f \xaf\x92$\xfct\x98\xc4\xa7\xc2vrzu\xbd\
}\xfa\xe5W\xea/5\x1a\xcd\xa6\xf9\x1aB\xf7\x09(\
\xd0P\xa8\x0f<\xfe\xf0\x9d\xd5\xb7\x1f\x14~i\xcd+\
\xc0\xd3\xefy\x9eR\xf8u$\x80\xef\xfbi\x92$<\
\x8ec\xed\xf5/\x14\x0ai\x1c\xc7\x02\xda\xfc\xf5\xf4\xf4\
\xf0N\xa7\xc3M\x9e\xbf\x0e\xf5o4\x1a\x22\x08\x02\x0e\
\xfd\xfc\x7f\xe5W~E\x9e<yR}'\xa7\xa6\xa6\
\x84\xa5\x03I,\xf2\x87\xdch\xa0\x01\x00\xb9\xe10\x06\
\x00\x09\xd1\x00\xb5ZM\xd6j5\x9d\x1a\xa0\x14\xf4\xb1\
\xb11](\xd0\x8e\x08\xe0\x9c\xb3\x9e\x9e\x1egnn\
\x8e\xed\xdd\xbb\x97q\xce\x9dz\xbd\xee\x14\x8bE\xd6\xe9\
t\xdc\xbe\xbe>\x1d\xfa\x1f\x86\xa1\x0b\x91\x00RJ\xc7\
\xf3<f\x8a\x04\xeab\x81&-@\xbd\xe8 :@\
G \xc0t\x0b\x98N\xd4\xb6\x98\x17'\xb1\xac\xd3\xd4\
\xfa\x9f\xd8u\x06~\xeec\xc3\x07\xde\xbe\xbf8|\xe0\
\xd6\xd2\x81]\x83\xce\xad\xe5\x92\xbb\x17\xa3\x05\x10\x04A\
.\x8f\xae\x9c\xff\xb3\x94<\xfa0\xe6\xfc#7\x0e\x9c\
\x8b\xa50J\x9e\x8d\xe2\xf8|\xd8I\x17_Y\x5c}\
\xee\xec+K\x8b\xc4\xa4*\x9a\x1aF\x92snG-\
J\xa8mdR\x193\x03\x80\xfa@\xc4#(\xff\x85\
B\x01z\xf7\xab\xf9\xb5g\xdf(\xe0z\xbcT*\xe9\
0\x7f5\x0dr\xfcM\xf8\xbf\x8c\xe38\x85T\x80N\
\xa7#FFF\x92f\xb3)\x86\x86\x86D\xb3\xd9\xe4\
###\xe2\xc2\x85\x0b\x921&\x0f\x1f>,\xce\x9f\
?/fff\xf4\xb2\x8d\x9cG\xa0\xaf?\x16\xfaC\
nT\xd0\x00\x80\xdc\xc8PS\xef\x85\xd8\x11\x01\xb3\xb3\
\xb3tjj\x8aV\xabU\xb6o\xdf>\xfa\xdcs\xcf\
\xb1[n\xb9\x85\x9c>}Z)\xf3\x8e\x10\x82\x99\x8f\
kR\x03\xe0\x03\xa9\x01z<\x8ec\xea\xfb\xbec\xd5\
\x05\x80\x14\x01\xa2\xbe\x07C\x00\x14\x0f\xb4\xba\x08\xd8)\
\x02\xccD\x08\x80\xc5\xdc1Q\x00\xc4\xd4\x0a\x00\xab{\
VEWM\x83\xfa\x02`yw\x1c\x87\xfe\xab\x7f\xb5\
\xe7\xed\x83\xfdn\xefm\x07\x0b\x07v\xef\x0a\x86\x07\x07\
\x9c[=O\xdb5\xd08\x80 \x08r\x89\x9c\x7f5\
D\xe5\x1f\xb9^\x90B\xb6\x84\x94\xcd8NO\xc7)\
?\x17GQ\xbd\xd5N\x16\xcf\x9d_9\xfd\xca\xc2\xca\
\x22\x84\xed\x13m\x0c\xc8Z\x19Ck>0\x02@x\
?\x89\xa2H)\xf4\xd9|\xb9\xf6}\xd2R\xfc\x89\xc9\
\xb9\xd7\xd3\xad*\xfeY\x1f\x7f\xdf\xf7E\xab\xd5\xd2\xc3\
8\x8ea\xa8s\xf6\xa3(JK\xa5\x92\x08\xc3PW\
\xf1g\x8c\xa5f{\xd2\xe1\xe1a\xbe\xb2\xb2\x22\xeb\xf5\
:\xdf\xbf\x7f\xbf\xdc\xbf\x7f?\xa9T*\xa2^\xaf\x8b\
\xf1\xf1q\xa8%@ \xfd\x13\xf3\xfd\x91\x1b\x1d4\x00\
 \xc8\xabd\xad\x03\x8f\x1e=\xaa\x15\xf5\xa9\xa9):\
66F\x0f\x1c8@\x9fy\xe6\x19\xa5\x94\xeb\xaa\xff\
\xbbw\xef\xa6\x1b\x1b\x1b\xde\xea\xea\xaa\xf6\xf47\x9bM\
R*\x95\xb2Z\x00V\xe1@\xe6\xfb>\xdb\xd8\xd8\xd0\
C\x93\x1a\xa0S\x06\xac4\x00G)\xf0I\x92P5\
\xbd\xd3\xe9\xe8\xb4\x00\xab\x85 \xb5\xefU3=\x1b\xda\
\x8a>\xccgY\xe9)\xbc\xa8\xad}\x84\xc2;\xba\xf0\
\xa1\xe38\xe2\xb6\xdb\x8a\xbd\x1f\xbc{\xf0\xd6\xa1~\xaf\
\x5c\xa9\xb8\xc3C\xbb\xbd=\xe5\x92\xb3\xd7\xf7XO\xa9\
\xc8\x86\xb1E!\x82 7\x02\x98\xf3\x8f\x5c\xebp.\
\x96\x84\x90\xad(N^\xe2B4\xa3(Y\x8a\xe3\xb4\
\xb5\xbc\xb2q\xba\x1dF\xcdW\x16V\xce\xd9\xef\x7f\xf0\
\xe4\x83\x17_\xc9\x13A\x10\xe8eY\x85\x89I.\xb4\
\x9f\xd8\xb9\xfb\x96\xb7\x1f\x8c\x05\x10\xd6/\x8c3C\x18\
\xa5\x9f\x18\xa5_@q\xbf$I\x08x\xf4\xe1S(\
\x14x\x14E\x12Z\xf8\x15\x8bE\xb5\x1c\xde\xd3\xd3#\
\x18c\xc2u]\xdej\xb5\xf8\xae]\xbbd\xa3\xd1\xc8\
\x8a\xfb\x05A \xef\xba\xeb.\xf9\xc5/~Q\xcb9\
\xb5Z-\xbbk\xd1\xeb\x8f \xaf\x82\x06\x00\x04\xe9\x86\
\xc2\x0b\x02\xba\x06\xcc\xce\xce\xd2z\xbdN\xa7\xa7\xa7u\
\xb1@h\x1f8??\xcfv\xef\xde\xcd.\x5c\xb8@\
\xf7\xed\xdb\xe7\xac\xae\xae\xb2r\xb9\xac\x94}G\x08\xe1\
\x14\x8bE\xaa\x86a\x18:\xa6\x1d\xa1k\x0c\x04J\xd1\
\xd7\xed\x04\x95\xbci\xa5\x09P\xab[\x005\xd3lC\
\x01|2\xaf\xffV)\x02\x10Y\x00\x16{\xf5\x81v\
\x88`\xcd\x07\xec\xca\xbc\xb9\xe7\x01\xb5\xab\xf5:\x8eC\
n;P,\x8f\x8d\x95\xf7\xee\xda\xed\x97\xfb\xfb\x9c\x9e\
\xe1\x8a?\x5c,:=\xfd\x03\xde\x1e\xd7%\xbd\x81O\
\xcb\x9e\xcbz<\x8f\x96\xd1`\x80 \xc8\xb5F\x96\xf3\
?G\xc9#J\xf9\x7f\x19=\xff\xc8\xf6\xa3\x14z5\
L9_\x8a\xd3T\x87\xe2'qz\x9e\xa7\xb2\x15%\
\xc9F\xb3\x15\x9d_]\xdbX\x5co\xc5\xcd\xe5\xe5\xb5\
\x16D\x04\x9aw\xb7\x84\xc8C\xe3\x0c\xc8\xaed\xcbA\
`#\xf3\xef\x7fP\xe6\xad\xefen~b\x8a\xf91\
K\xb9'\xe0\xedW\xdb\xa2\x14t\xe8\xdf\x0f\x1e\x7f\xd3\
\xbaO{\xf9MA?n\x14\x7fQ(\x14\xb4\xa2o\
\x94~\xden\xb7%\xb4\xf2\xdb\xb5k\x97(\x16\x8b\xfc\
\xfc\xf9\xf3d\xdf\xbe}byyY\x94\xcbe\xf5\x1b\
iB\xfd3\xc5\xff\xd8\xb1cP\xdc\x8f\xa0\xd2\x8f \
\xaf\x82\x06\x00\x04\xd9\x02\xf9\xaa\xb4\xa7\xeb\x04\x10+5\
`ll\x8c\xf6\xf6\xf6*\x05_>\xf2\xc8#lx\
xXG\x04,--)\xa5\xdd\x15Bh#@\xb9\
\x5c\xa6\x90\x1e`u\x0d\xd0m\x07\xa3(\xa2\xbe\xef\xb3\
(\x8a\x1c(\x1a\xa8\xd6\x15\xc71\xa4\x0aP\xcf\xf3H\
\x92$\xcc2\x06P3\x9d\x9az\x02:B@\xbd\x98\
\x0b\x85\x02\xb1R\x01 \xd7\x8e\x19\x03\x01\xbc\xc4!b\
\x80X\xa9\x06]\x16}hO\xa8\xa6\xc3\xb8\xd5\xa7\x17\
\xaa\xf9RkZv\xc8\xac\xf1\xec\xfb\x0f\xde=\xb4w\
\xd7.V\xde\xb3\xa7XV_\x8c\xdc\x14\xec-\x17Y\
O\xb9\xec\x96$\x95\xb4\xaf\xd7\xd5\x86\x02\xcf\xa3=\x81\
\xcf\xf4<\x9eK\xb5\x11A\x8d\xa3!\x01A\x90\xab\x01\
e\x840\xba\x19\xf6\xff\xcd\xbftt\x04@\xa1\x80\xca\
?r\xe5\x80\xe2N\x8c\xf2\xae\x86\x82\xcb\x16\x17B\x17\
\xce\x8b\xe2tQ)\xa7\x9d0\xaaSBe\x1c\xa7\xcd\
0NZ\xabk\x1bK\xea]\xbb\xba\xdei6\x9b\x9d\
\x96\xf5\xae\x85\xc8\xbd,\x07\x1fR\xff\x94\x22\x0f\x0a\xbd\
=O\x14E$\xd7o?\x1b7\xef\x7f\xbb-\x1f\xc8\
\x02\xc2\x14,\x96\xb6\xf2o\x17\xf4\xcb\x85\xfa\x0b\xdb0\
`B\xfb\xf5\xb8R\xea=\xcf\xcbB\xfcM\xc8=W\
\x0a\xbfR\xfe\x83 P\xd3\x04\x14\xf4+\x95J\xa2\xd3\
\xe9\xc8\x9e\x9e\x9e\xb4\xd3\xe9\x08\xd3\xd7_)\xfd<\x08\
\x02\x1d\xe6\xcf\x18\xd3\x06\x85B\xa1\xa0\x0d\x0d\xfd\xfd\xfd\
\xe2\xc0\x81\x03\x02\xaa\xfa\xd7j5]\xd5\x0f\x1c9\x04\
C\xfd\x11\xe4\x22\xd0\x00\x80 \xaf\x81\x89\x06\xa0\x10\x0d\
@\x8c!\x80X\xe9\x01\xcb\xcb\xcbJa\xd7\x0a\xf5\xfc\
\xfc\xbc344\xc4\x86\x86\x86\x88)\x12\xe86\x9bM\
\xdd\xf7_)\xf9\xc5bQ\x1b\x05\xda\xedv\xd6!@\
\xbd\xbc\x85\x10j>\xe2\xfb>\x8b\xe3\x98\x95\xcbZ\xff\
\x85(\x01\xbb\x95\xa0\x1e7\x06\x01b\xa5\x12\x90N\xa7\
\xc3\xec\x1a\x02\xd6n@m\x01[\xe9\xa7\xb9\x82\x82\xd2\
J9\xc8~g\xb7\xed\x81\xc2>\xb6\x82O^\x15\x18\
\xba\x9e%\xea{b<\x0e&\x9c\x10\xfa\xfc\x12;\xaa\
\xc020H;\x1a\xc1Lc\xc6{\xa1\x05\x9d\xbb\xef\
\x1e\x1aV\xd3\xd5\xb1\xdc\xb3\xcb)\x0f\x0ey\xbd\xf0R\
\xa7\x92\xc8\x9bG\xfdaJ\xd4\x84\xcd7\xfe\xee\xdd\xfe\
^-rP)\x89\xa4T\xfb@\xa4\x94}}\xde^\
%\x16h\x89_f\xa9\x81\xc4\xf5X/\x18!^\x8b\
R\xf1\x8d\x19%\xd0\xa8\x81 ;\x0b\xf5\xf0\xf2|B\
\xce/m\x86\xfd\xbfx\x92\x91rY\xa2\xf2\x7f\x95\x80\
\x9c\xf47\xb2\x0c\xa1\x97!\xacet\xbd\xde\xf40I\
\xd2\xa5\xae\xf5R\xf5b\xdet\x0f+\xa5\x9cs\xf5{\
I7\x1d\xe6\x82$)o\xf1Dn\x10I\xa8\xa0B\
2\xc9h*\xd2f'L\xf4z\x18c\xe4Bc\xe3\
<\xe1T\x12g3\xc2naae\xc92\x943\xdb\
\xebn\xde\x8b]^w\xf0\xd0\xdb\xefG\x08\xbf\xcf\xa5\
\xefu\xbdW\xed\xff\x15F\xd1\xb7+\xf1\x13\xd8qP\
\xdc!L\xdf>\x040\xb4\xeb\x0a\xe5\x0e\x9c\xccW\xef\
W\x0a\xfdf\xf7\xbd\xcc\xbb\xdfe\x08P\xca\xb9\x1a&\
I\xa2\x0b\xf9)y\xc6\xe4\xf5\x83\xd2\xaf+\xf3\x9b\xda\
\x01j\x08\x8a\xbfV\xf8\xfb\xfb\xfb\xf9\xc6\xc6\x06\xd9\xb5\
kW\xea\xba\xaeXYYQ\xb2\x0eWJ\xbeZI\
\xbd^\x17\xb7\xddv\x1b9\x7f\xfe\xbc\xe8\xed\xed\x95\xe3\
\xe3\xe3\xc2V\xfaMU\x7f\x8aJ?\x82\x5c\x1a4\x00\
 \xc8e\x00\xad\x03\x81\x89\x89\x09655\xa5\xc7\xc7\
\xc7\xc7)\xb4\x10l\xb5Z\xba\xcf\xff\xf0\xf0\xb0\xae\x17\
\xb0\xb0\xb0\xa0\x8b\x06\xf6\xf7\xf7\x93\xd5\xd5U]#\xa0\
X,\xb2V\xabEM\xba\x01+\x14\x0aY!A\xf5\
\x1b\x08\xfb7i\x02\x99\xf2o\xc2\xf8\xe1{b\xa7\x07\
X\x9e\x7ff^\xcc,\xd7\x96\x07\x8a\x09f\xc6\x00\xab\
\x0d\xa1\x80h\x81\xdc\xf7\x19\xb9\xef\xa81\x08\x08K`\
`\xf9\xc2@\xb9\xdcAmDP/|%\xdc\xd8\xf3\
\xe5\xa3\x0c@\xf8\xb0\x84\x15\xf0r\xd8\xf3t\x09S \
4)!\xc8xC\x08\x18\x12\xcc<\xb6G\x03\xbec\
[\x84?\xdaB\x96-\x0c1(vd\x09g\xc4\xf2\
\xb8\x10\xc8\x9d\xb4\x84/\xd8Va\xedk&\xd0\xe5\xe7\
U\xcb\x229\xe1\xce:NPq\xd9.\xf6H\xac\x82\
\x8f\xf9}\xb0\xb7+o\xf0!\xa4\xbbN\x84\x1d\xcd!\
-\x03\x92\xb4\x8d3\xb9m\xa3\xd6t\x9a7\xee\xc0v\
\xe6\xbcJYX\xa9}\x8e\xf2\xdb\x0e\xe7\x12\xb6\x0d\x0c\
@\xd6y\x01\xcf\x16\x18\xb3\xd8\xa5B;s\x02sv\
\xcc\xcc\xb5\xa8\x0dS\xda)w\xf11\xcc\xce[~\xdb\
\xa0\xa8\xa6}\xedlq.\xb3m\xb5\x8e5\xcd\x9d\xd7\
\xaey\xb7P\x0cH.=Gn\xd1\xf5\xe3\xb5\xce\xa5\
-\xf0\xc3\xf5\x97\xbf\x0ee>\xaa'\x7f=\xd8\xd7\xae\
\xe5Y\xb4\x8b\x8d\xc2\xfd!\xad\xfd\xa5\xf9k3w\xff\
o\xb5\xdd]\xfb\x94\xf7J\xda\xbf#x\xff\xe3\xfd\xbf\
s\xef\x7f\x99\xbb\x86\xb6\xf2\xbeou\xff_t}_\
\xea\x18\xe5\xb1\x14\x7fi\xbd\xdb%x\xf0m'\x80\xe5\
\xbd\xa7V\x0f~\xf8\xad\xed\xf1\xb7=\xfaJ\x99\xd7\x8a\
\xbe\xb5\xaf\xe0\xe5\x17\xd6<Z\x81W\xe3\xc6\xab\x0f\xa1\
\xfeJ\xe9\x97\xeb\xeb\xebb``@\x87\xf8\xabe\x97\
\xcbe\x1d\xda\xdf\xd3\xd3#\xda\xed\xb60\x85\xfd8c\
L\xac\xae\xae\xcaJ\xa5\x22\x18criiI|\xe4\
#\x1f\x11\x8f<\xf2\x88^\xef\xf8\xf8\xb8n\xe5\xa7\xfe\
\xa9V\xab2\xef\xf1G\xc5\x1fA\xfea\xd8vo\x00\
\x82\x5c\x0b\x98\x17\x8a\x84~\xb1\x0f>\xf8\xa0\x90R\xbb\
\x8f\xa5\xa90+\x0e\x1d:\xc4\xf7\xef\xdf\x9f\xce\xcf\xcf\
\xf3\xe5\xe5e\xd1j\xb5\xd2r\xb9\x1c\x8f\x8e\x8e&\xed\
v;\xf5</n6\x9bq\x14Eq\xbb\xdd\x8e\xfb\
\xfa\xfa\x12\xc7Q:~\xac\xa6%q\x1c'\x8c\xb1\x98\
R\xaa?\x8e\xe3D\xea;5\xee\xfb~\x92$I\x1c\
\x04A\x94$ID)\x8d\x08!jz\xac\x96\xdb\xe9\
t\x94\xd6\x9f\xa4i\x9ax\x9e\xa7\xd7\x95\xa6\xa9\x1a\xaa\
\x81\x92\x22\xb8\xf9.\xa1\x94\xaa\xb7\xbb\x9a?5\x1f\xb9\
)\xc3d\xf3\xe9\x02;[\xe4\xf2\x890\x0c\xa5\x11\x98\
\xb8\x11\x04@b\x11\xe6\xa5N\xcc\xf7]\x95}!\xdf\
\xcfu]a\x84E\xf0\xec\xabqa\x86\xd2\x0a%\x14\
\x96\xa7B\x0b\x92\xb6\x90j~\xa3\xa6\x09K\xc8\xd1C\
\xb3na\xcd\x03\x82\xaa\xb0C\x1ea\xdf\x940i\x85\
3J\xf0\xd88\x8e#\xec\x10G\xb5\x5c\xf5{\xb5\xfd\
\xa08\xa9\xf1\x9c\xa0f\x0b\x85r\x0bE-\x13V!\
\x0a\xc2\x8ar\xc8\x8e\x9b\x11\xf8\xb3\xdfZ\xc2\xa30\xfb\
\x08\xf3g\xc7\x88\x5c,\xf0\xc2\xf6e]$\xd4rA\
\xa86\xfb\x01\xc7GO\xcf\x09\x88$\xa7|\x92\x5c-\
\x0aXOv\xae\xac*\xd1\xc2^\x0e\x1cw\x18\x87\xdf\
\xe5\xd6\xd3\xb5\x0cX\xbe\xadh\xc1\xb6*\xe1\xdf2\x14\
\x09\xd8'\xb3\x0f\xd2\xfa\xbd}\xdc\xed\xe5\xea\xf5\xc05\
k\xff\x1e\xb6\x05\x84`\xb5<\x18\xb7\xf6\xc3\xbe6\xf4\
>Y\xe7\x92\x98\xeb\x0e\xd6\x0d\xe3z\x7f\x8d\xc2*-\
\xe5F\xc2ujm\xa2\xb4\xae!b\xce\xa1}\xad\xc2\
\xb2\xa5QLaY\xd95\x95\x0f\xdf5\xc7\xce\x0e\xd5\
\xed\xf2\xf4\xc15\x03\x0aV\xce\x08(A\xd1\xb3\xb7\xd9\
\xec/5\xf7\x7f\xd7y\xdbb=\xd9\xfdc\x1f'\xb8\
\xd6\xc1h\x90\xf3:\x92\xad\xee\x7f06X\xf7?\xb1\
\xee\x7f\x99\x9bG\x9a\xf3\x9f\xbf\xff\xe1\xd8\xca\xdc5\x03\
\xd3\xf1\xfe\xbf\xbe\xee\xff\xae\xe9\xe6\xfe\xe7\xf6}\x0f\xe7\
\xc2l[v\xcf\xc2\xf1\xb3\xdeQ\xc2\x0e{W\xef\x1a\
\xf8\xe4\xee\x7f\xfb\x5c\xda\xf7\xbfm\xdc\x10\xf6\xfcp<\
\x8c\x81]\x10\xab\x8a\xbe1\xd6g\xcf\x1f\xf5\xfe5E\
\xf6\xa4ywKS\x88\x0f\xde\xe3\xd9\xfc\xea\xfd\xee\xba\
nj\xbd\xf7S\xd3C\x9f\x1b\xd9!\x059@\xc9\x09\
j\x84R\x9a\x98\x22|J\x0eI\x8c\x9c\xa1d\x0b\xfd\
\xf1}?2\xf3\x84\xedv[\x8d\xc7fY1cL\
\xcb)0t]7,\x16\x8b\xe1\xda\xdaZ\xd2\xd3\xd3\
\xa3\xbe\x8f\xc30Lv\xef\xde\x1d*\x11h\xcf\x9e=\
Z\xbeQ\xb2N\xb1XLFFF\x94\xfc\x94\xf6\xf6\
\xf6\xa6\xd5jU\xf7\xf8\x1f\x1f\x1f\xe7\xc6\x00\xa0\xc3\xfd\
\xa7\xa6\xa6\x84\xc9\xf5\xb7\x8f\x1b*\xff\x08r\x19`\x04\
\x00\x82\xbc\x01\xa0\xb8\xde\xe4\xe4$5\xfde\xe9\xc4\xc4\
\x04\xa9\xd7\xebtcc\x83\xce\xcc\xcc\xd0\x83\x07\x0f\xd2\
\xd1\xd1Qz\xf2\xe4I\xc69\xa7B\x08\x9d\x12\x90\xa6\
\xa9.\x0e(\x84`\xbd\xbd\xbdt}}\x9d\x9a\xee\x01\
\xd4D\x0a\xd0N\xa7C\xa1\x86@\x10\x044\x0cC]\
#\xc0\xf7}j\x84 \xe6\xfb>i6\x9b\xcc\xa4\x0f\
\xe8\x1a\x01f\xf3X\xae\x83\x80V\x82L\xa1\x9e\xccS\
c\x22\x06\xb2\xce\x02\xa6\xf6\x001Q\x03Y\xb4\x805\
\xce\x8c`\x01\xd1\x07P\xf8\x07R\x09\x98%0\xd1\x9c\
W\x9fZB\x0a\xcb\xd5$\x90VT\x02\xb1\xfa\x06\x83\
\x00\xc9\x8c\x80E\xad\xc8\x03\xbd\xcd\xea\x98\x81a!\x17\
\x02\x09\x80G+\xefy\xeaz\x06\xc2~Y\x1e\x11j\
\x87LZ\xbf\xd7\xd8\x9e\x1f+\xcc\x92\x1a\x85\x90Z\xca\
\x95\xbd\x0e\x08O\x14V\x84\x04\xcdy\x86.\xfa\xdf\xbe\
\xec.\xe1\x99\xca\xef\x1f\xb5s=\xa1\xa6\x83\xed\x01\xbb\
\xc4\xf1\xb2\xd7)\xed\x10\xd2\x5c\xf4\x08(\x1d\xcc(.\
\x94\x5c\x1cJJM\x0fh\x9a\xf3\x10\xca\x5cx,\x9c\
w\xbdL3\xbf\xde6\xd3/\x9a^\xc2[\xd8\xf5;\
\xfbX\xe5\xbc\xb2\x17\xed\xa7uL$\xe9\xee\xa4!\xb7\
\xf0\xd2v)'\xb0=\x96g\x94\xe4\xae\xa3\xae\xe8\x97\
\xfc\xff\xf9s\x98\xf7\xdc\xd9\xc7\xdc>6p\xbf\xd8\x1e\
H\xab\x10\xa8\xedu\xcd_#\xd2:.\x99w\x98X\
\x0a/\x1c\x1f{\xbd\xf6\xb8\x1d\xa5c\xee\x13b\x9d\xff\
L\x00\xb7\xafA\xa8+\xb2\x99E\xb5y\xfdY\xd7*\
\xdb\xc2\xdb\x9d\xad+w}f\xc7\x04\xce\x0b\x90\xf3B\
_\xea\xfe'$\xe7\x89\xdd\xea>\xca\xdf\xc3x\xff\xdf\
P\xf7\xffE\xf7N\xfe\x99`]\x7f\xd9{\x8a\xbcz\
=\xca-\x8e\x01\xb1\xfe\xcf\x1fc\xfb\x1dv\xa9\xfb\xbf\
\xeb\x9dh\x19T\xb2\xf7\xa5\xd5c\x9fB_\xfd\xdc9\
\x14\xf6\xfa\xcc\xfb=\x0b\xdb\x07#\x83z\xe7\xabi\x9e\
\xe7\x09\xf3\xfe'f\x5c\x9f[\xdf\xf7a\xba\xee\xcbo\
\xbc\xfb:\x22\xc6\xe4\xef\xab\x8b\x9a\x9bH\x1cm\xf0/\
\x16\x8bZ!W\xd7\xba\x1a\xb6\xdbm\xd9j\xb5x_\
_\x9f\x18\x18\x18\x90\x1b\x1b\x1b\xda`222\xc2W\
WW\xf58cL\xdf\xc7g\xce\x9c\xc9\x0c,\x13\x13\
\x13z[\x1f|\xf0A\x91?\x86\xa8\xf0#\xc8\x95\x81\
\x06\x00\x04y\x13\xb0k\x05\x10\xf3VR\x83Z\xad&\
\xa7\xa7\xa7\x991\x06\x90\x83\x07\x0f\xea\x14\x813g\xce\
\xd0\xe1\xe1a&\x84\xa0CCCJ\x09W\xd3Y\xa3\
\xd1 \xa6\x88\xa0\xee(P.\x97\x95r\x0f]\x04\xf4\
\xc7\x84-\xea\x14\x03\x98\x0e\xca\xbf\xd9\x96,M@M\
+\x97\xcb4\x8ec\xe6\xfb>\xb5R\x0a$\x14\x16,\
\x95J\xe0\x1d\xa1PtP\x09#j\xd9\x961@/\
\xdb2.H\xbb0aN\x88\xbbH\xb1\xb7R\x082\
c\x01|\x07\x02\xb3e8\x00\xa8\x95{\x98M3\xcb\
\x85pXX\x8f-\xa0\xe6\x8d\x0cr\x8b\x90\xce\x8b\xc2\
%s\xd3\x88\xbd\x8d\x96!#\x13\xda\xaduSk\x1e\
[\x08\xb4\xc3\x99A9\x01O\xb4-t\xda5\x1ad\
\xa1P\xa0\x96\xf7\x90\x91\x5cJ\x04\x14}\xb4\xb6!\x0b\
\xad5\xfbL\xf3\xc7\xcbx\xe9h^0\xb7\xff\xb7\xd7\
c\x84\xee\xbc\xe2\x9amon]y\x01\xb7\xeb\xd8Z\
\x95\xa4\xedm\xce\x00\xaf\x9a9o\xacP(\x08KX\
\x97\xb6\xb0\xbd\xc5\xf6\x12\xeb8\x91\xcb\x10\xc2a\xb9B\
J\xe9\x98\xc8\x93.\xaf\xa1]\xd3\xc2x\xd7\xb4\x12B\
\xba;pt\x19\xac\xec\xe9\xd6\xb9$\x96\xf2Bs\xde\
aj+\x8e\xf6\xf1\xb5\xb7\xc12\xb4\xd9\xc7\x8bZ\xc7\
\xc5V\x08H^9\xcc\x15\x08\xb5\x8f}v\x9d\xab\xeb\
\x8d\xbc\x1a\xf5\x90\x19\x12\xb6\xbaGl\xaf\xbc5\xbd\xeb\
\xde\xb2~\xdf\xa5\x94XiFp\xffS\x88\xae\xb0\xae\
\xa5\xae\xe3\xf4\x1a\x0a\xd6V\xf7\xbf}\x1fmu/\xc8\
\xd7R\xb0r\xc7\xd1\xfe\x1f\xef\x7f\xeb\xfa\xbc\xc6\xee\xff\
\xfc\xb9\xa4V4\x02\xb3\xf6QZ\xd75\xdd\xe2\xfe\x17\
\xb0\x8e-\xa2$\xc8e\xdc\xff$w\xff\x93\xdc\xfd\x0f\
\xd7\xb3 [\xdf\xff]\x06\x16%j\x80\x92N\xac\x10\
}{=0O\xb1X$\xb9\xfd\x94\xe6\xfd\xad\x87\xa5\
R\x89Bq>\xa5\xd4+9!I\x12n\xe4\x8a4\
\x8ecX\xa6R\xf6%\x14\xe53J?1\x8a?\x1c\
h\xb5<\xd9\xe9t\xf4|\xe5rY\x8d\xf3\xc1\xc1A\
\xbe\xb6\xb6F\x95\xd2\xdfl6\xb9R\xf2\x87\x87\x87\xa5\
R\xfa\x17\x16\x16\xc8\xfe\xfd\xfb\xc5\xfe\xfd\xfb\xc9\xf4\xf4\
t\x97\xd2\xffZE\xfd`\x1f\x09\x82 W\x04\x1a\x00\
\x10\xe4M\x02\x8c\x00\xd6$=\xae^^\xa6\x83\x80\x9e\
666\xa6=\xf9\xadV\x8b\xddt\xd3M\xf4\xec\xd9\
\xb3\xe0E\xa4\xbbw\xef\xd6B\x9a\x1a\xbfp\xe1\x02\xcb\
E\x08@\xad\x00-,@M\x80 \x08\xd8\xda\xda\x1a\
\xe9\xef\xef\xd7\x85\x84\xa0\xa3\x00\x18\x05\xc0\x03\xe7y\x1e\
3E\x055\xa6\x80\xa0R\xf0aY\xc4\x18\x09\x98\xbd\
\xfd9\xc5^\x09\x92\x8e\x9d\xd3i\x0b\xe2\xb0m\xb6\xe1\
`\x0b#\x82\xfe\xdf\x8eB\x80C\xa8\xd6\x11\x86!1\
\x0a\x17\x00J<\x08\xc3\xb6\xc2Dl\x01:\xe7\xa9\xa5\
\xb6 f\x09Y\xb6\xe0\x0aB\x17\xcb\x0b\xef\x96\x00\x9b\
7&\xc8\x9cW6o\x04\xc9\x84\xff\xad\x14\x17K\xe9\
\xe9\xf2\xde\xe4\x94\xa8-=F[x\x92\x09\xb9XQ\
\x22\xb9el\xa5TI#\xd8\x92K(\x92\xf9e\x90\
-\x0c$\xf9\xf9h>\xec\xd7\xac\xa3\xeb\xd8\xe4\x04\xda\
\x8b\x84c\xeb\x9a\xbb\xc8(c_w[l\xab}-\
n\xb9O\xb62\x92S\x92\xf2\x9eKB.\xf6\xbcw\
y\x06\x8d\x12\x06\xdeM\xb8vm%\xb9\xeb\x9coq\
\xbe`Y\xf2\x12\x0a\xb6\xad\x98R\xfb\xfa\xce-K=\
O\xa49\x97$\xf7\x9bL)\xb0\x0cs\x99r\x9e3\
\xae\xe5\x95,\x1bi\xb5\x16\xb5\xebst\xdd\xff\xb9\xe5\
\x90K\x19\x11,%\xfd\xa2u\xc0\xbe\xc0\xb4-\xce)\
l\x9b\xdd\xea\xb4\xeb\x18\xdb\xf7\x83\xad0\xbf\xc6\xfd\x7f\
\x91\x91\x05\xce\x0b\xde\xff\xd7\xfc\xfd\x9f\x19:\xb6\x8ar\
\x81\xf5_\xca\x88\xb6\x85\xb2\x7f\xa9\xfb\x9f\x9as)_\
c\xb9]\xe7\x8bt_#\xc4.\xa6\x97$I\xf6\xbe\
3\x9d\x7f\xf2\xe1\xed\xd9}\xdc\xe9t\x84Q\xf43C\
\x01x\xfaay\xa6\x00\x1f1\x0a\xbb\xfe\xde\xe4\xe9\xc3\
\xb2\xd4<D\xfd\x0fJ>|L\x0e?\x8d\xa2\x88\xab\
\xfd\x8e\xa2H\xf7\xe5g\x8c\xe9\xf9\xda\xed61^~\
mH\xe8\xeb\xebS\x8a\xbe\x1e\x1f\x18\x18 \xeb\xeb\xeb\
:\x97\xdfq\x1c1::*\x97\x96\x96\xe4\xfc\xfc\xbc\
^g\xb5ZU\xf2\x91\x1c\x1f\x1f\xd7\xdb:==\xdd\
\xd5\xc2\x0f\xf6\xd5\xc8VX\xdc\x0fA\xde$\xd0\x00\x80\
 o\x0d\x99\xf2\xac\xdeX\xf9\x0e\x02\xf5z\x1d\x86L\
\xbd\xfc\xec\x02\x82B\x08\x0a\xc5\x838\xe7l``\x80\
.//k%\xbd\xaf\xaf\x8f\xae\xad\xadA{Aj\
Z\x0d\xd2f\xb3\x99u\x03(\x14\x0a\xac\xd3\xe9h%\
^J\xe9(\xe5wmm\x8d\xf5\xf7\xf7k\xe3\x80I\
\x1d\xd0\xdb\xa6\xc6{{{\xf50\x08\x02i\xa2\x07\xa8\
\x11\x0a\xa8-\xa4)!\x04\xa2\x0c\xe0\x7f\xe8F\x00\x8a\
\xbe\x12\x04J\xa5\x92\x1a2\xf5\x7f^\xf9\xb7\x14\x0c\x10\
\xe2\xec\xe8\x03\x02\xa1\xc2F\x10\xa2f\xba\xb4\xb6\x03\x84\
!bm\x876b\xc0P\x09kJ\x18\x22\x9b\xc6\x8d\
\xfc\xba\xe5\x16\xe7\x08\x04M[\x18c\xf6ol\x8f\x94\
m\x1c\xb0=3\xd6o\xa4e\xb0\x10\xb9u\x91\x9c\xf7\
Xn\xf1\x1c\xb6\x15P\x0a\xde\xbb\xad\x0c\x1fy\xc1\x14\
~\x9fS@\xb6\x8al\xb0\xbd\x9fy%M\x800k\
\x84\xf7\xaePe\xd8\xe7\xad\x94\x05X\xbf\xe5\xe9\xccO\
\xef\xda\xd0\xdc>d\xeb\x02e6\xa7\xb0g\x0a`\xae\
\xdd\xe5E\x0a\xabu\x8cYN\xb9\xa1[\x15\xc6\xca\x9d\
\x07;\xc4\xfd\xa2wd\xde\xb3\xb7\x85\xb2G\xb68\xb7\
\x99\xd7\x11Zl\xc1\xf7F\xe1\x85c\x96\xf7nv)\
a\xb9k\x87Z)1\xf9}'\xf6\xfa\xec(\x06{\
^+B\xa0Kq\xc9\x9d\x13jy\x90\xed\xf5\xd8\x1e\
\xe4\xae\xf5@\xc8w^\x09\xdd\x225\x22\xdbW\xfb<\
l\x11\x15\x91\xbf\x7f\xb2k\xca*n*\xe1\xfc\x1a\xe5\
\xac\xeb\xdar/\xeee\xde\xa5|\xe6\x8c,]\xcf\x8c\
\x5c\xc4\x06\xd9\xe2\xfe'[\x18\x8c(\xde\xffo\xe8\xfe\
\xb7\xa3\xc3\xe8\x15\xde\xffyE\xbc\xeb\xfe7\x9e\xf3\xfc\
\xef\xa9U\xe5\xfe\xa2c\xab\xd6\xab\xde/V\x98\xbc^\
\x07x\xd4\xf3\xf7o\xee\x9c\x12\xeb\xdd\xa6\xa7u:\x1d\
\xf5\xbe\xca\x1bv\x84=\x7f.$\x9f\xe4\x96e+\xfa\
\xd2\xf4\xd3\xcf\xd6\xe9\xfb\xbeh6\x9b\xb4\xa7\xa7\x87\x9b\
w;(\xf5\xbaE`oo\xaf\xf6\xe6CK=\xb2\
Y\x1fB\x8f[\xb5\x8f\x84z\xaf\x83g_M\xeb\xe9\
\xe9\x91\xadV\x0b\xfe'\x83\x83\x83bnnN\xbe\xe3\
\x1d\xef\xe0/\xbc\xf0\x02\xadT*\xe2\xa6\x9bn\x92\x17\
.\x5c\xd0\xdb\xc1\x18\xd3\x15\xff\x95\x9cA6e!9\
66F\xa0\xb2\xff\xd4\xd4\x94\xb4\xbc\xfc\xd9\xb9Ce\
\x1fA\xde\x1a\xd0\x00\x80 o\x11&\x22 \xeb P\
\xab\xd5t\x9d\x00S+@\xa3\xa6\x99Q:>>\x0e\
\x06\x01\xfd\xff\xc1\x83\x07\xc9\xa9S\xa7\xe8\x9dw\xde\xe9\
\x1c?~\x5c\xbf\x10\x87\x87\x87\xc9\xd2\xd2\x92V\xd2\x07\
\x06\x06\xb4\xe7\x7f\xff\xfe\xfddyy\xd9Q\x8a\xfc\xc2\
\xc2\x02-\x97\xcb\x99\x07\x1f<\xf2\xc5b\x91\xb6\xdb\xed\
L\xa1W\x02V\xa7\xd3\xd1\xe3\xa6\xb6\x003\x16~\xf5\
\xf2g}}}r}}\xdd1/k0\x14d5\
\x0f\x94@\xe1\xfb\xbe-\x14\xda\x06\x0fjr\x0c\xb3\x17\
\xb81,\x10\xcb\x98@\xc8\xab\xf5\x07\x08\x08]\xc4j\
qHLt\x82\x99\x97\xe4\xbcBj\xfb\xf5r\xb6\x08\
y\xcd{Z\xa8Y\x8e]\xcc-\xf3\x00\xaa\xe3`{\
d\xd42\xad|P\xe8\xa6 M\x87\x05[\x90\x83m\
\xdc*\x9a!\xbb\x0c<\xcfcJpR\xdf[\x02'\
5\xc2\x9c\xde?\xf3=\xd4o\xb0\xc39/Z\x97\x85\
-\xa8v\x19G\xd4ts~\xa5\xa9%\xd1\x15\x92\x0c\
\x1e%{\xdd\xb0\xbd\xd6\xb2\x89e|\xb9\x088~\xe6\
\xbc\xd9\xc7F\x9a\xe8\x12a\x9f\xcb\x9c\xc7W\xda\x9e*\
8\x07\xf9\xfd\xb1\xae\x17X\x87\x9d\x03\xca,O\x171\
\xcb\xb1\x15Y\xfbxd\x8a\x0b\x5c\x0b[\x18\x91.\xda\
\xc7\x9c\x82`+\x0c\xc4V\xf0r\xc7S+-\xd66\
\xe7\x97i+\x0c\xf6uB\xc1\x80e\x8e\x85\xde\x1fs\
\xfe\x04\xc9y\x80A\x01S\xca\x03\xec\xa3\xd9\x7f\x92W\
,\xc18fy\x1a\xb3sk\x1d?\xb5~\xad\x80\xa9\
e\xc2~\x98s\xa7\xa7\xc12/\xb5\x1e8.\xb9|\
j\x92\x9bGZ\xd79\xb1\xae7Pf\xb2k\xf1\x12\
\xf9\xe9\xd4\xec\xab\xc8\xd5,!\xb9\xfb_Z\xc7\x9a\xda\
a\xd2[\x9c\xaf\xfc\xb5 \xcd=\xc7\xe0~\x84\xdf\xd8\
\xf3\x91\x7f\xf8\xfe\x87\xf3\x92\x9dS+2\x0a\xef\xff\xcb\
\xbb\xff\xe1^rr\xf7\x7f\xf6l\xb0\x8e\xa3\x9dRC\
\xeck;w\xffk\x03\x1f\xbc\xcf\xacw\x03\xb1<\xcc\
[\x19\xac\xb6J\x9b\xc8\xde'`\x047\xb9\xf4\xf6\xfd\
\x9f\xbf&e~\xba\xf1\xd0g\xe7\xcf\xf7}\xa2\x14\xec\
r\xb9L[\xad\x16\x84\xe4g\x1e{\xf0\xd6\xf7\xf4\xf4\
\xe8i\xa6\x16\x90\x1e\x82RN\xac\xd0}c\xf8\xd7^\
y\x93\xa7\xcf\x8dl \x8c\xb1\x87\x84a\xc8\xd51\xdc\
\xbd{\xb7\xb8p\xe1\x02)\x97\xcb\xfa\xf7j;FF\
F\x84\xc9\xe7\x97\xf3\xf3\xf3\xa4\xbf\xbf_\x9a\x08\x00]\
\xf4\xd1T\xf0\xd7\xfb\xb3\xb4\xb4$GGG3\x85_\
\xc94cccrffF/obbBo\x9c\
R\xfaa;\xb7P\xfa\xb72\xa4 \x08\xf2&\x81\x06\
\x00\x04\xb9JX)\x02\xd9\x8b\x0e\xa6\x19\xc3\x00\xb5^\
\x8c:U\x00~\x1b\x86!\x9d\x9d\x9d\xa5\xfb\xf7\xef\xcf\
z\xf5C\xa4\x00\x14\x15TC3\x9d\xf5\xf4\xf4\xb0\xf5\
\xf5u\xb2\xbe\xbe\xae\x15\xf7\x8d\x8d\x0d6<<\xac\x04\
\x09]#\xa0T*iA\xa7\xddnS5\xdej\xb5\
\x94\x90\xc8\x86\x86\x86$\x14\x1e\x04%\xc0\x08\x06\x10Q\
`WSg\xf9g\x88\x15Q@\x8c\xc0B j\x00\
\x04\x16\xdbX\x00\x82\x0b\xfc\x9f\x8b\x18\xd0\x86\x03\xf0\x00\
\xa8\xed5)\x0a\xd9\xfa\xach\x80.\xe5\x86\xbc\xaaH\
h!\xccL\xebR\xe6l\xa5\x8b\xbcZ\x04\x89\xe4\x8c\
\x11\xd9\xb9\xb2\x94$i\x04<[Y\xc9\xf6\xc1\xf2\xf6\
\xda\xca\xa7\xbd\xcd $j\x01\xdb\xe4`\xda\x0aa&\
\xf4&I\xe2\xd8Q\x06j}\xea|m\x91\xffyQ\
\x0e\xac\xbd-p\x9c\xec\xd0\xe6-\xda\x5cum\xb3\xd9\
\xb6\xec\x98\xe5\x04\xd7\xbcB\xa7\xf6\xc96\xd6\xe4#5\
h.\xecW\xe6\xcfuN\xb9\xd6\x06\x178\xf7\xb6\xb0\
\x9c\x8b\xf8 \xd6y\xcb\xef\x83\xbd\x1c[\x19\x91\xf6\xef\
\xd5vZ\xb9\xe9\xf6\xf6\x12K\xe1\xb4\xb7\xc16J\xd8\
\xfbm+\xb1\xf6\xf6t\xe5\xbe\xdb\xca\xa49\x97yE\
\xfd\xa2s\x98W\xe0\xb7\xb8\xe6\xba\xf6\x1f\xce3(\x13\
\xb9\xeb\x06\xb63\xbb\xe6\xcdqT\xcf\x05a\xcfc\x7f\
o\xb0\xd3ph^\xe1\xb6\xd6\x03\xf7\x9d\xcc)\xbc]\
\xdb\x9b;w\xb6\x92\x9e\xdd\xbb9o\xa8}M\xc9\xd7\
\xb8\xff\xed{\x9d\xe5\xf2\xa6/\xe7\xfe\x179\x03%\xb1\
\x8f\xc5k\xdc\xff[]\x874\xe7\x01\xc6\xfb\xff2\xee\
\x7f\xfb\xb8\xe5\xce\xf9\xe5\xde\xff\x99\xb1'gl\xca\x9f\
K\x92\x0b\x97\xef:\x0f\xd6u'\xed\xef\x942\xaeF\
\xd4\xbb\x13\xd6\xaf\x94xX\x97\x1d\xaan~\x9fy\xe0\
\xcd{L{\xd1\xad\xf7\x19(\xf5]\xdb\xa1\x96a\xbd\
;\xedm\xc8\x0f3\xc5\xdf\x18\xf3\x95b\xafS\x03\x94\
Ro\xde\xedz^u^\xd5r;\x9d\x8e\xce\xd3W\
r\x81\xfa\x8c\x8c\x8c\xe8\xfe\xfbd\xd3\xa3\xcf\x1b\x8d\x06\
\xd9\xb5k\x97XYY\xa1\xa0\xecC(?12\x88\
\xbaW\xd44\x13\xd2/?\xf2\x91\x8f\xe8\xfe\xfc\x10\x0d\
\xd4\xdb\xdb\xab\xd7Y\xa9T$\xb4\xec#\xc4\x8a\xe5\xdf\
\x1c\xa2\xc2\x8f W\x194\x00 \xc8\xf6C\x95\xf2\x7f\
\xec\xd81\x09\x91\x02\xf0\x05\xd4\x0e\x18\x1f\x1f\xd7]\x05\
\xd44(&H\xacj\xc4\x0a(,\xb8\xb4\xb4D\xaa\
\xd5\xaa\x9e\xbe\xb4\xb4D9\xe7luu\x95\x0c\x0c\x0c\
\xe8\x14\x02\xf5\xb2^^^v666\xe4\xcd7\xdf\
\x9c\xe5\xff\x9b.\x04]J}\xceX\xa0\xa7u:\x1d\
\x0a\x1d\x0a\x06\x07\x07\x09T\xe0\xb7\x0b\x15\x92M!D\
\x1b\x04\xc20$}}}\xce\xfa\xfa\xba\x80\xfe\xd5&\
\xe5 \xdb\x7fX\x9d\x89 `J\x08\xea\xed\xedU\xfb\
L\x8c\xf7\x82\x81\xa1\x00\x8c\x0a\x96PD\x8c\xf0\xc4l\
\xe3\x80\x89P\x90\xc6\x00\x91\x09]9\xcf\xa8\x16\x16\xc1\
\xfbb\xf2\x22\xa5\x89p\xb0\x05AX\x86\x9ef\x15S\
\x84\xe5d\xf3n!\xc8C\xad\x05-\xbcnvv\xa4\
\xc26\xa6\x80\x1c\x04\xe3\xf6\xb6\xd8\x17\x0aT\x0f\xcf?\
\xbb\xd5~\x97\xcb\xe5L9\x89\xe3\x98\x99<\xcf\xbcP\
\xcdl\x01\xd5\xdaw\xfd{0\xca\xe4\xb7\x01\x04`3\
\x9f4B/5\xf3\xe9s\x02\x025\x5c\x07\x10*\xaa\
\xf6S\xadC\x09\x98\xb0\x1c5\xbf1\xe8l%,\x93\
\xbc\xa2\xb1\x85\x971\xf3\xde\xc11\xb3\xd7o/\x0b\xd6\
KHw8)\x1c\x0b\xd8_\xeb8\x82aJ\xe6\x8d\
W \xf4C\xdd\x0c\xdb8u\xa9q\xd8\xdf\xfcv\xc3\
9\x87\xef\xe1\xda0\xeb\xcb\xbc\xfa\xadVK\x1f\x7f\xb8\
~_\x95\x99\xa9\xad\x94\xc1\xf9\xd2\xe7\xd4x\xee2c\
\x82u\x8e\xb4\x22\xa6\xae\x0f\xf5\x9d9\xe7]\xc7;\xbf\
\xfd\xe6\x9a\xcf\x14\xa0\xd7ZO\xee\xd8Kk=z?\
\xe08\xa8\xed\x81\xeb\xc7\xba\xa6\xb3\xf5\xc3\xb2\xd5\xb9\x83\
\xf3\x00\xbf\xb5\x15\xb7\x9cb\x98\xdd\xff\xf6\xb11\xf7\x1b\
\x5c\xc3\x22\x7f\xff\xdb\xe7\x1a\xeeo\xb3\xde\xfc}'\xed\
(\x05\xfb\xfa\xb3\x9f\x15[x\xef\xa9u\xff\xc3\xfd\x85\
\xf7\xbfu\xff\xe7\x8e\x17\xc9+\xecj>\xb5\x9c\xdc\xb1\
\xbd\xc8\x08\xb1\xd5\xb2\xacsIs\xc6$\x96\xf7\xc4\x1b\
\xa5\xdc\xbe&\x88Q\xf6\xa1@\x9e\xfd\xfc'[\x18\x0b\
2E\x16\xce\xa9\xfa\x1dD\xd2\xe5\x0d3\xc4t\xafP\
\xef\xc2B\xa1 L\x97\x1f=\x1eE\x91V\xe4\x1b\x8d\
\x86(\x14\x0a\xd4\xbc\x07\xb3\xdf\xa9\xe3[(\x14\x88Q\
\xe4\xa5\x89\x16\xd2\x11\x1d\xbbv\xed\x82\xe9`\xa4\xd0\xc6\
\x06u\x8e\x95\xf2\xae\xde\xf5\xcdfS\xe7\xe3\x13S\xec\
\xb0\xd1hd\xcf\x15\xdb\x9b?22\xa2\x97q\xe1\xc2\
\x05\x09\x8a\xfe\xfe\xfd\xfb\x95\xbc\xa1\xe4\x10i<\xfc\x99\
1b||<S\xf6\x89\xa9\x81411\xa1\xe4\x18\
a\x15I\xce\xfa\xf5cN?\x82l\x0fh\x00@\x90\
\x9dCf\x01\xaf\xd5j\xacV\xab\xc9\x5cW\x01=:\
11A\xc0(\xa0&X\x86\x81l\x9e\xfd\xfb\xf7\xeb\
q\xbb\xa6\x80\xe38\x99\xa7\x08\x22\x06\xd4\x0b\xfd\xc2\x85\
\x0bL)\xf2\xea\xb3\xb2\xb2\xa2\x8b\x0e\x0e\x0c\x0cH\xe8\
H\xd0\xd7\xd7\xa7\x8d\x03J\x88o6\x9b\xda(\xa0\x84\
*\x10\x18\xc9\xa6GA\x09\x19\x0c\xa2\x09\xac\xfd\xb1a\
\xb9\xff\xa1`\xa1\x16hL\xee0\xcb\x09U \xf8\xe8\
\x09A\x100\xe8_\xad\x14~\xb2iL \x960E\
,\xc3\x82\x1eW\xdb\x9e36l)\x88\x81\xf2\x11\x04\
\x81\x0eg\x5c__\xd7\xc5\x17!g\x12\x04v\xc8a\
$F\xf0\xb6\x15\x01h\x89\xa4\xb6mccC\x1b\x1d\
\xac\x02\x8c\xd9~\xc1>\xa9\xf9\xd5\xf9\x03%+\xef\x01\
1\xdfkc\x86\xda\xae\x8d\x8d\x0df)\x1b0\x8f6\
\x90\xc0\xf6\xf4\xf4\xf4d\xdbF\xba#/\xb2qX\xbf\
\xc9\x03\xa5\x96\x80\x0c\xf3@\x98\xe8\x96\x17*\x18w\xec\
\xe3h\xcf\x7f\xa9\xdf\xdaF\x18+,5;\xa6\x109\
\x02\x8a\x9b\xd9.i\x84\xf0,\xc4U\x1d\x0b\xb5\xcf\xd6\
2\xa4\x15\x1d\x02\xad\xa9\xf44u\xde\x9a\xcd\xa6\xf6D\
\xd9\xcb\x87\xf3b\x8e\xd5E\xc7\xdf\xec\x033\xc7\x9dZ\
\x0a\xa1\xcc/\x03~o\xd6i\xef\xb2\xad$\xc2\xf6\xdb\
\xf3\xc2\xbe\xc29\xd6\xdb\xa8\xc6\xd56\x9b}\x95V\xdd\
\x8e\xfc9\xb0\x8f\xb5\xbd~\xfb\x9cP\xcb\xb3\x98_N\
v\x9c\xad\xfb\x8c\x9a\xe3K\xafp=[]2[\xae\
\xdb\xbe\x17\xedsi\xcfko\x8bu\xfd\x80\x81\xcf\xf6\
\x8c\x12[\x89'\xdd\xf7\x0f\xd9\xe2\xbe\xa7d\x8b\x14\x05\
s-Ju\xaf\xa9{\xc9Z~\xd7\xb5\x9a\xbb^\xb3\
s\x9c$\x89P\xd7\x04\x9c?k\xbb\x89=\x1f\xdcc\
x\xffo\x9ec\x92{\x9e\x82a\x01\x94D\xfb\x5c\xe6\
\xef\x7f\xe3%\xa7f\x9f\x84e\xb0S\x8b\xd2\xcfb\x93\
\xebn_{\xf0\x0e\xb9h\xba\xb5?\xfa\xfe___\
\xb7\xdf+]\xf7\xbfI\xa1\x83\xeb\x01\xeaO\x5cd\x18\
P\xd3\xd7\xd6\xd6\xb2\x82\xb4P\xec\x12\x14\xf8b\xb1\x08\
\xa97\xba\x86\xcd\xca\xca\x8a\x1e\x96\xcbe\x09\xc6wb\
\xf5\xb9\x07\x03\x99z\x0f\xb7\xdbmm\x14\x82\xe7\x1c\xac\
\xbf\xbf\xbf_\xbd\xc7\x88z\x87+\x85\x9fX\xc6&\xc6\
\x98p\x1cG\xd4\xebu\xb2{\xf7n\xaa\x14\xfd\xa5\xa5\
%\xa2\xe4\x04h\xc5\xa7\xe6\xbf\xe3\x8e;\xe4\xdc\xdc\x9c\
\x84:A\xc4\xe4\xef\x8f\x8f\x8f\xcb\xe9\xe9i\x02-\xfa\
\x14\xb6\x87\x1f\x86P\xc8\xcf\x880\xa8\xe8#\xc8\x0e\x01\
\x0d\x00\x08\xb2s\xc9\x0b\xc3\x97\xba_\xbb\x8c\x02\xea\xa5\
<66\xa6\xdb\x0eV\xabU:;;\xab\x86z\xc6\
J\xa5\xc2\xce\x9c9\x93\xfd0\x8ec\xb6\xb0\xb0 \xef\
\xbc\xf3N\x1d9\xb0\xb4\xb4\xa4;\x11\x10#(p\xce\
\xb5`\xb9\xb2\xb2B\x06\x07\x07i\x7f\x7f?UB\x0c\
\x08ij\xa8\x04\x0c\xf0\xd6\xf7\xf6\xf6\xea\x9f\x82\xb1\x00\
\xb6O\xcd\xd7\xd3\xd3\xa3_\xfe\xcdf\x93\x81\x17\x89\x18\
o[\xa9T\x82t\x04i\xc6\x09(\xdd\xa5RI/\
\xc4L\xd3\xc7\xc4\xfc\xde1\xcb\xcf\x8eQ\xa1P\xd0\x82\
U\x10\x04\xba\x9b\x80\xda\x07%d\xa9\xf5\xc3\xffF\x91\
\xcf\x04\x11\x93\xe2p\xd1\xf1\x86N\x04\xc6+\x03\xcba\
\xb6\x07\xce6X\x80\x80h+\x99\xb9i]Q\x11\xb0\
^\xa8Pn\x09\xcd\xd2\x8a\x94 \xf9}\xdcJi\xb1\
1\xcb\x91V\xe1\xb7\xae\xed\x86u\xdaB:xa\xa0\
\x03\x03T\x08\xdfB1'\xf9}\x05\x01X-\x1f~\
g\xedW\xb6\xac-\x8e\x111\x82\xbdR\x0a8\x18\x80\
`\x1brJ\x06\xc9y\x98\xbb\x149\x98\x0e\xfb\xae\x86\
jY ,oq\x1e\xc0\x1b\xc8,\xe3\x91]\xb0M\
\x9a0Zb)\xa8\xc4\x9e\x0fjf\xd8\x85\xef\x94\xc0\
\xad\xb6\xd9\xf2\xe6Q\xeb\x18n\xa5\xdcf\xd7\xa5}\xfe\
me\xd3>\xf69oY\x97A\xa9\xd1hPK\xf9\
\xd0\xcb\x85m\xb4\xceev_\xe4\x947\xbd\xafp\xde\
\xf2\x9e\xe6\xdc5\xd3u\xec\xf3\xeb\xc9_\xcbp~\xa0\
\xc8\x18(\x12p<\xec\xe3g\xce;\xb3=\x9dV\x1d\
\x92l\xbdp\xad\xe4\xa3\x15\xa0B\xb9\xbd\x8c\xdc\xbd\xd4\
\x95VD.VV/R\xf4a;\xd5:\xe1>\x82\
\xe7\xdf\xa5\xae1\xfbz\xcc]wz\xbb\xe1X\xe1\xfd\
\xff\xea9\x83\xf5n\xb1}]\x06\xe1\xbc\xa7\xdd\x9a.\
\xacuw\x19\x93a\xfd\xa0\xa8\xdb\xf7\x09\xec\x93u\xff\
g\xf3\x98\xf9\xf52\xa0\xb0,\x84\xd1Cm\x05\xe3y\
\xd7\xc3]\xbbv\xe9\xf7\x94\xfd~\x83<zK\x89\xdf\
\xdc\x19J\xa5\xa9\xcdCL\xcb<\xfd.\xb4\xa2a\x94\
\xe2.\xd5{u\xab\xfb\x1eB\xf2\xc9f\xb8\xbe<s\
\xe6\x8c\x1c\x1c\x1c$\xe0\xbd\xbfp\xe1\x02\x19\x1a\x1a\xa2\
+++\xa2R\xa9\x90\x9bn\xbaI\x9a\xeeB\x12\x94\
|\xf5\xdb\xf9\xf9y\xed\xb5Wr\x81Z\x06,\xdf\xe4\
\xec\xdb\xc7[+\xfbJ\xce0\xf2\x86\x84\x9aF\xe6#\
\xa1\xee\x91\x05*\xfc\x08\xb2CA\x03\x00\x82\x5c\x03\x18\
\x81\xd3\xee\x83\x0bJ:\xb1\xc3\xea }\x00\xba\x0d\x10\
\xab\xe3\xc0\xf4\xf44Q/z\x88\x180u\x05\xc8\xc1\
\x83\x07\xe9\xa9S\xa7\xc8G>\xf2\x11\xf2\x83\x1f\xfc\x80\
Bx\x9f\xe2\xa6\x9bn\xa2\xaf\xbc\xf2\x8a\x1e\x1f\x1e\x1e\
\xa6\xf3\xf3\xf3tii\x89\xdcy\xe7\x9dD\x0d\x07\x06\
\x06\xd8\xf2\xf2\xb2\x16|`=+++Yj\x00\x14\
)\x5c]]\xcd\x14\x18;\xba\x00\xd2\x10\xd6\xd7\xd7\xa1\
\xa8\x90\x5c]]\xd5F\x07\xdb\xa8\x00y\x899\xe5]\
\x1b\x19\xc0\xe3e\xa7\x14\xc2\xf7\xb6\x90\xa7\x84-\xf5=\
\x08b\xdd)\x88\x17\x87\x22\xda5\x12l\xa0\xd3\x81\x8d\
\xe9|`/\x93\xd9\x82\x5c\xa1PP\x8aW\xf6?\x08\
\x8f\xf6\xfc\xb0_\x10\xca\xf9\xff\xb1w\x7f;R#g\
\xc3\xc0\xed&\x89\x10\xff!\x93\x00#H\x22D4\x07\
H\x9c\xcc\x11g\xb9\x09\xb8\x9f\xdcN\xb8\x09\xce8G\
\xe2`\xa5\x11\xd2J\xbb\xc3\x0e\xb0\xb0#\xd8\xd5.\x0b\
\xdd\x9f\x1e\xe3\xa7y\xba\xc63\xf9\x927y\xdfd\xfd\
\xfbI\xa3\xeeq\xdb\xe5\xaar\xb9]~\x5cv\x17y\
\xcb@\x1f\x9d\xc9x\x1d\x97]\xd4\xa1\xa69s\xed\x88\
\xe6zr\x9d]\xe9\xc0\xe6\xbc\xd1I\x8c\xd73g\xce\
\xac\xb2lyE*\xb6m\xe4%\xcb\x97e\xcd\xbc\xe7\
\xf4\xc8\xd7\xabW\xaf\xfa\x92\xef\x8d\x93\x95\x9c\xaf\xe4\xa7\
\xaf'R\xa5\xdcu\xf8\xec\xfa\xe4|\xcc\xdb\xc6\x15\xc7\
\x92\xa7uZ\xb9\x5c\x96\xa5\xb6\x83\x89z\xadu}\xd2\
\xd5\xe1\x8d\xed\x1c\xebx\xf5\xea\xd5\xf0\x8c\x8clS\xb5\
\x9e\xba\x12\xac\xca\x93\x83\xb2!\xd7\xe5\xca\xfc\x8f\xaf\xc3\
\xfa\xda6z\xdcIEm\xaf\xf9\x80\xcf\x1c\xfa\xdb\xb6\
\xd3\xf8,\xaf(F\xbdd\x9d\xd7\xfa\x1b\xff_\xd5\xf5\
D\xdauDO\xa6\x95\xeb)\xe9o\xa4U\xeatx\
\x86\xc8\x95+W\x86r4\xdb2\xe7\xcd\xb4\xa2m\xaf\
\xef\xa9\xae\xf9\xcb\xf6\xd6\x1d\xdd\xff\x8f\xec+\xc7\xec\xff\
\xeb}\xae\xd6m\xfd\xbc\xfd\x1e\x98j\x93\xb9L\xee\x1b\
u\xd9<\x91;\xae\xfd\xd4\xfd0\xe7\xb7\xffO\xee\xff\
]{+\xcdX\xee\xe5\xf7\xdf\x7f_\x037\xab\xa6\xfd\
\xd6}\xb5\xfd\xbeX\xef\x0fY\x7f\xb9\x1d\xf2\x0a\xfaq\
\xc7\x80\xf6; \x83\xd8\x07\x07\x07C@\xfb\xcc\x993\
\xc3\xfc\x07\x07\x07\xab8\x0e\xc5_\x1c\xc3\xf2\xa4}\xbc\
\x22\xbfN\xab\x1e\x1b\xc6\x91u]\xbe\xc6\x09\xfd\xb9s\
\xe7\x16\xbf\xf9\xcdo>\xc614\xe6}\xf3\xe6\xcd0\
\xcc\xfe\xf5\xeb\xd7\xc3\xb0\xfa\xd8\x1e\xb5\xbd\x9e:uj\
\xb9\xb5\xb55\x9c\xd4G\x1evww\xd7\xb7\xb3\xc4\xff\
\xb1\xec\xde\xde^\x7f\xf3\xe6\xcd\xee\xf1\xe3\xc7\xc3\xff\x99\
\x99|8_\xfb3|\xb1\x9e\xae\x91\xc3\xf9\xf36\xc5\
\xfa[\xfc\xa5\x91\xae\x87\xf5\x1f\xf9\x10\xf8\x8f#\x00\x00\
\xff\x85J'f\xfcw\xe3~\xe8\xaeF\xe23(0\
\xfe\x0a\xc1\xaa>c G\x0c\xfc\xe5/\x7f\x19\xfe\xaf\
\xc1\x81\xd3\xa7O\x0fW\x00\xa2\x83\x90W\xed\xfe\xf0\x87\
?\x0c\xf7\xfe\x8fW\x0b\xba\xec`\xdc\xbbwo\x1d(\
\xe8\xc6`\xc1\xf3\xe7\xcf\xbb\xfc9\xc3V\x1di\x90>\
~\xfc\xb8\x88\x0eM\x0d&\xc4\xc9\xc3\xb7\xdf~\xdb\xd7\
rG\x07\xe3\xe2\xc5\x8b\xc3\xed\x0b\xd1Q\x8a\xe9\x97.\
]\x1a\x86W\xe6\xcf$Fg*^\xe3\xb3\x1b7n\
\xf4o\xdf\xbe\x1d:%\xe7\xcf\x9f\x1f\xa6\xbd{\xf7n\
\xe8l\x8dCC\x87\x00D\xa9\xd7\xfe\xe2\xc5\x8b\xcbv\
\x9d\x87\x87\x87\xc3\xb2\xd1a\xeb>=3a\x9d\xf7L\
w\xac\xc3\xae\xbdb\x97\xc1\x8c\xba\xed\xba\xe6\x84%;\
\x8bg\xce\x9cY\xfc\xf0\xc3\x0f\xcb\xf1\x97\x18\xbaL\xe7\
\xec\xd9\xb39bb\x95W2c\xda\xaf~\xf5\xab\x8f\
_\x7f\xfd\xf5\xe2\xfc\xf9\xf3C\xc7\xf3\xdc\xb9s\xfd\xb8\
l\xdfvHk\xe7:?\x1b\xef\x07\x1d\xee}}\xf7\
\xee]\x97\x0fm\xca\xf9#Ou\x9ev[\xd6 L\
\xbd\xa7\xbby`\xe4\x90\xff(W{\x0f|\xe4u\xac\
\xcf\x8d\xf5\xd5:\x89v\x19\xf9\x8a4\xbe\xf9\xe6\x9b!\
\x8f\xd9\xb1\xce\xe5r\x1d\xd1\x86\x0e\x0f\x0f\x87\x93\x85H\
;\xdaUy\x9avt\xda\x87[X\xbaO?e\xb5\
.C\xab\xd6O\xad\xb7\xb1\x0d\x0c\xd3\xf3\x0a]\xbc\x1e\
\x1e\x1e\x9e\xaaA\x9f\x987\xdaQ\xe4e\x5cw\xde\xfb\
\xddO\xad7\xe7\xcd\xfa|\xf7\xee]\x94y\xd95'\
C\xb9l.\x1f\xd3#\xfd\xbc\xa2\xb7\xbf\xbf\xdf\x8fm\
\xa1\xcfrd~s\x99\xba\x8d\xf3\xffl_c\x99\x17\
\xed\x09Zn\x9b\xac\xf3\x5c.\xd6s\xed\xda\xb5\x8d\xb2\
\x8c\xf9\xef\xdav\x9e\xf5XF\x0b\x1d\xd9\x1fr\xfb\xb7\
m\xa1\xce\x93y\xcdu\xe4\xfa\xb2\xde\x22\xef\xb9\xbf]\
\xbbv\xad\x1f\xf7\x99\xba\x0f-\xcf\x9e=;\xb4\x8b&\
\xc08\xec\xff\x17.\x5cXo\xc7\xe5r\xd9\xe7}\xd3\
\xdd\xa7}\xbd\xcb2d\x99\x9a\xba\xeb\xdb{\xfasD\
T\x99\xde\xb7'\xef\xf6\xffO\xf5V\xdb\xea\xf8\xfd\xbc\
\xde\xff\xc7_\xba\x19\xe6\xc9\xef\xdcq\xde\xd5\xb8_v\
\xf5\xbb\xfa\xf2\xe5\xcb\xcb\xd8\xff\xf3{\xbe~\xdf\x8f\xeb\
\xcam\xb9q\x0c\xcd\xb4\xc6\xfa\xd98\xa1\x8d\xf9._\
\xbe\xbc\x8a\xe3\xcd\x95+W\xe2u\x15\xc7\xa9W\xaf^\
-\xeaU\xf9n<\x99\x8ec\xd9\xa5K\x97\xfa8\x99\
\xcf\xfa\xcf\x93\xeczB\x7f\xfd\xfa\xf5\xd5\xf3\xe7\xcf\xfb\
\x97/_\xae\xc6_\xfb\xe9\xb6\xb7\xb7\xf3j\xff*\xdb\
\xe2\xf5\xeb\xd7\x87\x93\xfc8\x1e\xc7\xb1\xf7\xf4\xe9\xd3\xcb\
8\xc6\x8d\x0f\xe1\xeb\xf6\xf6\xf6\xba\xdd\xdd\xdde^\xbd\
\xbfs\xe7\xce\xf0\x93|\x8f\x1e=\xeawww\xbb|\
\x12\x7f\xf7\xf9\xf8\xbf\xfe\xdd\xfd\xa7O\x9f\xf6y\xb2\xdf\
\x8d\xc3\xf8\xe3o\x1c\xc6\xbf1bb\xdc~\xed\x15\x7f\
\xe0\xbf\x84=\x17~y\xfa\xe6a;y\xf6\xd0e\xcf\
\xf4\xaf\x7f\xfdk\x06\x05\x86\xf9\xee\xdf\xbf\xdf\x1e\xf8\xd7\
\xb7\x15\x8c\x9f\x0f\xbfL\x90#\x08\xa23\x96\x1d\x8an\
|0\xe1\xd8\xb9\x88i\xd1\x01[\xfc\xf9\xcf\x7f>2\
\xa2 }\xf8\xf0\xa1\xbf}\xfb\xf6j\x0c$\xc4<\xf1\
\xbe\xbfw\xef^\xf7\xfc\xf9\xf3\xe1\xfd\xf6\xf6\xf6\x90\xc7\
\xfd\xfd\xfd8\x89_E\xe7'\xde\xc7z2\xb8p\xea\
\xd4\xa9U\xfe\x12Bt\x92\x0e\x0e\x0e\xfa\xbbw\xef\x0e\
\x1d\xa9\xdf\xff\xfe\xf7\xdd\x8b\x17/j\xd0`qxx\
8t\xd0^\xbe|\xd9\xed\xec\xec\xf4\xdf}\xf7\xddp\
\x05%\x96[W\xde\xd81\xcd\xab\xa9\x19\x8c\x88\xf4c\
=\xd1\xd9\xdb\xdb\xdb\x1b\x1er\x14\xe5\x88\xcfc\xda\xeb\
\xd7\xaf\x87yb\xb9\x17/^\x0c'\xa09=:\x80\
\xd1Q|\xfd\xfa\xf5P\xeex\x9f\xbf\xde\xf0\xe6\xcd\x9b\
a\xbe\xees\xe7rx\x1f\xf3t\x9f\x82\x1b\xd1a]\
\xc6\xfc\xd1q\x8c\xb4k^\x97\xcb\xe5bkkk\x19\
\xeb\xe9J\xd0\xa4\x9e\x5cD\x9a\x99F{\xc2\x95y\xcb\
\xbc\xa6\xbc\xed\xa3\x96#\xd3\xaeO\x81\xce2G=\xc4\
<[[[\xab\xfcE\x8a\xb6\xb3\x1fe\xcd4c\xde\
\xdb\xb7oo\x04xr\xde\x5c\xff\xad[\xb7\x86\x8e\xf3\
o\x7f\xfb\xdba\xd8j\xacc\xdc6C\xe7wgg\
g\xf9\xc5\x17_\xf4\xb1\xce\x0f\x1f>\x9c\xca\x0ey\xa6\
\x95\xdb>\xca\xd8}:YXf\xde\xb2\xae\x22\x9d[\
\xb7nm\xd4y\x15\xe5\x8b\x93\x88ze+\xeb)\xf3\
W\xf2\x1cmaU\xd3\xef>u\xf4\x87uF\xbe\xf3\
D!\xeb\xbd\xcdk\xdd\x0e\xf1>\xf2;\x95\xaf\x94W\
\x06\xb3\x8c\xedv\xca\xf2f9bZ\xbcF\x9b\xc8t\
\xebv\xaa\xe9f\xdbo\xd5v]\xcb_\xd7\x13e\x8d\
<\xe4k{u5\xa6G\x1aYg\xb9o\xd4i\xb5\
<\xd9~\xa2\xcd\xd4vZ\xeb.\xd3\x88\xf5E\xf9\x22\
oy\xbf\xf3\x85\x0b\x17\x16\xb1\xfd3\x9d\xd8v\xf1\x7f\
\x94\xa1\xb6\xc1\xac\x9f\xc8_\xddv\xd9\x86#\xddg\xcf\
\x9e\xadvvv\x86\xef\x9e\x5cW\xd4\xa5\xfd\xff_\xbf\
\xffG\xde\xea\x09s\xd6C\xec\xf7w\xee\xdcY\xc6I\
k\xfc\x1f\xfb\x7fl\xb3\xba\xafd\xfer\xdf\xc8\xef\xff\
\x14\xc7\x88X~gg'\xcb<\xb9\xffg:\xe58\
\xd3\x8d'\xd7\x8b\x1cR\x1fm\xe1\xe0\xe0`\xb5\xbd\xbd\
\xbd^6N\xd6C\x1c\xaf\xc2\x1f\xff\xf8\xc7\xd5\x97_\
~9\xa4q\xf5\xea\xd5h;\xeb\xfc\xc4\xb1\xe4\xe2\xc5\
\x8b\x1f\x7f\xf7\xbb\xdf-\xe2\xa4<\xea\xa6+\xb7\xa2d\
@>\x8e\xaf\xb9L\x1cw\xf3^\xfc\x0c\xe2g]\xc5\
\xf6\x88t\xf28\x9e\xc1\xff<\xd9\xef>\x1f\xffW\xf9\
\x10\xe2\xb2\x0d:\xc3\xf9\xe1\x97M\x00\x00\xe6%;f\
\x9f\xfei\x86\xf3\x95\x03\xfe\xe7\xa1\x05c\xef\xed\xc1\x83\
\x07\x8b\xf2d\xdf\xf5\x8c\xe5\xa7\x0b7\x02\x05\xa9\x04\x0c\
\xd6\x9d\x94G\x8f\x1e\x0d\xcb\x8fA\x83\xf5k\xf7i\xb8\
a\xde\xc6\x90\xc3\x13\xd7\xaf\xb7o\xdf^\xaf7N\xdc\
\xa23\x1d\x1d\xa7\xf1\xde\xc5!\xdf9\xcc1>\xff\xd3\
\x9f\xfe4\xdc\x82\x10\xefc\xda\xcd\x9b7\x87\x00C7\
\xfe\xa6s\x1d\xbd\x10\xcbE\xben\xdc\xb8\xd1\xe5\xe7\xd7\
\xaf_\xef\xf3JK[\x91_}\xf5Uw\xef\xde\xbd\
\xe1\xfd\xe3\xc7\x8f\x87\xf7\xd9\xb9\x8b\xcf\xb6\xb7\xb7\xfb|\
\x98\xd2\xfb\xf7\xef\xd7\x9d\xf6\xe8\x14\xfe\xfc\xf3\xcf\xc3\xb0\
\xcd\x1c!q\xf5\xea\xd5\xe1\xe9\xdd\xd9Q\xac\xf3\xe6\xb4\
\xfd\xfd\xfdH\xb3\xcb H\xd4Wt\x22\xa3\xf3\xd9\xe6\
mkk\xab\x7f\xf2\xe4\xc9\x90n|\x1e\xcb\xdc\xbd{\
7\xa6-#_5\x0f\xfb\xfb\xfb\xab\xcck\xa4\x17\xd3\
\x9f<y2\xbc\xcf\xdfs\xaeW\x9e\x9e={\xb6\xc8\
u\xe6\xf0\xd3\xf6}\xe6\xb5\xfb4\xb2\xe3H\xc7\xb8\x15\
y\xb8z\xf5\xea\xe2\xd7\xbf\xfe\xf5\xb2>\xb42?\xcf\
\xff\xb3>\xa2#\xfd\xfe\xfd\xfb\xe19\x17\x91n\xae#\
\xea%^\xaf\x5c\xb9\xb2\xc8\xbc\xe4\xf2Q\x8e\x1f\x7f\xfc\
q\xf1\xe6\xcd\x9be\x9d\xde\x8d\xbf[\x9d\xc1\xacx\x9f\
e\xcft\xc6m\xda\xb7\xf5\x1de>{\xf6\xec2\xb6\
{\x9dV\xb7e\xe6\xbd\xad\x9f\x5cG\x06\xcen\xdc\xb8\
\xb1\xcc\x87tNm\xd3\xc8C|\x1e\x9fE\xf9\x1f?\
~\xbc\xd8\xde\xde^eZQ\xbe\xdaVb{G>\
\xa2\x8e\xe2\xb3\xc8\x7f\xdd&y\x95\xb1\xfb4JfX\
_\xd6g\xa6\x91y\x8b\xf5\x5c\xbe|yq\xfa\xf4\xe9\
e\xac#\xb7o\xa6S\xd7\x93'\x7fY\xde\xac\xfb\xdc\
n\xf1Y\xd4W\x9d>\xd5\x8e2\xf0\x97e\xaeu1\
n\xef\xe1\x0ai\xd6o\xd6C\xde\xdf\x9c\xf9\x886\x13\
e\xcf\xfd,\xd7\x93\xdb4\xea)\xd2\x8au\xd5}*\
\xf7\x87\xae\x9c\xc05m\xb6k\x03\xa0\x91\xde\x98\x97\xa1\
=\xb7y\xe9\xec\xff\x93\xda\xfd\xbf\xb6\xf9\xae\x9c\xc8\xc7\
\xf7w~W\xff\xf4\xd3O}|\xef\xc6\xf7\xf5\x18\x1c\
^e\x009\xbe\xb7\xe35\x8e\x0d\xf9\xfd\x9b\xdf\x19\x91\
\x97|\xc0]\xfe\x8aN\xde\x07\x9f\xef\xf3\x8az\x1e[\
\xe2d<\x8f'\xb1l\xa6\x1b\xaf\xb1\xff?}\xfa\xb4\
\x1f\xe7\x89y\xfb\x1c^_\xe5P\xfbr\xac\x1b\xae\xd0\
\x97\xffW\xf9\xd3\xbf9\x0a#\xe5\x89|{R__\
\xf3\x01|\xf5\xaf\x0e\xd9\xaf'\xf3'\x1c\xff\x8f\xbd\xfd\
\x09\xf8e\x11\x00\x00Z}\xe9\x14\xac\x9a\xfb9\xd7\xb7\
\x1e\x8cW\x13\xea\x10\xc1\xae\x8e,\xa8\x7f\xf9L\x82\x87\
\x0f\x1fn\x0c#\xcc\xe0A7\xf1\xac\x82\xfa\x9a\xeb\xbe\
\x7f\xff\xfe\xc6U\xc9v\xde\xb7o\xdf\xf6\xe3\x10\xc7u\
\x80\xa1\x1b;\xe8\xdd\x18\x5c\x88\x8e\xd9\xf8\x80\xa3\x8d\xc0\
C,S\xa7\xe7r\xf5A\x8a\xd9\xa9\xcb\x87*vc\
\xa0\x22\xe5\xf4\xf1g\x91\xfa:_>\xf1::\x89\xc7\
\xa5Qo\xb7\xa8\x0fo\xac\x9f\x97\xbc\xacGm\xd4e\
\xdat\xea\xba\xeb\xff\xf9 \xb6\xbd\xbd\xbd\xa1\xf3X\x03\
,\xe5i\xcf]vhk^O\xaa\x8b\xa9\xff\x9be\
\x86\x0ef\xa6[\xebe|\x1e\xc5\xaa\x96\xbb._\xf3\
\x94\xf5\xd8\x9aZ\xffX\xce\xd5D^\x8e\xd4\xf9D\x1a\
\xeb\x0eq\x9d^\xb7K\xad\xa3\xb6\x0e\xca\xbc\xablK\
u[\x96\xb2\xf4\xb9\x1d\x8e\xd3\xd6K\xdd\x8e\x99\xff\xb6\
\x0e\xeb\xf6\xae\xf5\xd7n\xe76\xed\x93\x1c\xb7\x9e\xb6\xde\
\xb3\x8d\xb6\xf5;\xda\xf8l\xaa\x0c\xedvn\xdbu\xa6\
\xdfn\xe7v\xfe\x9c\x96\xcf;\xa9\xcb\x94<m\xa4\xd5\
\x94c\xa3\xcd\xe5\xe7%\xed~L\xbf;\xae\x1d\xd9\xff\
\xff\xe7\xfb\x7f\xbd-\xad\xfc\xf4\xdcF?\xb6\xbdB\x1e\
\xdf\xe5\xe3\xf3nVS\x01\xe7\xfc|L{=\xad\xa6\
1Z\xd5\x11p\xdd\xe7@\xf6\xaa\x06\xbc\xdb'\xe3\x97\
\xe3\xdajbT\xddj\xfc\x89\xbca\xdax\x95\xbek\
\xac\xdbWy\xc2\xfe\xea\xef\xdc\x87\xdf\xb5\xc7\xf0\xe6\xde\
|'\xf90s\x02\x00\xc0?\xa3\x1f\x07\x08\xac\x7f\xa2\
\xb0\xdej\xb0\x9ei\xe2!\x859\x04\xb1\xde\x920&\
\xb1\xbe=\xa1t\x82VMz}\x0d,t\xe5\x81\x87\
c'\xb6\xcf+\x22\xdd8*\xa1kF)Ty\xe5\
\xa4>4\xb1\xaai\xa5\xe8\xd0\xd5\x07%\x8di\xae\x97\
\x1f\x03\x12\xab\xf6\xf9\x0a)\x87V7\x01\x8e::b\
x\xdd\xdd\xdd\xad\x1d\xcd#\x9f\xd7e\x22\xcd\x87\x0f\x1f\
\xf6\xe3S\x9a\xfb\xb6C\xda\xe6\xa1\x9d6\x95\x97vX\
i\xa4\xdb~\x96\x9d\xddg\xcf\x9e-j^k\xdeN\
\x9a6\xb5\x9e\xb6n\xf2w\xa5\xb3\x5c%/\xf5j\xd5\
Fp\xe8\xff\xa7\xcc\xb9\xbe\xa9\xbc7\xdb2\x9f~}\
$\x00U\xd2^\xe7!\xeb\xa9}_O\x04\xa2m\xd4\
2Mm\x8fv\x1b\xd7\xe9Su^\xf3\x98\xeb\xed\x9a\
'w\xb7\xc1\xb3Z\xc6ho\xb7n\xddZ\xd6\xfa\x9f\
\xcac\xddFS\xe5=\xae\xed\x95m\xbaQWS\xf5\
T\xca\xbf\xaa\xfb\xdfT}\xd5\x13\xb2\xa9uv\x13\xfb\
V\xad\xdb\x93nu\x98j\x9b\xdd\xd1a\xd6Sm\xc6\
\xfe\xff\xaf\xdf\xff\xbb\xb2\xdf\x1c\xd9V\xd9N\xeaU\xf2\
j\xea\xbb<\xbe\xfb\x1f=z\xb4\xc8\xed9u|h\
\x87\xcf\xb7\xf7\xc9w\xe5\xc4<\x8f\x81S\xefKp|\
=\xe4\xbe=a\xaf\xf3d\xdaS#\xf4\xca1\xd5I\
<\xf0O\x11\x00\x00\xfe7\xb5W\x1e\xd6\xdfA\xed\x95\
\x8b\xa9\xab\x18\xed\x88\x84\xbe\xb9I\xb1\xedXm\xac\xf8\
\x98\xa7\x17g\xa7+\x96\x1b\x83\x0f\x1b\x0fJ,i\xd7\
+0\xeb\x91\x0f\x13\x9d\xb6u\x19k:\xf5\xcaN\xfb\
[\xc9\x99\xdex5h9q\xc5'\xebhX_\xf9\
m\xe5#\x01\x91\xa9\xe5\x8e+\xc7XW}\x8e\xd2\x98\
\x1aF:\xb5l-w\x9b\xce1\xc3P\xfb\x1a\xb0\xc9\
\xa0\xcb\xdf\xfe\xf6\xb7e\xfb<\x8a\xa92\xe43*\x8e\
K\xbbk:\xd9\xffH\x1d\x9cT\xce\xb6N\xa7\xd6[\
\xd3\x99\x08`\x9d\xb8\xed\xb3\x1e\xc7\xc0U^\x0d\x5c\x97\
\xb3}^G\x9b\xef\x9af]\xb6]\xcfq\xed\xa3\xad\
\xb3v\xfe\xa9\xf6\xfe\xe0\xc1\x83E\xae\xa7\xec3G\xe6\
/\xedi\xd8gs\xdaT\x1e\xdb\xf5\xb6\xf3\xd5\xf6V\
O\xc0\xdaz\xae\xedd\xaa=L\xb5\x85VmoS\
\xf5\xd2\xd6\xc7q\xed\xf7\xb8\xed\xden\x9b\xce\xfe\xffw\
\xf7\xffv\x1f\xcb\xf4\xa6\xf6\xff\xda&\xbb6\x82<\xca\
`t=V4\xf5Z\x87\xcd\xd7\x13\xfa<\x86l\xac\
w\xdc\x14\xf5\xfd\xaa=\xb6\xd5uw\x9f\x8fw\xab\x89\
~\xb8\x93z\xe0\xdfN\x00\x00\xf8%\xe9\xcb\x95\x97\xf6\
~\xc6\xfa}7\xf5Y\xbd\xea\xd2\x97\xa1\x93\xc7\xde3\
\xb9^i\xe9\x186OJ\xde\x08b\xb4#$\xdai\
\xedC\x97\xda'S7yo\x03&G\xcay\xd2\xbd\
\x9em\xda\x13\xc3G\xdb\xf2\x1f\xa9\x8fv\xf9\xae\xe9\xec\
\xfe#\xd3\x9b{T\xeb\x83+W\xed\x83-'\xea\xa7\
\xce\xdf\xb5\xe5o\xcb8U'S\xf3d2S\xed`\
*\xfd\xaey\xf0f7\x11\xd8:a\xfbm\xdc\xab[\
\x96\x9b:I\x98*\xe7\x91t'\x1e\x02z\xe4d\xa4\
N?f}GNp\x8e[\xbe\xd9\x16S\xed}\xb2\
\x0c\x13yZ\xa7\x91\x93\xc7t\xbb\xd2\x166\x02\x80'\
\x05\x10\xeb\x89V[\xde\xe3\x96\xb7\xff\xffr\xf6\xff\xdc\
\x15\xdb,\x1fs\xb2=u\xec8i~\x00\x00\x00\x00\
\x80\xff<\x8b\xff\xeb\x0c\x00\x00\x00\x00\xff~\x02\x00\x00\
\x00\x000\x03\x02\x00\x00\x00\x000\x03\x02\x00\x00\x00\x00\
0\x03\x02\x00\x00\x00\x000\x03\x02\x00\x00\x00\x000\x03\
\x02\x00\x00\x00\x000\x03\x02\x00\x00\x00\x000\x03\x02\x00\
\x00\x00\x000\x03\x02\x00\x00\x00\x000\x03\x02\x00\x00\x00\
\x000\x03\x02\x00\x00\x00\x000\x03\x02\x00\x00\x00\x000\
\x03\x02\x00\x00\x00\x000\x03\x02\x00\x00\x00\x000\x03\x02\
\x00\x00\x00\x000\x03\x02\x00\x00\x00\x000\x03\x02\x00\x00\
\x00\x000\x03\x02\x00\x00\x00\x000\x03\x02\x00\x00\x00\x00\
0\x03\x02\x00\x00\x00\x000\x03\x02\x00\x00\x00\x000\x03\
\x02\x00\x00\x00\x000\x03\x02\x00\x00\x00\x000\x03\x02\x00\
\x00\x00\x000\x03\x02\x00\x00\x00\x000\x03\x02\x00\x00\x00\
\x000\x03\x02\x00\x00\x00\x000\x03\x02\x00\x00\x00\x000\
\x03\x02\x00\x00\x00\x000\x03\x02\x00\x00\x00\x000\x03\x02\
\x00\x00\x00\x000\x03\x02\x00\x00\x00\x000\x03\x02\x00\x00\
\x00\x000\x03\x02\x00\x00\x00\x000\x03\x02\x00\x00\x00\x00\
0\x03\x02\x00\x00\x00\x000\x03\x02\x00\x00\x00\x000\x03\
\x02\x00\x00\x00\x000\x03\x02\x00\x00\x00\x000\x03\x02\x00\
\x00\x00\x000\x03\x02\x00\x00\x00\x000\x03\x02\x00\x00\x00\
\x000\x03\x02\x00\x00\x00\x000\x03\x02\x00\x00\x00\x000\
\x03\x02\x00\x00\x00\x000\x03\x02\x00\x00\x00\x000\x03\x02\
\x00\x00\x00\x000\x03\x02\x00\x00\x00\x000\x03\x02\x00\x00\
\x00\x000\x03\x02\x00\x00\x00\x000\x03\x02\x00\x00\x00\x00\
0\x03\x02\x00\x00\x00\x000\x03\x02\x00\x00\x00\x000\x03\
\x02\x00\x00\x00\x000\x03\x02\x00\x00\x00\x000\x03\x02\x00\
\x00\x00\x000\x03\x02\x00\x00\x00\x000\x03\x02\x00\x00\x00\
\x000\x03\x02\x00\x00\x00\x000\x03\x02\x00\x00\x00\x000\
\x03\x02\x00\x00\x00\x000\x03\x02\x00\x00\x00\x000\x03\x02\
\x00\x00\x00\x000\x03\x02\x00\x00\x00\x000\x03\x02\x00\x00\
\x00\x000\x03\x02\x00\x00\x00\x000\x03\x02\x00\x00\x00\x00\
0\x03\x02\x00\x00\x00\x000\x03\x02\x00\x00\x00\x000\x03\
\x02\x00\x00\x00\x000\x03\x02\x00\x00\x00\x000\x03\x02\x00\
\x00\x00\x000\x03\x02\x00\x00\x00\x000\x03\x02\x00\x00\x00\
\x000\x03\x02\x00\x00\x00\x000\x03\x02\x00\x00\x00\x000\
\x03\x02\x00\x00\x00\x000\x03\x02\x00\x00\x00\x000\x03\x02\
\x00\x00\x00\x000\x03\xff/\x00\x00\xff\xff@b\x22\x19\
J\xa1)\x0d\x00\x00\x00\x00IEND\xaeB`\x82\
\
\x00\x00\x0b\xeb\
\x89\
PNG\x0d\x0a\x1a\x0a\x00\x00\x00\x0dIHDR\x00\
\x00\x00 \x00\x00\x00 \x08\x06\x00\x00\x00szz\xf4\
\x00\x00\x01\x82iCCPICC Prof\
ile\x00\x00x\x9c}\x91=H\xc3@\x1c\xc5_\
\xd3\x16EZ\x1c\xec \xe2\x90\xa1:\xd9EE\x1ck\
\x15\x8aP!\xd4\x0a\xad:\x98\x5c\xfa\x05M\x1a\x92\x14\
\x17G\xc1\xb5\xe0\xe0\xc7b\xd5\xc1\xc5YW\x07WA\
\x10\xfc\x00q\x17\x9c\x14]\xa4\xc4\xff%\x85\x161\x1e\
\x1c\xf7\xe3\xdd\xbd\xc7\xdd;@h\xd5\x98f\x85\x92\x80\
\xa6\xdbf6\x9d\x12\xf3\x85U\xb1\xef\x15!D\x11\x06\
\x90\x90\x99e\xccIR\x06\xbe\xe3\xeb\x1e\x01\xbe\xde%\
x\x96\xff\xb9?GT-Z\x0c\x08\x88\xc4If\x98\
6\xf1\x06\xf1\xcc\xa6mp\xde'\x8e\xb1\x8a\xac\x12\x9f\
\x13O\x98tA\xe2G\xae+\x1e\xbfq.\xbb,\xf0\
\xcc\x98\x99\xcb\xce\x13\xc7\x88\xc5r\x0f+=\xcc*\xa6\
F<M\x1cW5\x9d\xf2\x85\xbc\xc7*\xe7-\xceZ\
\xad\xc1:\xf7\xe4/\x8c\x14\xf5\x95e\xae\xd3\x1cE\x1a\
\x8bX\x82\x04\x11\x0a\x1a\xa8\xa2\x06\x1b\x09ZuR,\
di?\xe5\xe3\x1fq\xfd\x12\xb9\x14rU\xc1\xc8\xb1\
\x80:4\xc8\xae\x1f\xfc\x0f~wk\x95\xa6&\xbd\xa4\
H\x0a\x08\xbf8\xce\xc7\x18\xd0\xb7\x0b\xb4\x9b\x8e\xf3}\
\xec8\xed\x13 \xf8\x0c\x5c\xe9]\x7f\xbd\x05\xcc~\x92\
\xde\xecj\xf1#`p\x1b\xb8\xb8\xeej\xca\x1ep\xb9\
\x03\x0c?\x19\xb2)\xbbR\x90\xa6P*\x01\xefg\xf4\
M\x05`\xe8\x16\x18X\xf3z\xeb\xec\xe3\xf4\x01\xc8Q\
W\x99\x1b\xe0\xe0\x10\x18/S\xf6\xba\xcf\xbb\xfb{{\
\xfb\xf7L\xa7\xbf\x1fGkr\x95\xab\xa6F\xde\x00\x00\
\x00\xceeXIfII*\x00\x08\x00\x00\x00\x0a\x00\
\x00\x01\x04\x00\x01\x00\x00\x000\x00\x00\x00\x01\x01\x04\x00\
\x01\x00\x00\x000\x00\x00\x00\x02\x01\x03\x00\x03\x00\x00\x00\
\x86\x00\x00\x00\x12\x01\x03\x00\x01\x00\x00\x00\x01\x00\x00\x00\
\x1a\x01\x05\x00\x01\x00\x00\x00\x8c\x00\x00\x00\x1b\x01\x05\x00\
\x01\x00\x00\x00\x94\x00\x00\x00(\x01\x03\x00\x01\x00\x00\x00\
\x02\x00\x00\x001\x01\x02\x00\x0b\x00\x00\x00\x9c\x00\x00\x00\
2\x01\x02\x00\x14\x00\x00\x00\xa8\x00\x00\x00i\x87\x04\x00\
\x01\x00\x00\x00\xbc\x00\x00\x00\x00\x00\x00\x00\x08\x00\x08\x00\
\x08\x00H\x00\x00\x00\x01\x00\x00\x00H\x00\x00\x00\x01\x00\
\x00\x00GIMP 3.0.0\x00\x0020\
25:04:12 23:02:2\
6\x00\x01\x00\x01\xa0\x03\x00\x01\x00\x00\x00\x01\x00\x00\x00\
\x00\x00\x00\x00\xe1`\xb8\x11\x00\x00\x09JIDAT\
x\x9c\x95\x97m\x94\x9d\xd3\x15\xc7\x7f\xfb\x9cs\x9f;\
w\xeeLF\x22\xa1H\x0c\xc9J\x90\x08IDt!\
\x19\xf1\xd6\xb4\xa8\xb7\x8e\xe55\xd1VW-\x8b\xb5\x94\
jQBZ\x96~P\xacby\x89.UEL\x88\
DP\x15$\x82\xb4*(1\xb1\x22\xc2\xc4\x98\xf12\
\x93\x99\xc8\xbc\xde\xe7y\xce\xd9\xfd\xf0\xdcI&/\xb4\
\xdd_\xee}\xee=g\xef\xfd\xec\xf3\xdf\xff\xf3\xdf\xc2\
7\x9b\xdcp\x032o\x1e\x01\xe0\x9c3f\x8c5\xc1\
\x1f\x19\xacLG9L\x90Z`(\x08\xa8v\x826\
\xa9\xe1m\xe3\xf5\xd5`\xec\xaa\xc7\x16\xad\x5c\x0fp\xc3\
\x0d\x98y\xf3P@w\x19dW?\x967\x05\x80s\
O\x9d1Q\x8d^.\x22'8gF\x81\x12\x82\xa2\
\xaah\xd9\xa5\x08\x88\x08\xc6\x08 \xa4ihV\xd5e\
i\x90;\x16.Y\xb9fG\x9f\xdf\x9a@}}\xbd\
]\xb8p\xa1\x9fsj\xddn\x89\x09\xd7+\x5c\x16E\
6\xe7\xbd\x12\xbc\xf7\x0a\x22\x22\xb2\x8b\xbd\xaa\xaa*\xa0\
\xc6Zk\xad\x10\xc7>\x11\xb83\x17\xcc\xef\x1eZ\xf2\
\xca\xe6\x01\xdf\xdf\x98@}=v\xe1B\xfc\x99\xa7\x1c\
}H\x94\xe3\xc1|\xceMIR\x8f\xaa\xa6\xaa\x18\x11\
1\xbb\xaa\xd8.,\x80\x06\x11q9g)%\xe9\xdb\
q\xc2\x8f\x9f\x5c\xfa\xda{\x031vJ`\xe0\x8f\xb3\
\xcf\xac\x9bj\xd1E\xb9\x9c\x19U*\xa5\x09\xe0vL\
4+\xc0\xaeL\xb7-\xcd\xceG\x15I\xa3\xc8\xe6\xd2\
44{\xe4\x8c\x05O\xbe\xb2zp\x122\xb0J\x04\
=\xfb\x94\xa3&\x98\xc8.sV\xf6\xea\xeb\xf3i\xa1\
\xe0\x9c\x94\xddZ\x0b\x82\xe0\x83\x92\xc4\x81\x10\x02bd\
+\x0e0\x02\xd6@\x1a\xb2\x1d9\x8b\x00\x9ax\x04M\
s\xce\xba4\xe8\xe7!\xf6',X\xfaz\xe3@L\
\x01\x0c\xc0y\xb3fU\x85B\xf7\x8a|\xdeM\xee\xea\
\xf2~\xff\xd1\xc1\xaez\xa3\x95-[\x94\x5cN\xe8\xea\
J\x09A1F8\xe3\xf4a\x9cs\xee\x1e\xc4}\xe5\
J\xe6\x04\x16m\x82\xa7:a\xcep\x98P\x09\xd77\
#\x91!\xb9e_\x9eX\xaa|\xda\xe4}u\xb5\xb3\
q)}G\xfa\xaa\x8ey\xe4\xf9\xe7\xbb)\x97\x17 \
\x84B\xcf\xdc\x8a\x8a\xdc\xe4\xce\xce8\x9d:\xcd\xba\x1f\
\xd5\x0b\xbb\xef\xa9\xdcz{\x13\x9b6\xc1y\xe7\x0eg\
\xf4\xfeE\x96\xaf\xe8\xa0\xe9\xb3>\xf6\x19Y\xc3\x88\xef\
\x14 \x040\x11\xbc\xbc\x05>\xda\x08\xb5\x15pD\x11\
\x1a\x9b2\xef\xd3G\xf3\xc2k)\xfa16I\xd34\
\x17\xe5&\xc7\xf4\xcc\x05~\x09\x18\x03\x84\xb3\xcf\x9c9\
\xc1Z.\xfd\xfak\x1f\x0e\x9bj\xecy\x17\xc0\x88\x11\
9\xae\xbez\x1c\xe3\x0f\xaaBD\x98{\xed8~{\
\xd3$.\xbeh?\x1a\x16\xb6\xf3\xd3\x9f}@\x08\x86\
\xa4\x07BW\x89\xb0%\x10D\x08\x9d\x9e\xf0E\x8c\x17\
!D\x96RKL\xe8S0 \x88MS\x1fD\xb8\
\xf4\xfc\xd3\xeb\x0e\x06\x82\x01\x88$\xbd\x22\x8e]~\xd2\
d\xd5\xd9\x17\x1a\xc9\xe7\x854\x85\xb4\x14\xf0>\xeby\
c2\x90\x85\xf2\xa1[\x01c\x14Si0\xd7\xac\xc3\
<\xd8\x821`\xfe\xf0)f\xf6{\x18\xc0\xf4{\xcc\
\xf9\x8d\xd0T\x82\xbc\x81\x80h\x08\x9as.\x1f\xf0\xbf\
\x00p\x97\xcd\x9e9\xa6\xf9\xabt\xd6\xe1\xd3\x02\xe7\xcf\
\x16\xc9\xe7!\x8e\xc1U\x0c\xb4I\x86\xea_]\xb3\x8e\
\xb1c[X\xfd\xd6\x16\xce\xaa\xdf\x83\xdbo=\x10-\
\x05\xac\x02\xd7\x8e\xc9\x90tg3\xfc|$\x1c1\x0c\
\x8e_\x9d\x05\xbd\xf3\x00x\xdc\xc1:\x85\x8a\x0c\xf0>\
\x04\x10\x995\xfb\xb4\x99c\xcc\xda\x0d\xf1\xd1\xd3\x8e\xb0\
{_0G}\x94\x17\x93\xa6\xe5\x83\xd9\xc1\xc6\x1f4\
\x84\xf5\x1fv\xf3\xf2\xf2N&\x1cT\xc5\xde\xfbV\x13\
\x82f\xa5X\xb3\x05>\xee\xc9\x16~\xd8\x0dov\x96\
\x91\xa5\xf0\xc6f\xf8:\x80\xdd\xda\xc2&x\xef\x9d\xb3\
{\x07\xe7\x8frg\x9fc\xa7\xcf\xfa\x81h\x14eo\
n\x0c[[\xcb\x18\xd02\x85_yy-\xad_\xf6\
\xb3n}?\xeb>\xec\xe6\xab/\xba\xd9ch>k\
\xbf\x95\x9d\xb0\xb67K\xe6_\xdd\xf0Q\x9c\xf1\xb3W\
x\xb6\x03v\xab\x01\x9b\xdb\xe6x\x80)|\x98aN\
:Y\xa6\x14\x0a*q,f\xf0\x9b\xabf>\x9c\x13\
\x9c\x13\x9a?\xebc\xc2!\xc3\xb9\xee\x9a\xd1,^\xd2\
\xc6\xdc\xeb\xd7C\xde\xe2\xfb=\xdc<\x1e.\x1e\x95\xb1\
\xcau\xfb\xc1\x13\x93\xb2\x0e(:X4\x11\xc6\xe4\xa1\
\x14\xca\x0d\x0f\x88\x98\xe0\x83x8\xcc\x85\xa0\xfb\xc7\xb1\
 \x83\x08\xcc9\xa1\xa3\xa3\xc4\xf9s\x1aY\xf9j7\
\x00\xc7~\xefM\xee\xbc}<\xa7\xd5\x8f\xa4\xa6\xc6r\
\xd2\xa9\xff\xa6\xad\xbd\x8f\x86\x87\x0f\xc3\xa7\x1e\xfd2\x86\
T\xe1\xab\x18\xda\x134Q$II7\xa7\xe8NW\
PFn\x06\xa9\x95\xd6\x8du\xaa\xbb\xbc(\x95\x8f?\
\xe9#\x89\x15\xeb\x84R)0mj\x0d5#\xaa\xd0\
R\x1fO.\xfa\x8a!5\x86\x13\x8f\x1d\x0e\x15\x11\xb4\
\xf6@c7L\x1d\x02C\xf3\xf0b{v\xee3\x87\
3\xef7}\xbc\xfb\x8e\xa7X\xcchc\xb0IKS\
\xdd.\xc3\x83\xb2\xfe\xa3>|\x9a\xb1__\xbf\xa7\xab\
\xcb\x13|`\xca\x94!\x8c\x9b0\x0c\xf0\xe0=/\xbe\
\xd0N{O ?\xd4\xd1\xdf\x9e\x10\xf7z\xcc\xb0\x1c\
\xc5\xa2\xc1~\xad\xacx\xa9\x92\x96\xcf \x8av\x84\x01\
8U:\x8d\x91\xa1!\xa8\x8a \x03G\xb0ys\xc2\
}\xf3\x9bx\xec\xf16\x00&\x1dZ`\xd4\xc8\x02o\
\xbc\xd9E\xdd\xf4\xdd\xb8\xf7\x9e\x83)\xe4-\x85\xa2c\
\xc5\xcav\xee\xbb\xbf\x99\xf6\x8e\xc0\xbe#\x1d\x13'\x0e\
a\xd3\x97\xfd\xfc\xf3\xed^\xc0q\xfa\xf7\xa7R,F\
\xf8\xa0[\xaf*\x11\x11\x0d\xdaiDu\xa3\xb5\x83J\
\x22\x90\xa6\xca\xb0ay\x1e}d\x12u3\xaa\xc89\
\xa1\xe1\xd1\xc9<\xfd\xccQ\xdcw\xd7A\xbc\xbc\xbc\x83\
K.YKaH\x9e\xa4\xdfs\xd3-\x13\xf8\xf5U\
\xa3qN\x98{\xdd\x18\x9ey\xeeh\x1a\x1a\xa60\xed\
\xf0J\x0e\x18[$_!;\xe1 \xbb\xe4\xb4\xc9\x88\
\x95\xb7\xa2\xc8\xa8\xc8\xceP\xf1\xb1\x92$J\x92*q\
\xa2\xa8\xa6\x1c\x7f\xe2\x08\x1e\xb8w</\xad\xe8\xe0\xaa\
+\xdeE$S[\xa5XIS%\x8a2\xad2r\
d%\x8f\xffu2K\x9f\x9a\xc8\xa8Q\x8eR\xac\x98\
\x81[\x5c5\x18k\xd4\xc0\xdb\x06t\xe5@\xe9\xbf\xcd\
2\xb7JUM\xc4\xc4\x89ChoOx\xe1\xa5\xf6\
m\x88)\xef\x7fjI\x1b\xbf\xbfy-\x8f.\xf8\x9c\
\xfd\xc6\x0da\xec\xd8\x22\x85\x82!#\xbf\x1d\x5c\x1ay\
\xd5%\xa4\xafww\xd1\x9a\xcf\xdb\xbdK\xb1\x0f\xffM\
\xf5hPJ\xa5\xacXQn\xe7\xa5\x9d\x9d\x09\x9f4\
\xf5d\x80\xf3J\x5c\x0a\xdb\x01OU\x83\xb5\xd6\xa6\xa9\
ou\xc1\xbd\xe6jkWmhm\xaa{>_a\
~R\x8a\xfd\x0eT\xb5\xfd\xf7\x10@T\xe9\xe9I\xa9\
\xae\xb6\x8c?\xb0\x88j\x99\xb4\xca\xeb\xe6\x5c\xb0\x17\x17\
^4\x0e\xe2\x12q_\x82\xf7\x0c\x06\x1f\x02j\x8d!\
x\xff\xfc_\x16/\xdf`\x00R\xc3\xed\xdd\xddi\xc9\
Z3 \x80\x00p\x95\x86\x5cN\xb0V(\x14\x0c\xc6\
F,\x7f\xb1\x8d\x0b/j\xe4\x98\x19C\xb9\xfb\x9eC\
\xcb\x8ci\xa8\xa80X+hY\xe3\xb4\xb5\x958\xeb\
\xdcw8\xe9\xd454\x7f\x9a\x92\xcf\x0b!\xa8\x8a1\
\x92\xa4i)\x98\xdcm\x90\xb5\xa1\x11y\xe5\xfd\x96\xa6\
\xe9wUWGWn\xde\x1c\xa7\xceY\xb7eK\xc2\
\x1f\xef\xfe\x98\xd5\xab\xbb\xf1>\xbb\x0dG\xef_\xc9\xdf\
\x97uP[[\xc1\x03\xf7\x1fLU\xa5\x05\x11\xee\xbd\
{\x03\x0f=\xdc\x8a\xf7\xca}\xf3\x9bY\xd3\xd8C\xeb\
\xe7\xfd,Y\xda\x018\xce<9P\xa8\x00\xef\xd5\xe7\
r\xd6\xc5qz\xd7\x82E\xcb\x1b\x01#\xaa\x19Co\
Z?\xad\xaa\xe4\x0a+\x8a\xd5vro\xaf\xf7]]\
\x89\x9d\xff\xa7\x16\xfa\xfa=9'\x19\x09\x05%\x17\x19\
\x8e;v\x18'\x9c8\x82\xb87`#\xc3\xfc\xf9\x9f\
\xf2IS/UU\x96\x9e\x9e@\xa9\x140F\xd8}\
\x98%\x89#\xda>\xdf\x13\x0d\xd6Gyk\x93x{\
I\xb6\x9d(\xdd\xb8~\xe6\x84(\xaf\xcb\xace\xaf\x96\
\x96\xfe4\x8a\xac\x13\xc9\x16X+ \x19\x0e\xfa\xfb\x03\
I\x122u\xacJe\xd1b\x8c\xa0A16;m\
k\xa0\xbf\x1f\x16/\xb6\xacy7\xa4\x85\x0a\xeb\x12\xbf\
\xb3(u\x00\x22hC\x03\xb6v\xec\xf2\xc6\xd6\x8f\xea\
~\xd8\xd6\x95,\xcaGvTw\xcf\x8e\xb2<\xfb\x10\
\xa1<\x05e\x0f\xbd\xbd\xdb\x90\x1e\x028\xa7\xc4\x89\xb0\
t\xb1\xd3\x0f\xd6j\xba[\x8d\xcb%>4\x07\xe4\x8c\
\x05K_o\xac\xaf\xc7\x8a\x0c\x92\xe5\x83\x90nE\xf0\
+_\x9c|H\xb1*z\xb0XtSzz\x06\x06\
\x131\x22|{\x8bj&\xdf\x93\x84\xf0\xf4b\x1b\xd6\
}`]u\xb5\xa1?\xfe\xe6\xc1d;\x87\x22\xf8\x86\
\x06\xec\x8c\xe3\xdfy\xcf\xe4+\x8e\xeb\xee\xf2\xb7yO\
R,:\x17E\xc6\xa8\xaaW\xd5\xa0\xba\xf3\xa0\x19\x02\
\xea\x9c\x864\xc5?\xbb4g6\xac\x8f\x5c\xbeB\x93\
R\xc9\xdf\x16y{\x5c\x16\xbc~\xbb\xe0;U`\xc0\
\x06\x0f\x92\xabW}w\xa2\xa2\x97\x1b#'\x14\x0av\
\x94jF\xcf\x99X\xdd\x9a8\xce\x09qlx\xe6i\
\xc7\xfb\xefis\xa1R\x97\x05\x91;\x1e]\xf8\x7f\x0e\
\xa7\x83\xca)7\xde\xb8m<\xff\xc7\x8a#\xc6\xe6\x22\
9\x12\xd1\xe9\xc0\x14\x85\xfd\x8c\x98\xa1\xe5i\xb9\x13\x91\
\x8d\xaf\xadto=\xf77yu\x9f\xbdd\xd5\x9f\x1f\
\xfb\xdf\xc6\xf3\xff\x00\xd4\x7f\xc6\xcfg\x1a\xb7V\x00\x00\
\x00\x00IEND\xaeB`\x82\
\x00\x00[\x0b\
\x89\
PNG\x0d\x0a\x1a\x0a\x00\x00\x00\x0dIHDR\x00\
\x00\x04\x00\x00\x00\x04\x00\x08\x06\x00\x00\x00\x7f\x1d+\x83\
\x00\x00Z\xd2IDATx\x9c\xec\xddOl\x9cg\
~'\xf8\xe7y\x8b\x92\xdd\xd9\x01\xbar\x9au\x16\x81\
J\xd8\x99F\xd4\xe3\xee0\x87\x00\x81a\xaa\xcb\x87\xe9\
\xe9\xd3v\x8d$\x03\xb2\xcc]W\x03Y\xcc\x9c\x22\x05\
\xd8\xc3\x5c\x16rc\xf7\x90\xc3\x02N\x80=\xe4\x10@\
j\x8c\xc7\x11\xd0N[}\xcaN\xef\x02*\xb7\x1bA\
\x1f\x16\xb0\x1a\xf6@\x99\x00\x0bS\xc6f\x03\xac\x0f\xa1\
Om\x93\xac\xf7\x19\x90\x94,Q\x22)\x92\xf5V=\
\xef\x9f\xcf\xe7\x90H4]\xfc%\xc5f\xf3\xf7}\x7f\
\xcf\xefY\x0a\x00\xc0\xc2\x8dG\xc3\xfe\x17\xcf\x87\xfe\xf6\
\x9f\x97\xb6\xc2`\xfb\x7f\x97\xe5t\xf0\xe83\xe2\xce\x9f\
c\x08_O1\xf5\xbf\xfah\x08\x83\xc7_'\xa58\
\xd8\xff+\xa4\x03>~Tqm\xdf\x8f\xc6\xb4\xe7\xe3\
)\x84\xaf\xfe\x1eS\x5cO!|\xbe[g\xda\xfe\xf3\
z\x8a\xbd\xf5^\x0c\xeb\xdb\x1f+cX/{a\xfd\
\xd6\xad\xc9\xbe\xaf\x0d\x00\xccW\xcc]\x00\x004\xdd\xe5\
\xcb\xc3\x9df{\xbb\x91\x7f\xd4\xc4\xc7\xc1\xc3\xe6}\xbb\
iO!\xf6C\x0a\x0f\x1a\xf9Y\x9b\xf3v\x88!\xac\
\xa7\x10\xd7\x1f\x86\x0a)\x84\xb5\x87!B\x0ci\xbd\x8c\
\xbd\xb5^\x0c\xeb\x82\x03\x00\xa8\x86\x00\x00\x00\x0e\xb0\xdd\
\xd8?l\xeac\xd8n\xde\xe3\x99\xaf\x1a\xfa\xaf\x9e\xbc\
k\xe6\x17i'4\x88q\xed\xc1\x84\xc1ZH\xf1\xfe\
\xe3a\xc1\xd6RX\x13\x14\x00\xc0\xfe\x04\x00\x00t\xd2\
vs_LC?L\xa7\xcb\x8f5\xf7\x83\x9d'\xf7\
)\x0dR\x08\xfd\xdc5rr\x0f\x83\x82\x10\xd2ZL\
q-\x85\xf0y\x8a\xc5\xdd^\x0c\xebK[\xe1\xee\xcd\
\xdb\x93\xf5\xdc5\x02\xc0\xa2\x09\x00\x00h\xa5\xf1h\xd8\
\xdf8\x15\x06\x0f\x1b\xfc\x14\xc3\xef\x86\xed\xa6>\xc5\xe5\
\x18R_\x83O\x88\xf1n\x0ci=\xa4x7\x84t\
\xbf\x8c\xbd\xb5X\x84\xb5\xd3\x9baM@\x00@\x1b\x09\
\x00\x00h\xac\x87\x8b\xf4\x8a\x8d\xe9\xf0Q\x93\x1f\x97w\
\xcf\xda\x1b\xcd\xe7\xe4b\x08\xeb!\x86\xbb\x0f\x8f\x19\xa4\
X\xdc\x8dEX{\xe7\xc7\x93\xbb\xb9k\x03\x80\x93\x12\
\x00\x00P{{\x9f\xe6\xc7\xdf\xdd\x19\xd5OqY\x93\
O\x16OL\x0e\xc4\xa2w\xd7\xb1\x02\x00\x9a@\x00\x00\
@mh\xf4i\xb2\x87S\x03!\xc5\xbbe,\xde\xef\
\xc5\xb0\xfe\xf6\xbb\x93I\xee\xba\x00\xe0!\x01\x00\x00Y\
\x5c\xbe<\x1c\xc4\xcd\xb0\x5c\xa4\xe9`gt?\xc5\xa1\
F\x9fV\x8a;\x93\x02k!\xc5_\x15E1YZ\
\x0ak7\xddT\x00@\x06\x02\x00\x00\xe6ng\xe3\xfe\
\xce9\xfd\xdd\xa7\xfa1\x85\xa1%|t\xd9\x93\xd3\x02\
\xf6\x0b\x00\xb0\x08\x02\x00\x00*\xf5x\xb3\x1fbZ\x0e\
),k\xf6\xe1\xd9\x9e\x0c\x05\x9e;\x15\xee\x9a\x14\x00\
\xa0J\x02\x00\x00Nl<\x1a\xf6\xb7\x96\xc2r*\xa7\
\xcb)\x86\xefx\xb2\x0f\xd5\x8a!\xac\xa7\x18&_\x1d\
\x1f\xb0l\x10\x80\x19\x08\x00\x008\xb2\xbd\xa3\xfca\x18\
RZ\xce]\x13t\xce\xee-\x04wS\x0a\xef\x87^\
\xef\xae\xa3\x03\x00\x1c\x95\x00\x00\x80\x03\xad^\x1a\x0e=\
\xdd\x87z{8%\x10Sx?\x16\xbd\xbbn\x1e\x00\
\xe0 \x02\x00\x00v<\x1c\xe7/\xcb\xf2;1\xa6\xa1\
\xb3\xfb\xd0L\x0fw\x09\xa4\x14\xdf/\x8ab\x22\x10\x00\
\xe0!\x01\x00@Gi\xf8\xa1;b\x0c\x13\x81\x00\x00\
\x02\x00\x80\x0eY\xbd4\x1cj\xf8\x81\xb8\xb3X0\xfc\
\xd4\x91\x01\x80n\x11\x00\x00\xb4\xd8\xe5\xcb\xc3Aoc\
:r\x86\x1f8\xc8\xa3\x9b\x06\xc2O-\x15\x04h7\
\x01\x00@\x8b\x8cG\xc3\xfe\x97\xbd0,R\xf9\x9d\x14\
\xc2(\x844\xc8]\x13\xd08k1\x86I\x19z?\
}n\x1a&\xae\x1d\x04h\x0f\x01\x00@\xc3=>\xd6\
\x9fR\x18\xe6\xae\x07h\x97\x87\xc7\x05R\xaf71\x1d\
\x00\xd0l\x02\x00\x80\x86y\xf8\x94?\x86\xe9\xf7c\x0a\
#c\xfd\xc0\x02\x99\x0e\x00h0\x01\x00@\x03<<\
\xcb\x1fb\xf8\xbe\xa7\xfc@]\xec\xde.\x10~t\xfa\
tor\xf3\xd6d-w=\x00\x1cN\x00\x00PS\
\x0fG\xfbC\x0c\xa3\x90\xd2r\xeez\x00\x0e\x15\xe3\xdd\
\x98\xc2$\x16\xc5O\xdd,\x00PO\x02\x00\x80\x1a\xd9\
n\xfaSY~?\x8446\xda\x0f4\xd8\xceQ\x81\
\x18{?\x12\x06\x00\xd4\x87\x00\x00 \xa3\xf1h\xd8\xdf\
Z\x0a\xcbe\x9a\xbe\xe1<?\xd0F1\x84\xf5\x10\xc3\
\xed2\xf4~\xfa\x97\x7f5\xb9\x9d\xbb\x1e\x80.\x13\x00\
\x00,\xd8v\xd3\xbfQ\xec\x9e\xe7w7?\xd0%1\
\x84\xf5\xf4\xe0V\x81\xd3e\xef\xb6%\x82\x00\x8b%\x00\
\x00X\x80\x87M\x7f\x8c\xe1\x8d\x90\xc2\xb2\xa6\x1f`\xe7\
7\xd1\xdb\xc2\x00\x80\xc5\x11\x00\x00\xcc\x89\xf1~\x80\xa3\
qL\x00`1\x04\x00\x00\x15\xb3\xc8\x0f\xe0\xe4\x1e\x86\
\x01\x16\x08\x02TO\x00\x00P\x01M?\xc0\x5c\xb8M\
\x00\xa0B\x02\x00\x80\x13\xda=\xd7_^\xdd\xfec\x08\
i\x90\xbb\x1e\x80\x96[\x8b!\xfc\xd9\xa9\xd3\xbd\xdb7\
oM\xd6r\x17\x03\xd0D\x02\x00\x80c\xd8n\xfa7\
\x8b\xe98\xc4\xf0\xfd\x94\xc20w=\x00]\x14c\x98\
\xa4\x14~t\xfato\x22\x0c\x008:\x01\x00\xc0\x11\
\xac^\x1a\x0e\xcb4\xbd\xea\xda>\x80z\x891\xdct\
D\x00\xe0h\x04\x00\x00\x07\xb8|y8(6\xca7\
bH\xd74\xfd\x00\xb5\xb7\x16C\xbc}\xeat\xf1g\
\xa6\x02\x00\xf6'\x00\x00x\xcc\xe3\xf7\xf5\x1b\xf1\x07h\
\xa6\x87G\x04\xde\xf9\xc9\x077s\xd7\x02P'\x02\x00\
\x00[\xfc\x01\xdaj\xe7\x16\x81S\xa7z?4\x15\x00\
 \x00\x00:\xccB?\x80\xee0\x15\x00 \x00\x00:\
\xc8\xd3~\x80N3\x15\x00t\x96\x00\x00\xe8\x84\xf1h\
\xd8\xdf\xea\x85a\x0a\xd3\xab\x9e\xf6\x03\x10L\x05\x00\x1d\
$\x00\x00Zmw\xa9_y\xd5&\x7f\x00\x0ea*\
\x00\xe8\x04\x01\x00\xd0J;c\xfeiz\xdd\xd3~\x00\
\x8e#\xc6p3\xc6\xde\x8f\xde~w2\xc9]\x0b@\
\xd5\x04\x00@kX\xea\x07@\x85\xd6B\x08?t<\
\x00h\x13\x01\x00\xd0x\xc6\xfc\x01\x98#\xc7\x03\x80\xd6\
\x10\x00\x00\x8d\xb5zi8,\xd3\xf4jHa\x94\xbb\
\x16\x00\xda/\xc6p3\x15\xbd?{\xe7\xc7\x93\xbb\xb9\
k\x018\x09\x01\x00\xd08\xce\xf7\x03\x90\x93\xdb\x03\x80\
\xa6\x12\x00\x00\x8d\xf0\xf0|\x7f\x0a\xf1j\x08i\x90\xbb\
\x1e\x00\xb0'\x00h\x1a\x01\x00Pk\xce\xf7\x03\xd0\x00\
k!\xc4\x9b\xa7O\x17?\xb2'\x00\xa83\x01\x00P\
K\xe3\xd1p\xb0Q\x94oh\xfc\x01h\x92\x18\xc3M\
\x0b\x03\x81\xba\x12\x00\x00\xb5\xb2s\xbe\xbf\x9c\xbe\x91B\
\x18\xe7\xae\x05\x00NJ\x10\x00\xd4\x91\x00\x00\xa8\x05\x8b\
\xfd\x00h\xa3\x18\xc3\xcd\x18{?z\xfb\xdd\xc9$w\
-\x00\x02\x00 +\x8d?\x00]\x10c\x98\xc4\xd8\xfb\
\xa1 \x00\xc8I\x00\x00d\xa1\xf1\x07\xa0\x8bb\x0c\x93\
2\xf4\xfe\xec/\xffjr;w-@\xf7\x08\x00\x80\
\x85\xd2\xf8\x03\xc0\x0eW\x08\x02\x0b'\x00\x00\x16B\xe3\
\x0f\x00\xfb\x12\x04\x00\x0b#\x00\x00\xe6J\xe3\x0f\x00G\
\x22\x08\x00\xe6N\x00\x00\xcc\x85\xc6\x1f\x00ND\x10\x00\
\xcc\x8d\x00\x00\xa8\x94\xc6\x1f\x00f\xe7\xd6\x00`\x1e\x04\
\x00@%4\xfe\x00P\xbd\x18\xc3$\x15\xbd?~\xe7\
\xc7\x93\xbb\xb9k\x01\x9aO\x00\x00\xccD\xe3\x0f\x00\xf3\
\x17c\xb8y\xeaT\xef\x877oM\xd6r\xd7\x024\
\x97\x00\x008\x91\xf1h8\xd8,\xa6\xd7S\x08\xe3\xdc\
\xb5\x00@W\x08\x02\x80Y\x08\x00\x80c\x19\x8f\x86\xfd\
\xcd\xa2\xbc\x9eB\xba\x96\xbb\x16\x00\xe8*A\x00p\x12\
\x02\x00\xe0H\xb6\x1b\xff\x8d\xa2\xbc\x1aC\xba\x96B\xe8\
\xe7\xae\x07\x00\x08\xeb!\xc4?=]\x16\x7fv\xf3\xf6\
d=w1@\xfd\xf5r\x17\x00\xd4\xdf\xea\xc5\xf3W\
\xa7\xb1\xbc\x1dB\xf8^\x08\xe1\xf9\xdc\xf5\x00\x00;\xb6\
\xff;y8\x8d\xe9\xf2\xb7\xce\x9d\xf9\xfc\xa3{\x9fZ\
\x14\x08\x1c\xca\x04\x00p\xa0\xd5K\xc3aY\x967B\
H\x83\xdc\xb5\x00\x00\xcf\xb4\x16B\xf8\xe1;?\xf9\xe0\
f\xeeB\x80z\x12\x00\x00O\xb1\xd9\x1f\x00\x9a+\xc6\
09u\xaa\xf7\x03\xfb\x01\x80'\x09\x00\x80\xaf\xd8\xec\
\x0f\x00\xedaQ \xf0$\x01\x00`\xc1\x1f\x00\xb4Z\
|\xd3\xa2@ X\x02\x08\x5c\xb9\xb02.c\xfak\
\x0b\xfe\x00\xa0\xb5,\x0a\x04v\x98\x00\x80\x8er\xce\x1f\
\x00:i\xed\xf4\xe9\xde+\x8e\x05@7\x09\x00\xa0c\
\xc6\xa3a\x7f\xb3\x98\xbe\xe5\x9c?\x00t\x97\xfd\x00\xd0\
M\x8e\x00@\x87\x5c\xb9p\xfez\x19\xcb[)\x84?\
\xc8]\x0b\x00\x90\xd5\xf2t\x9a\xc6\xdf:7x\xfe\xa3\
{\xf7\xdf\xcf]\x0c\xb0\x18&\x00\xa0\x03\xdc\xe7\x0f\x00\
\x1cb-\x84\xf0\xc3w~\xf2\xc1\xcd\xdc\x85\x00\xf3%\
\x00\x80\x16\xdb\xb9\xd6\xaf7\xbd\xe1\x9c?\x00\xf0,\x8e\
\x05@\xfb9\x02\x00-\xf5`\xdc\xfff\x0a\xe1wr\
\xd7\x02\x004\xc2\xf2t\x9a\xae}\xeb\xdc 8\x16\x00\
\xedd\x02\x00Z\xc6\xb8?\x00P\x81\xb5\x22\xf6\xfe\xf8\
\xed\xbf\x9a\xdc\xce]\x08P\x1d\x01\x00\xb4\x84\xed\xfe\x00\
@\xd5\x1c\x0b\x80vq\x04\x00Z`\xf5\xe2\xf9\xab\xd3\
X\xde\xb6\xdd\x1f\x00\xa8\xd8\xf2t\x9aF\xdf:w\xe6\
\xf3\x8f\xee}z7w1\xc0lL\x00@\x83\x8d_\
}iy\xb3\xec\xbde\xc9\x1f\x00\xb0\x00k\xa7O\xf7\
^1\x0d\x00\xcd%\x00\x80\x06\xda\x1d\xf7/\xaf\xa7\x90\
\xae\xe5\xae\x05\x00\xe8\x9a\xf8\xe6;?\xf9\xf9\x0fsW\
\x01\x1c\x9f\x00\x00\x1a\xc6\x92?\x00\xa0\x06,\x09\x84\x06\
\x12\x00@Cx\xea\x0f\x00\xd4\x8d%\x81\xd0,\x96\x00\
B\x03\xbcvqe\x94b\xba\x93\x82\xb3\xfe\x00@\xad\
X\x12\x08\x0db\x02\x00jl<\x1a\x0e6{\xd3\x1b\
\x96\xfc\x01\x00ug\x1a\x00\xea\xcf\x04\x00\xd4\xd4\x83\xab\
\xfdn\xa5\x10~'w-\x00\x00G`\x1a\x00j\xce\
\x04\x00\xd4\x8c\xa7\xfe\x00@\xd3\xc5\x18&\xa7N\xf5~\
`\x1a\x00\xea\xc5\x04\x00\xd4\x88\xa7\xfe\x00@K\x0c\xa6\
\xd34~\xf1\xdc\x99/?\xbe\xf7\xe9/s\x17\x03\xec\
2\x01\x005\xe0\xa9?\x00\xd0V\xa6\x01\xa0>L\x00\
@f\x9e\xfa\x03\x00-g\x1a\x00j\xc2\x04\x00d\xe2\
\xa9?\x00\xd05n\x0a\x80\xbcL\x00@\x06\xaf_<\
\xffF\x19\xcb\xdb\x9e\xfa\x03\x00\x1d\xe3\xa6\x00\xc8\xc8\x04\
\x00,\xd0x4\xeco\xf5\xa67\xca\x14F\xb9k\x01\
\x00\xc8\xc94\x00,\x9e\x09\x00X\x90\xd5K\xc3\xe1V\
(\xff:\x85\xf0\x07\xb9k\x01\x00\xa8\x81\x9di\x80\x17\
\xbfy\xe6\xfe\xc7\xf7>\xfd\xdb\xdc\xc5@\x17\x98\x00\x80\
9\x1b\x8f\x86\xfd\xcd\xa2\xbc\x9eB\xba\x96\xbb\x16\x00\x80\
:\x8a!\xfe\xe9\x7f\xf8\xc9\xcf\xff8w\x1d\xd0v\x02\
\x00\x98\xa3\xf1\xab/-oL\x97\xde\x0b!\x0dr\xd7\
\x02\x00Psk\xa7O\xf7^q$\x00\xe6\xa7\xc8]\
\x00\xb4\xd5\xea\xc5\xf3W7\xa6\xbd\x0f5\xff\x00\x00G\
2\xd8\xd8\x98~r\xe5\xc2\xf9\xeb\xb9\x0b\x81\xb62\x01\
\x00\x15s\xbd\x1f\x00\xc0lb\x0c\x93S\xa7z?0\
\x0d\x00\xd5\xb2\x04\x10*\xf4\xda\xc5\x95Q\x8a\xe9\xaf]\
\xef\x07\x000\x93\x81\xeb\x02\xa1z&\x00\xa0\x02\x16\xfd\
\x01\x00\xcc\x87\x05\x81P\x1d\x01\x00\xcch<\x1a\x0e6\
z\xe5{!\xa5\xe5\xdc\xb5\x00\x00\xb4\x94\x05\x81P\x01\
G\x00`\x06\xab\x17\xcf_\x9d\xc6\xf2V\x08\xc1\xa2?\
\x00\x80\xf9\xe9O\xa7i\xfc\xe2\xb93_~|\xef\xd3\
_\xe6.\x06\x9a\xca\x04\x00\x9c\xc0\xee\xc8\xff\xf4\xad\x14\
\xc28w-\x00\x00]\x12c\xb8yj\xda\xfb\xe3\x9b\
\xb7'\xeb\xb9k\x81\xa6\x11\x00\xc01\xb9\xdb\x1f\x00 \
;G\x02\xe0\x04\x8a\xdc\x05@\x93\xac^<\x7fus\
\xda\xbb\xa3\xf9\x07\x00\xc8j\xb0\xb11\xfd\xe4\xb5\x0b+\
\x160\xc31\x98\x00\x80#0\xf2\x0f\x00PO\x8e\x04\
\xc0\xd1\x09\x00\xe0\x19v\xb6\xfc\x17\xa5\xa7\xfe\x00\x00\xf5\
\xe5H\x00\x1c\x81[\x00\xe0\x10\x8fm\xf9\xff\xafs\xd7\
\x02\x00\xc0\x81\xdc\x12\x00G`\x02\x00\xf6\xb1;\xf2_\
^O!9W\x06\x00\xd0 1\xc4?\xfd\x0f?\xf9\
\xf9\x1f\xe7\xae\x03\xeaH\x00\x00O\xd8\x19\xf9\xef\x95\xef\
\x85\x94\x96s\xd7\x02\x00\xc0\x898\x12\x00\xfbp\x04\x00\
\x1e\xb3zi8\x9c\x86\xe9\x9d\x10\x82\xf3\xfe\x00\x00\xcd\
\xd5\x9fN\xd3\xe8\xc5o\x9e\xb9\xff\xf1\xbdO\xff6w\
1P\x17\x02\x00x\xe0\xca\x85\xf3\xd7S*o\x86\x10\
\x9e\xcf]\x0b\x00\x003\xeb\xc7\x10.\x7f\xeb\xdc |\
t\xef\xfe\xfb\xb9\x8b\x81:p\x04\x80\xce\x1b\x8f\x86\xfd\
\xad\xde\xf4F\x99\xc2(w-\x00\x00\xccA\x0c\xb7O\
O{?pU ]'\x00\xa0\xd3\x5c\xf1\x07\x00\xd0\
\x19\xf6\x02\xd0yE\xee\x02 \x97\xd7.\xae\x8c6\x8b\
\xe9\x87\x9a\x7f\x00\x80N\x18llL?\xdc\xfe\x1d0\
w!\x90\x8b\x1d\x00t\xd2\x95\x0b\xe7\xaf\xc7\x10\xfe\xdc\
y\x7f\x00\x80Ny\xde^\x00\xba\xcc\x11\x00:e\xf7\
~\xff\xe9[)\x84q\xeeZ\x00\x00\xc8\xc8^\x00:\
H\x00@g8\xef\x0f\x00\xc0\x13\xec\x05\xa0S\xec\x00\
\xa0\x13V/\x0d\x87\xce\xfb\x03\x00\xf0\x84\xc1\xc6\xc6\xf4\
\xce\x95W_Z\xce]\x08,\x82\x00\x80\xd6[\xbdx\
\xfejYN\xef\xa4\x10\xfa\xb9k\x01\x00\xa0v\x06a\
\xda\xfb\xf0\xb5\x0b+\xd7r\x17\x02\xf3f\x09 \xad\xf6\
\xfa\x85\xf3o\xa5\x90\xde\xcc]\x07\x00\x00\xf5\x16C\xf8\
\x9e\xe5\x80\xb4\x9d\x1d\x00\xb4\xd2\xce\xb2\xbf\xde\xf4\xbd\x94\
\xc20w-\x00\x004\x88\xe5\x80\xb4\x98\x00\x80\xd6\xb1\
\xec\x0f\x00\x80\x19Y\x0eH+\xd9\x01@\xab\x8c_}\
iY\xf3\x0f\x00\xc0\x8c,\x07\xa4\x95\xec\x00\xa05^\
\xbfx\xfe\x8di\x19\xff\x8f`\xd9\x1f\x00\x00\xb3\xeb\x87\
T\xfc\xdb\x17\xcf\x9d\xf9\xfc\xe3{\x9f\xfe2w1P\
\x05\x01\x00\xadp\xe5\xc2\xf9\xeb!\xa4?\xcd]\x07\x00\
\x00\xedb9 m\x22\x00\xa0\xf1^\xbf\xb0r#\x84\
\xe0\xda\x16\x00\x00\xe6e\xf8\xeds\x83\xfeG\xf7\xee\xff\
\xc7\xdc\x85\xc0,,\x01\xa4\xb1l\xfa\x07\x00`\xa1b\
\xbc{\xfaT\xf1\xaf-\x07\xa4\xa9\x04\x004\x92M\xff\
\x00\x00d\xe2\x86\x00\x1a\xcb-\x004\x8eM\xff\x00\x00\
d\xb4sC\xc0\xf8\xf2\xd0\xef\xa24\x8e\x00\x80FY\
\xbd4\x1cnN{\x9a\x7f\x00\x00r\x1allL?\
|\xed\xe2\xca(w!p\x1c\x96\x00\xd2\x18\xab\x17\xcf\
_-Sy+\x84\xf0|\xeeZ\x00\x00\xe8\xbc\xe7c\
\x08\x97]\x13H\x93\x08\x00h\x84+\x17\xce_O!\
\xfdI\xee:\x00\x00\xe0q\xae\x09\xa4I\x04\x00\xd4\xde\
\x83;\xfe\xdf\xcc]\x07\x00\x00\x1c`(\x04\xa0\x09\x04\
\x00\xd4\x9a;\xfe\x01\x00h\x88\xe1\xb7\xbfyf\xf0\xd1\
\xbdO\x7f\x9a\xbb\x108\x88k\x00\xa9\xa5\xf1h\xd8\xdf\
\xe8\x95wBJ\xcb\xb9k\x01\x00\x80#\x8b\xf1\xee\xe9\
i\xf1\xca\xcd\xdb\x93\xf5\xdc\xa5\xc0\x93\xdc\x02@\xed\xec\
\xdc\xf1\xaf\xf9\x07\x00\xa0\x89RZ\xde(\xa6\x1f\xba&\
\x90:2\x01@\xad\xec4\xff\xee\xf8\x07\x00\xa0\xf9\xd6\
N\x9f\xee\xbdr\xf3\xd6d-w!\xf0\x90\x09\x00j\
C\xf3\x0f\x00@\x8b\x0c66\xa6wL\x02P'\x02\
\x00ja\xfc\xeaK\xcb\x9a\x7f\x00\x00Zf'\x04\xb8\
\xf2\xeaK\x8e\xb6R\x0b\x8e\x00\x90\xddv\xf3\xbf9\xed\
\xddI!\xf4s\xd7\x02\x00\x00s\xb0\x1ez\xd3W\xde\
\xf9\xf1\xdf\xdc\xcd]\x08\xddf\x02\x80\xac^\xbfx\xfe\
\x0d\xcd?\x00\x00-\xd7\x0f\xd3\xde\x9d\xed\xdf}s\x17\
B\xb7\xf5r\x17@wm\xff\x00L)\xdd\x0c!<\
\x9f\xbb\x16\x00\x00\x98\xb3\xed\xdfyG\xdf\xfe\xe6`\xed\
\xa3{\xf7\x7f\x95\xbb\x18\xbaI\x00@\x16\xab\x17\xcf_\
M)\xfdy\xee:\x00\x00`\xc1F/\x9e;\xf3\xf9\
\xc7\xf7>\xfde\xeeB\xe8\x1e\x01\x00\x0bw\xe5\xc2\xf9\
\xeb)\xa4?\xc9]\x07\x00\x00\xe4\x10C\xf8\xde\xb7\xce\
\x0d\xc2G\xf7\xee\xbf\x9f\xbb\x16\xbaE\x00\xc0Bm7\
\xff!\xa47s\xd7\x01\x00\x00\x99\x0d\x85\x00,\x9a\x00\
\x80\x85\xd1\xfc\x03\x00\xc0\x1eB\x00\x16J\x00\xc0Bh\
\xfe\x01\x00`_B\x00\x16F\x00\xc0\xdci\xfe\x01\x00\
\xe0PB\x00\x16B\x00\xc0\x5ci\xfe\x01\x00\xe0H\x84\
\x00\xcc\x9d\x00\x80\xb9\xd1\xfc\x03\x00\xc0\xb1\x08\x01\x98+\
\x01\x00s\xa1\xf9\x07\x00\x80\x13\x11\x0207\x02\x00*\
\xa7\xf9\x07\x00\x80\x99\x08\x01\x98\x0b\x01\x00\x95\xd2\xfc\x03\
\x00@%\x84\x00TN\x00@e4\xff\x00\x00P)\
!\x00\x95\x12\x00P\x09\xcd?\x00\x00\xcc\x85\x10\x80\xca\
\x08\x00\x98\x99\xe6\x1f\x00\x00\xe6J\x08@%\x04\x00\xcc\
D\xf3\x0f\x00\x00\x0b!\x04`f\x02\x00NL\xf3\x0f\
\x00\x00\x0b%\x04`&\x02\x00ND\xf3\x0f\x00\x00Y\
\x08\x0181\x01\x00\xc7\xb6z\xf1\xfc\xd5\x14\xd2\x9f\xe4\
\xae\x03\x00\x00:j\xf8\xe2\xb93\x9f\x7f|\xef\xd3_\
\xe6.\x84f\x11\x00p,\xaf_<\xffFJ\xe9\xcf\
s\xd7\x01\x00\x00]\x16C\xf8\xde\xb7\xbf9X\xfb\xe8\
\xde\xfd_\xe5\xae\x85\xe6\x10\x00pd\x0f\x9a\xff\x9b\xb9\
\xeb\x00\x00\x00v\x8c\x84\x00\x1cG\xcc]\x00\xcd0~\
\xf5\xa5\xe5\xcdi\xefN\x0a\xa1\x9f\xbb\x16\x00\x00\xe0+\
\xeb\xa17}\xe5\x9d\x1f\xff\xcd\xdd\xdc\x85P\x7fE\xee\
\x02\xa8?\xcd?\x00\x00\xd4V?L{w\xae\xbc\xfa\
\xd2r\xeeB\xa8?\x01\x00\x87\x1a\x8f\x86\x83\x8d\xe9\xd2\
{\x9a\x7f\x00\x00\xa8\xad~\x98\xf6\xde\x1b_\x1e\x0er\
\x17B\xbd\x09\x008\xd0N\xf3_\x94wBH~\x90\
\x00\x00@\xbd\x0d66\xa6w\x84\x00\x1cF\x00\xc0\xbe\
4\xff\x00\x00\xd08B\x00\x0ee\x09 O\x19\x8f\x86\
\xfd\x8d\xa2\xfcP\xf3\x0f\x00\x00\x0d\x14\xe3\xdd\xd3\xd3\xe2\
\x95\x9b\xb7'\xeb\xb9K\xa1^L\x00\xf0\x94\x8d\x9e'\
\xff\x00\x00\xd0X)-\xef\xfeN\x0f{\x09\x00\xd8\xe3\
\xf5\x0b+7\xb6\x7f`\xe4\xae\x03\x00\x00\x98AJ\xcb\
\xaf_\x5c\xb9\x91\xbb\x0c\xea\xa5\x97\xbb\x00\xea\xe3\xca\x85\
\xf3\xd7C\x08\xd7r\xd7\x01\x00\x00Tb\xf9[\xe7\x06\
\xe1\xa3{\xf7\xdf\xcf]\x08\xf5 \x00`\xc7n\xf3\x9f\
\xde\xcc]\x07\x00\x00P\xa9\xa1\x10\x80\x87\x04\x00\x84\xd5\
\x8b\xe7\xaf\xa6\x90\xfe$w\x1d\x00\x00\xc0\x5c\x0c_<\
w\xe6\xf3\x8f\xef}\xfa\xcb\xdc\x85\x90\x97[\x00:\xee\
\xb5\x8b+\xa3\x98\xc2{\xb9\xeb\x00\x00\x00\xe6\xab(\xd2\
+o\xbf\xfb\x8bI\xee:\xc8G\x00\xd0a\xe3\xd1p\
\xb0YL?L!\xf4s\xd7\x02\x00\x00\xcc\xddz\xe8\
M_y\xe7\xc7\x7fs7w!\xe4\xe1\x16\x80\x8e\xda\
n\xfe7\x8a\xf2\x8e\xe6\x1f\x00\x00:\xa3\x1f\xa6\xbd\xf7\
\xc6\x97\x87\xae\xfc\xee(\x13\x00\x1d\xf4\xb0\xf9w\xd7?\
\x00\x00t\xd2\xda\xe9\xb2\xf7{7oO\xd6s\x17\xc2\
b\x99\x00\xe8\xa0\x8d^\xf9\x9e\xe6\x1f\x00\x00:k\xb0\
\xd9\x9b\xda\x03\xd6A\x02\x80\x8ey\xfd\xc2\xf9\xb7BJ\
\xcb\xb9\xeb\x00\x00\x00\xf2I)\x0c_\xbf\xb8r#w\
\x1d,\x96k\x00;\xe4\xc1]\xff\xff.w\x1d\x00\x00\
@-,\x7f\xeb\xdc |t\xef\xfe\xfb\xb9\x0ba1\
\x04\x00\x1d\xe1\xae\x7f\x00\x00`\x1f\xc3o\x7fs\xb0\xf6\
\xd1\xbd\xfb\xbf\xca]\x08\xf3g\x09`\x07\x8c_}i\
yc\xda\xfb0w\x1d\x00\x00@M\xf5\xa6\xbf\xe7z\
\xc0\xf6\xb3\x03\xa0\xe5v6\xfeO\x97,\xf8\x00\x00\x00\
\x0e\xe6z\xc0N0\x01\xd0b\xe3\xd1\xb0\xbfQ\x94\x1f\
\xda\xf8\x0f\x00\x00\x1c\x81\xeb\x01[\xce\x04@\x8bm\xf5\
\xa674\xff\x00\x00\xc0\x11\xb9\x1e\xb0\xe5,\x01l\xa9\
+\x17\xce_O!\xfc\xdb\xdcu\x00\x00\x00\x8d2\xf8\
\xf6\xb9A\xff\xa3{\xf7\xffc\xeeB\xa8\x9e\x00\xa0\x85\
l\xfc\x07\x00\x00f\xf0\x07/\x9e;\xf3\xf9\xc7\xf7>\
\xfde\xeeB\xa8\x96\x1d\x00-c\xe3?\x00\x00P\x85\
\xa2H\xaf\xbc\xfd\xee/&\xb9\xeb\xa0:v\x00\xb4\x88\
\x8d\xff\x00\x00@U\xca2\xba\x19\xa0eL\x00\xb4\x84\
\x8d\xff\x00\x00\xc0\x1c\xb8\x19\xa0EL\x00\xb4\x84\x8d\xff\
\x00\x00\xc0\x1c\x0c6{\xd3\xb7r\x17A5,\x01l\
\x01\x1b\xff\x01\x00\x809Z\xfe\xd6\xb9A\xf8\xe8\xde\xfd\
\xf7s\x17\xc2l\x1c\x01h\xb8\xd7.\xae\x8cb\x0a\xce\
\xfd\x03\x00\x00s\x95b\xf8\xd7\x7f\xf9W\x1f\xdc\xce]\
\x07''\x00h\xb0\xf1h8\xd8,\xa6\x1f\xa6\x10\xfa\
\xb9k\x01\x00\x00Zo\xfd\xf4\xe9\xde\xef\xdd\xbc5Y\
\xcb]\x08'#\x00h(K\xff\x00\x00\x80\x0c,\x05\
l0K\x00\x1b\xca\xd2?\x00\x00 \x83\xc1\xc6N/\
B\x13Y\x02\xd8@\x96\xfe\x01\x00\x00\x19\xfd\x8e\xa5\x80\
\xcd\xe4\x08@\xc3X\xfa\x07\x00\x00\xd4AQ\xa4W\xde\
~\xf7\x17\x93\xdcupt\x02\x80\x06\x19\x8f\x86\x83\x8d\
\xa2\xbcc\xf4\x1f\x00\x00\xa8\x01K\x01\x1b\xc6\x0e\x80\x06\
\xd1\xfc\x03\x00\x005\xd2\xdf\xd8,\xdf\x1b\x8f\x86n%\
k\x08\x01@C\xbc~\xe1\xfc[\x9a\x7f\x00\x00\xa0V\
RZ\xde,\xca\xeb\xb9\xcb\xe0h,\x01l\x80\xd5\x8b\
\xe7\xaf\xa6\x90\xde\xcc]\x07\x00\x00\xc0>\xfe\xe0\xc5s\
g>\xff\xf8\xde\xa7\xbf\xcc]\x08\x87\xb3\x03\xa0\xe6\xc6\
\xa3\xe1`\xb3\x98~\x98B0V\x03\x00\x00\xd4\x95}\
\x00\x0d \x00\xa8\xb1\xf1h\xd8\xdf(\xca\x0f\x8d\xfe\x03\
\x00\x00\x0d\xb0v\xba\xec\xfd\xde\xcd\xdb\x93\xf5\xdc\x85\xb0\
?;\x00jl\xb3\x98:\xf7\x0f\x00\x004\xc5`\xb3\
\xb7\xdd\xc3PWv\x00\xd4\xd4\xee\xb9\xff\xf0\xefr\xd7\
\x01\x00\x00p\x0c\xcb\xf6\x01\xd4\x97#\x005\xb4{\xdf\
\xff\xf4\x93\xdcu0\x1f\xdf\xfdW1\x8c\xff\xcd\xcfs\
\x97\x01\xad\x95\xbe\xfcn\xee\x12h\x93\xfb\xbf\x0e\xe1\x1b\
\x1f\xe4\xae\xa2\xbe\xce|-\x84\xbf[\xc9]\xc5#\xde\
\xaf\xc3\xd5\xec\xfd\xfa\xec\xb3\x14\xae\xfd\xd1\x17\xb9\xcb`\
>\xd6Co\xfa\xca;?\xfe\x9b\xbb\xb9\x0ba/G\
\x00j\xe6\xc1\xb9\xff;\xb9\xeb`>\xb6\x9b\xff\x7f\xf9\
\xaf\xe4n\x00\x00\xb4Z?L{\xefm\xf76\xb9\x0b\
a/\x01@\xcd8\xf7\xdf^\x9a\x7f\x00\x00:\xc4>\
\x80\x1a\x12\x00\xd4\xc8\x83s\xff\xe3\xdcuP=\xcd?\
\x00\x00]\x93R\x18\xbfva\xe5Z\xee:xD\x00\
P\x13\xe3\xd1p\x90Rz3w\x1dTO\xf3\x0f\x00\
@W\xc5\x10\xae\x8f/\x0fM8\xd7\x84\x00\xa0&6\
\x8a\xf2N\x0a\xc1\x19\x99\x96\xd1\xfc\x03\x00\xd0q\xfd\x8d\
\xcd\xd2>\x80\x9a\x10\x00\xd4\xc0\xeb\x17\xce;\xf7\xdfB\
\x9a\x7f\x00\x00\xd89\x0b\xb0\xbcY\x94\xd7s\x97\x81\x00\
 \xbb+\x17V\xc6)$\xe7bZF\xf3\x0f\x00\x00\
\x8fl\xf7<\xaf]\x5c\x19\xe5\xae\xa3\xeb\x04\x00\x19\x8d\
G\xc3A\x08Q\x12\xd62\x9a\x7f\x00\x00xZL\xe1\
\x86}\x00y\x09\x002\xda\xecMo\x18\xfdo\x17\xcd\
?\x00\x00\x1c\xa8\xbf\xb9\xb9\xdd\x03\x91\x8b\x00 \x93+\
\x17\xce_O)\x0cs\xd7Au4\xff\x00\x00p\xb8\
\xed\x1e\xc8\xd5\x80\xf9\x08\x002\xd8\x1d\xfdw\xe5_\x9b\
h\xfe\x01\x00\xe0hb\x08o]y\xf5\xa5\xe5\xdcu\
t\x91\x00 \x83\x8d\xa2\xbc\x93\xbb\x06\xaa\xa3\xf9\x07\x00\
\x80c\x9a\xf6\x5c\x0d\x98\x81\x00`\xc1\x5c\xf9\xd7.\x9a\
\x7f\x00\x008\x91\x81\xab\x01\x17O\x00\xb0@\xaf]\x5c\
\x19\xb9\xf2\xaf=4\xff\x00\x00pr\xdb\xbd\xd1\xea\xa5\
\x97\xedE[ \x01\xc0\x82\x8cG\xc3AL\xf1\xad\xdc\
uP\x0d\xcd?\x00\x00\xcc\xae,\xe3\x0dG\x01\x16G\
\x00\xb0 \x9b\xc5\xf4\xba\xd1\xffv\xd0\xfc\x03\x00@e\
\x06\x1b=W\x03.\x8a\x00`\x01\xae\x5cX\x19\xa7\x10\
\xc6\xb9\xeb`v\x9a\x7f\x00\x00\xa8X\x0a\xa3\xd7/\x9e\
\x7f#w\x19] \x00\x98\xb3\xdd+\xff\xa2\xe5\x16-\
\xa0\xf9\x07\x00\x80\xf9H)\xfd\xe9\xf8\xf2\xd0\xc4\xf4\x9c\
\x09\x00\xe6\xcc\xe8\x7f;h\xfe\x01\x00`\xae\xfa\x9b\x9b\
\x8e\x02\xcc\x9b\x00`\x8eV/\x9e\xbfj\xf4\xbf\xf94\
\xff\x00\x000\x7f)\x85\xe1k\x17V\xdc\x9a6G\x02\
\x809\x19\x8f\x86\x83\x94\xd2\x9b\xb9\xeb`6\x9a\x7f\x00\
\x00X\x9c\x18\xc2uG\x01\xe6G\x000'\x9b\xbd\xe9\
\x8d\x14\x82\xeb,\x1aL\xf3\x0f\x00\x00\x0b\xe7(\xc0\x1c\
\x09\x00\xe6`g\xf4?\x85a\xee:89\xcd?\x00\
\x00\xe4\xe1(\xc0\xfc\x08\x00*f\xf4\xbf\xf94\xff\x00\
\x00\x90\x97\xa3\x00\xf3!\x00\xa8\x98\xd1\xfff\xd3\xfc\x03\
\x00@-8\x0a0\x07\x02\x80\x0a]\xb9\xb026\xfa\
\xdf\x5c\x9a\x7f\x00\x00\xa8\x0fG\x01\xaa'\x00\xa8\xc8x\
4\x1c\x84\x10\xaf\xe7\xae\x83\x93\xd1\xfc\x03\x00@\xfd8\
\x0aP-\x01@E6\x8b\xe9\xf5\x10\x92o\xcc\x06\xd2\
\xfc\x03\x00@m9\x0aP!\x01@\x05vF\xffC\
\x18\xe7\xae\x83\xe3\xd3\xfc\x03\x00@\xbd\xed\x1c\x05\xb8\xb8\
2\xca]G\x1b\x08\x00fd\xf4\xbf\xb94\xff\x00\x00\
\xd0\x0c1\x85\x1b\xe3\xd1\xd0\xb2\xf5\x19\x09\x00fd\xf4\
\xbf\x994\xff\x00\x00\xd0(\xfd\xcd\xa2\xf4\xe0uF\x02\
\x80\x19\xac^\x1c\x8e\x8c\xfe7\x8f\xe6\x1f\x00\x00\x9a'\
\x85tm\xf5\xd2\xcbn]\x9b\x81\x00`\x06e*\xdf\
\xca]\x03\xc7\xa3\xf9\x07\x00\x80\xe6*\xcb\xe8(\xc0\x0c\
\x04\x00't\xe5\xc2y\xa3\xff\x0d\xa3\xf9\x07\x00\x80\xc6\
\x1b8\x0apr\x02\x80\x13\xd8]\xfc\x97\xde\xcc]\x07\
G\xa7\xf9\x07\x00\x80vH!]\xbb\xf2\xeaK\xcb\xb9\
\xebh\x22\x01\xc0\x09l\x14\xe5\x9d\xdc5pt\x9a\x7f\
\x00\x00h\x97X\xf6\x1c\xc7>\x01\x01\xc01]\xb9\xb0\
26\xfa\xdf\x1c\x9a\x7f\x00\x00h\x9f\x94\xc2\xf0\xb5\x0b\
+\xd7r\xd7\xd14\x02\x80cp\xe7\x7f\xb3h\xfe\x01\
\x00\xa0\xbdb\x08\xd7-\x04<\x1e\x01\xc01\xb8\xf3\xbf\
94\xff\x00\x00\xd0z\xfd\xcd\xde\xd4Q\x80cX\xca\
]@S\xac^\x1c\x8e\xca4u\xe7\x7f\x034\xa1\xf9\
\x1f\x0c\xbe\x96\xbb\x84=\xd6\xd6~\x9d\xbb\x84Z\xab\xdb\
\xfbU7u\xfb\xfeY\xbb\xffE\xee\x12\xf6\x18\x9cy\
>w\x09\x00\xd0Z)\x85\xf1\xea\xa5\x97\x7f\xf4\xf6\xbb\
\xbf\x98\xe4\xae\xa5\x09\x04\x00G\xe4\xce\xfffhB\xf3\
\xbf\xed\x93\xff\xbc\x92\xbb\x84=\xe2s?\xcb]B\xad\
\xd5\xed\xfd\xaa\x9b\xba}\xff\x9c\xfd\xc6\xcfs\x97\xb0G\
\xfa\xf2\xbb\xb9K\x00\x80V+\xcbxc\xfbW\x80\xdc\
u4\x81#\x00G\xe0\xce\xfffhJ\xf3\x0f\x00\x00\
Tjp\xe5\xc2y\xd7\xb4\x1f\x81\x00\xe0\x19\xdc\xf9\xdf\
\x0c\x9a\x7f\x00\x00\xe8\xb2tu|y\xe8\xa1\xed3\x08\
\x00\x9eaw\xf1\x1fu\xa6\xf9\x07\x00\x80\xce\xebon\
No\xe4.\xa2\xee\x04\x00\x87\xb8rae\x9cB\xb0\
\xf8\xaf\xc64\xff\x00\x00@\xd8]\x088\x5c\xbd\xf4\xf2\
0w\x1du&\x008\x94;\xff\xebL\xf3\x0f\x00\x00\
<\xee\xc1B@\x0e \x008\x80\xc5\x7f\xf5\xa6\xf9\x07\
\x00\x00\xf6a!\xe0!\x04\x00\xfb\xd8]\xfcg\xf4\xbf\
\xae4\xff\x00\x00\xc0\xc1\xd2\xd5\xf1h\xd8\xcf]E\x1d\
\x09\x00\xf6\xb1\xbb\xf8\xcf\xd3\xff:\xd2\xfc\x03\x00\x00\xcf\
\xd0\xdf\xecM\xdf\xca]D\x1d\x09\x00\x9e0\x1e\x0d\x07\
\x16\xff\xd5\x93\xe6\x1f\x00\x008\x8a\x94\xc2\xd8B\xc0\xa7\
\x09\x00\x9e\xb0Q\x94wr\xd7\xc0\xd34\xff\x00\x00\xc0\
q\xa4d\xa9\xfb\x93\x04\x00\x8f\xb9rael\xf4\xbf\
~4\xff\x00\x00\xc0q\xa5\x14\x86\xbb=\x1e\x0f\x09\x00\
\x1e\xd8]\x12!!\xaa\x1b\xcd?\x00\x000\x83\xb7,\
\x04|D\x00\xf0\xc0FQ^\xf5\xf4\xbf^4\xff\x00\
\x00\xc0\x8c\xfa\x1bEy-w\x11u!\x00\xf8\xea\xda\
\xbf\xe4\xae\xc8\x1a\xd1\xfc\x03\x00\x00\xd5HW\xc7\x97\x87\
\x1e\xf6\x0a\x00v\xed^\xfbG]h\xfe\x01\x00\x80\x0a\
\xf577\xf5|A\x00\xe0\xda\xbf\xba\xd1\xfc\x03\x00\x00\
Us-\xe0\xae\xce\x07\x00\x9b\xbd\xe9\x8d\xdc5\xb0K\
\xf3\x0f\x00\x00\xcc\x8bk\x01;\x1e\x00\x5c\xb9\xb02N\
)t>\x05\xaa\x03\xcd?\x00\x000O\xdb\xbd_\xd7\
\xa7\x00:\x1d\x00\xb8\xf6\xaf\x1e4\xff\x00\x00\xc0\x22\x94\
e\xec\xf4\x04xg\x03\x80+\x17V\xc6\xae\xfd\xcbO\
\xf3\x0f\x00\x00,\xd0\xe0\xb5\x0b+\x9d\xbd\x16\xb0\x93\x01\
\xc0x4\xec{\xfa\x9f\x9f\xe6\x1f\x00\x00X\xb4\x18\xc2\
\xf5\xdd\x9e\xb0{:\x19\x00l\x14\xe5UO\xff\xf3\xd2\
\xfc\x03\x00\x00\x99\xf47\x8a\xb2\x93S\x00\x9d\x0b\x00\xc6\
\xa3\xe1 \x86\xd4\xc97\xbb.4\xff\x00\x00@^\xe9\
j\x17\xa7\x00:\x17\x00l\x16\xd3\xeb)\x84\xce\xbd\xd1\
u\xa1\xf9\x07\x00\x00j\xa0\xbfY\x94\x9d;\x16\xde\xa9\
\x00`<\x1a\x0eR\x08\xe3\xdcut\x95\xe6\x1f\x00\x00\
\xa8\x8b\x14\xd2\xb5\xf1\xe5a\xa7\x8e\x86w*\x00\xd8,\
\xa6\x9dKx\xeaB\xf3\x0f\x00\x00\xd4\xcd\xe6f\xb7z\
\xc4\xce\x04\x00\x9e\xfe\xe7\xa3\xf9\x07\x00\x00\xea(\xa50\
^\xbd\xf4\xf20w\x1d\x8b\xd2\x99\x00\xc0\xd3\xff<4\
\xff\x00\x00@\x9d\xa5\xd4\x9d+\xe2;\x11\x00\x5cyu\
\xb8\xec\xe9\xff\xe2i\xfe\x01\x00\x80\xbaK)\x0c\xbb2\
\x05\xd0\x89\x00 \x96\xd3\xb7r\xd7\xd05\x9a\x7f\x00\x00\
\xa0)\xba2\x05\xd0\xfa\x00`\xf5\xd2p\x98R\xe8D\
\x9aS\x17\x9a\x7f\x00\x00\xa0I\xba2\x05\xd0\xfa\x00 \
%g\xff\x17I\xf3\x0f\x00\x004Q\x17\xa6\x00Z\x1d\
\x00\x5c\xb9\xb02\xf6\xf4\x7fq4\xff\x00\x00@Su\
a\x0a\xa0\xd5\x01@\x08\xedOp\xeaB\xf3\x0f\x00\x00\
4]\xdb\xa7\x00Z\x1b\x00\x5c\xb9\xb02\x0e!\x0dr\
\xd7\xd1\x05\x9a\x7f\x00\x00\xa0\x0d\xda>\x05\xd0\xda\x00\xc0\
\xd3\xff\xc5\xd0\xfc\x03\x00\x00m\xd2\xe6)\x80V\x06\x00\
\x9e\xfe/\x86\xe6\x1f\x00\x00h\x9b6O\x01\xb42\x00\
\xf0\xf4\x7f\xfe4\xff\x00\x00@[\xb5u\x0a\xa0u\x01\
\x80\xa7\xff\xf3\xa7\xf9\x07\x00\x00\xda\xac\xadS\x00K\xb9\
\x0b\xa8^\xbc\x1eB\xca]Dki\xfe\x01\x98\xbb\x9f\
\xffc\xee\x0a\x1e\xb9\xff\xeb\xdc\x15\xd4\x9f\xf7\xabY\xea\
\xf4~}\xb6\xfd;\xfb\xd7rW\x01\x07z0\x050\
\xc9]G\x95Z\xd5\xc9\xad^\x5c\x19\x95)\xbc\x97\xbb\
\x8e\xb6\xd2\xfcW\xe7\xb7^x.w\x09{\xc4\xe7~\
\x96\xbb\x84ZK_~7w\x09\xb5\xe6\xfb\xe7p\xbe\
\x7f\x8ei\xbb\x81\xfb\xc6\x07\xb9\xab\x00\x16\xe0\xb3\xdfx\
>\x5c\xfb\xde\xef\xe7.\x03\x0eU\x14\xe9\x95\xb7\xdf\xfd\
EkB\x80V\x1d\x01H!\x5c\xcd]C[i\xfe\
\x01\x00\x80\xaei\xdb.\x80\xd6\x04\x00\xab\x97\x86\xc3\x94\
B\xeb\xceh\xd4\x81\xe6\x1f\x00\x00\xe8\xa2\xb6\xed\x02h\
M\x00\x90\xd2\xb4U\xc9L]h\xfe\x01\x00\x80.k\
\xd3\x14@+\x02\x00O\xff\xe7C\xf3\x0f\x00\x00t]\
\x9b\xa6\x00Z\x11\x00\xa4r\xfaF\xee\x1a\xdaF\xf3\x0f\
\x00\x00\xb0\xab-S\x00\x8d\x0f\x00\xc6\xa3\xe1 \x850\
\xce]G\x9bh\xfe\x01\x00\x00\x1ei\xcb\x14@\xe3\x03\
\x80\xcd\xc2\xd9\xff*i\xfe\x01\x00\x00\x9e\x96Rl\xfc\
\xe4y\xa3\x03\x00O\xff\xab\xa5\xf9\x07\x00\x00\xd8_J\
a<\xbe<\x1c\xe4\xaec\x16\x8d\x0e\x00<\xfd\xaf\x8e\
\xe6\x1f\x00\x00\xe0p\x1b\x1be\xa3\x1f@76\x00\xf0\
\xf4\xbf:\x9a\x7f\x00\x00\x80\xa3HW\xc7\xa3a?w\
\x15'\xd5\xd8\x00`\xa3(\x1b\x7f\xfe\xa2\x0e4\xff\x00\
\x00\x00G\xd6\xdf(\xcak\xb9\x8b8\xa9\xc6\x06\x00\xc1\
\xd3\xff\x99i\xfe\x01\x00\x00\x8e\xab\xb9S\x00\x8d\x0c\x00\
\xae\x5cX\x19\x87\x90\x1a\xbd|!7\xcd?\x00\x00\xc0\
\x89\xf4\xbf,\xa6\x8d| \xdd\xc8\x00 \x84h\xf9\xdf\
\x0c4\xff\x00\x00\x00'\x17C\xb8\x9a\xbb\x86\x93h\x5c\
\x00\xe0\xe9\xffl4\xff\x00\x00\x003\x1b\xac^zy\
\x98\xbb\x88\xe3j\x5c\x00\x10c\xb0\xfc\xef\x844\xff\x00\
\x00\x00\xd5H\xa9y\x93\xe9\x8d\x0a\x00\xae\xbc\xfa\xd2r\
J\xa1q)K\x1dh\xfe\x01\x00\x00\xaa\xb3\xdd\x9b6\
m\x0a\xa0Q\x01@\x9c\xf6\x1ay\xce\x227\xcd?\x00\
\x00@\xf5\xca\x14\x1b\xd5\xa36&\x00\x18\x8f\x86\x83\xe4\
\xea\xbfc\xd3\xfc\x03\x00\x00\xccI\x0a\xa3&]\x09\xd8\
\x98\x00`\xb3\x986\xee|En\x9a\x7f\x00\x00\x80\xf9\
\xda(\xcak\xb9k8\xaa\xc6\x04\x00)\xc4F\x9d\xad\
\xc8M\xf3\x0f\x00\x00\xb0\x08\xe9jS\xa6\x00\x1a\x11\x00\
\xb8\xfa\xefx4\xff\x00\x00\x00\x0b\xd3\xff\xb2\x986\xe2\
\xb8z#\x02\x80\x10\x9aw\xbdB.\x9a\x7f\x00\x00\x80\
\xc5*b\xf8~\xee\x1a\x8e\xa2\xf6\x01\xc0\xea\xa5\xe1\xd0\
\xd3\xff\xa3\xd1\xfc\x03\x00\x00,^S\xae\x04\xac}\x00\
\x90\xca\xe9\x1b\xb9kh\x02\xcd?\x00\x00@>)\xd5\
\x7fr\xbd\xd6\x01\x80\xab\xff\x8eF\xf3\x0f\x00\x00\x90W\
JaX\xf7e\x80\xb5\x0e\x00\x5c\xfd\xf7l\x9a\x7f\x00\
\x00\x80z\xa8\xfb\x95\x80\xb5\x0e\x00\x5c\xfdw8\xcd?\
\x00\x00@\x9d\xd4\xfbJ\xc0\xda\x06\x00\xae\xfe;\x9c\xe6\
\x1f\x00\x00\xa0v\xfa[\xbdP\xdb\x07\xd9\xb5\x0d\x00b\
\x0c\x96\xff\x1d@\xf3\x0f\x00\x00PO)L\xaf\xe6\xae\
\xe1 \xb5\x0c\x00v\x96\xff\xa5\xfa\xa6&9i\xfe\x01\
\x00\x00\xea\xab\xceW\x02\xd62\x00\xb0\xfco\x7f\x9a\x7f\
\x00\x00\x80\xfa+\xa7\xc5(w\x0d\xfb\xa9e\x00`\xf9\
\xdf\xd34\xff\x00\x00\x00\x0d\x11\xd3\x1bu\x5c\x06X\xbb\
\x00\xc0\xf2\xbf\xa7i\xfe\x01\x00\x00\x1a\xa5\xffe1\x1d\
\xe7.\xe2I\xb5\x0b\x00,\xff\xdbK\xf3\x0f\x00\x00\xd0\
<E\x0c\xdf\xcf]\xc3\x93j\x15\x00X\xfe\xb7\x97\xe6\
\x1f\x00\x00\xa0\x99\xea\xb8\x0c\xb0V\x01\x80\xe5\x7f\x8fh\
\xfe\x01\x00\x00\x9a\xadn\xcb\x00k\x15\x00X\xfe\xb7K\
\xf3\x0f\x00\x00\xd0\x025[\x06X\x9b\x00\xc0\xf2\xbf]\
\x9a\x7f\x00\x00\x80\xd6\xe8o\x14\xd3\xdaL\x01,\xe5.\
\xe0\xa1\x18\xc3\x1b)\xe5\xae\x22/\xcd?\xd4\xd3\xcd\x7f\
\xff\xff\xe5.\x81c\x18\xff\x0f\xffM\xee\x12\x98\xc5\xd7\
O\x85P\xa7\xf7\xf0\xf3\xcd\x10~\xfa\xff\xe7\xae\xa2\xbe\
\xfaK!\xfcw\xff4w\x15\x8fx\xbf\x0eW\xb7\xf7\
k\xb3\x17\xc2\x97\xb9\x8b\x80\xf9{\xb0\xe8\xfef\xee:\
\xb6\xd5\xa2\xdb\x1c\x8f\x86\x83\x8db\xfaI\xee:r\xd2\
\xfcw\xcbo\xbd\xf0\x5c\xee\x12\xf6\x88\xcf\xfd,w\x09\
P\x99\xf4\xe5ws\x97@\x9b\xdc\xffu\x08\xdf\xf8 \
w\x15\xf5u\xe6k!\xfc\xddJ\xee*\x1e\xf1~\x1d\
\xaef\xef\xd7g\x9f\xa5p\xed\x8f\xbe\xc8]\x06,D\
y\xbaw\xf6\xd6\xad\xc9Z\xee:jq\x04`#\x96\
\xd7r\xd7\x90\x93\xe6\x1f\x00\x00\xa0\xbd\x8a\x8dr\x9c\xbb\
\x86P\x97\x00 \xd4\xf0~\xc4E\xd1\xfc\x03\x00\x00\xb4\
]\xba\x9a\xbb\x82P\x87\x00`\xf5\xd2p\xd8\xd5\xe5\x7f\
\x9a\x7f\x00\x00\x80N\xe8\xaf^z9\xfb\xadw\xd9\x03\
\x80TN\xdf\xc8]C\x0e\x9a\x7f\x00\x00\x80\xee(S\
\xcc>\x05\x905\x00\x18\x8f\x86\xfd\x14B-\xceB,\
\x92\xe6\x1f\x00\x00\xa0cR\x18n\xf7\xc09K\xc8\x1a\
\x00\xd4\xe9>\xc4E\xd1\xfc\x03\x00\x00tR\xff\xcbb\
\x9a\xf5\x01x\xd6\x00\xe0\xc1}\x88\x9d\xa1\xf9\x07\x00\x00\
\xe8\xae\x22\xf3\x02\xfcl\x01\xc0x4\x1c\xa4\x14\xb2/\
AX\x14\xcd?\x00\x00@\xb7\xa5\xcc\xc7\x00\xb2\x05\x00\
\x9b\x1d\x1a\xff\xd7\xfc\x03\x00\x00\x10v\x8e\xc2\x97\xd7r\
}\xedl\x01@\x0a\xf97 .\x82\xe6\x1f\x00\x00\x80\
GR\xb6\xa3\xf0Y\x02\x80\xae\xdc\xfd\xaf\xf9\x07\x00\x00\
\xe0\x09\x83\xd5K/g9\x0e\x9f%\x00\xe8\xc2\xdd\xff\
\x9a\x7f\x00\x00\x00\xf6SN\x8b,G\xe2\xf3\x04\x00!\
\xb6z\xf9\x9f\xe6\x1f\x00\x00\x80\x03\xc5<\xc7\x00\x16\x1e\
\x00\xb4}\xfc_\xf3\x0f\x00\x00\xc03\xf4s\x1c\x03X\
x\x00\xd0\xe6\xf1\x7f\xcd?\x00\x00\x00G\x91\xe3\x18@\
\x8e#\x00\xad\xbc\xfeO\xf3\x0f\x00\x00\xc0\x91\xc5\xf4\xc6\
x4\xec/\xf2K.4\x00X\xbd\xb82J!,\
\xf4\xff\xc0E\xd0\xfc\x03\x00\x00pL\xfd\xad\xa5\xad\xe5\
E~\xc1\x85\x06\x00)\x85\xef/\xf2\xeb-\x82\xe6\x1f\
\x00\x00\x80\x93(S\x5c\xe8\x11\xf9\x85\x05\x00\xe3\xd1\xb0\
\x9fB\x18/\xea\xeb-\x82\xe6\x1f\x00\x00\x80\x13Ka\
\xb4\xc8c\x00\x0b\x0b\x006\x8ai\xab\xce\xfek\xfe\x01\
\x00\x00\x98Q\x7f\x91\xbd\xf2\xe2\x8e\x00\xc4\xf6\x8c\xffk\
\xfe\x01\x00\x00\xa8B\x8caa\xc7\x00\x16\x12\x00\xec\x8c\
4\xa4vl\xff\xd7\xfc\x03\x00\x00P\x95\x94\xc2\xf2\xa2\
\x8e\x01,$\x00h\xcb\xf8\xbf\xe6\x1f\x00\x00\x80\x8a-\
\xec\x18\xc0b\x8e\x00\xb4`\xfc_\xf3\x0f\x00\x00\xc0\x5c\
,hb~!\x01@La\xb8\x88\xaf3/\x9a\x7f\
\x00\x00\x00\xe6&\x86\xef,\xe2\x18\xc0\xdc\x03\x80\xd5\x8b\
+\xa3\x14\xc2\xc2\xae5\xa8\x9a\xe6\x1f\x00\x00\x809\xeb\
o-m-\xcf\xfb\x8b\xcc=\x00H\xa9\xb9\xe3\xff\x9a\
\x7f\x00\x00\x00\x16\xa1Lq\xee\xb7\x01,\xe2\x08@#\
\x17\x00j\xfe\x01\x00\x00X\x98\x05\xec\x01\x98k\x00\xb0\
zi8l\xe2\xf8\xbf\xe6\x1f\x00\x00\x80\x05\xeb\xaf^\
zy\xae\xfb\xf3\xe6\x1a\x00\xa4r:\xf7\x11\x86\xaai\
\xfe\x01\x00\x00\xc8\xa1\x9c\x16s\x9d\x02\x98o\x00\x10b\
\xa3\xb6\xffk\xfe\x01\x00\x00\xc8&\xa6\xb9>D\x9f[\
\x00\xb0zi8\x0c!\x0d\xe6\xf5\xfaU\xd3\xfc\x03\x00\
\x00\x90\xd9\x5c\x8f\x01\xcc-\x00(\xa7ec\x96\xffi\
\xfe\x01\x00\x00\xa8\x83\xb2,\x9a\x17\x00\xc4\x22|g^\
\xaf]%\xcd?\x00\x00\x00u\x11\xe3\xfc\xae\xd2\x9fK\
\x000\x1e\x0d\x07)\xa5\xe5y\xbcv\x954\xff\x00\x00\
\x00\xd4\xc9v/}\xf9\xf2p.\xc7\xe9\xe7\x12\x00l\
\x14\xd3\xda/\xff\xd3\xfc\x03\x00\x00PGqc:\x97\
#\xf5s\x09\x00b\x0c\xb5\xbe\xfeO\xf3\x0f\x00\x00@\
]\x15s:\x06Py\x000\x1e\x0d\xfb)\x85\xdaN\
\x00h\xfe\x01\x00\x00\xa8\xb3\xed\x9ez\xbb\xb7\xae\xfau\
+\x0f\x00\xb6z\xf5\x1d\xff\xd7\xfc\x03\x00\x00\xd0\x04[\
\xbd\xea\x1f\xac/U\xfd\x82)\xcdoc\xe1,4\xff\
\xc0I\xbd\xf9?\xff\xb7\xb9K\xd8\xe3\xcd\xff\xe5\xff\xc9\
]\x02\xcc\xcf\xfaV\x08\xff\xfb\xfd\xdcU<\xb2]\x0f\
\x07\xfb|3\x84\xff\xb5F?\x93\xbc_\x87\xab\xdb\xfb\
\xb5\xd9\x0b!\xfc\xd3\xdcU@m\x95a\xba\xdd[\xdf\
\xae\xf25+\xef\x88\xaf\x5c8\xffI\x08i.\x1b\x0b\
OJ\xf3O\xdd\xfc\xd6\x0b\xcf\xe5.a\x8f\xf8\xdc\xcf\
r\x97Pk\xe9\xcb\xef\xe6.a\x0f\xef\xd7\xe1\xea\xf6\
~qL\xf7\x7f\x1d\xc27>\xc8]\x05\xb0\x00\x9f\xfd\
\xc6\xf3\xe1\xda\xf7~?w\x19Pg\xeb\xef\xfc\xe4\x83\
\xdf\xac\xf2\x05+=\x02p\xe5\xd5\x97\x965\xff\x00\x00\
\x000\xb3\xfe\xea\xa5\x97+=\x06Pi\x00\x10\xa7\xbd\
Z\x9d\xff\xd7\xfc\x03\x00\x00\xd0TeY\xd47\x00\x08\
s\xba\xaa\xe0$4\xff\x00\x00\x004Y\x8c\xe9;U\
\xbe^e\x01@\x9d\xae\xff\xd3\xfc\x03\x00\x00\xd0tU\
_\x07XY\x00P\x97\xeb\xff4\xff\x00\x00\x00\xb4E\
\x95\xd7\x01V\x16\x00\xd4\xe1\xfa?\xcd?\x00\x00\x00m\
R\x96e\x0d\x03\x80\x10\xb3N\x00h\xfe\x01\x00\x00h\
\x9d\x98*{\xd8^I\x00\x90\xfb\xfa?\xcd?\x00\x00\
\x00-5\xb8|yXI\xbf]\xcd\x04\xc0\xb4\xb7\x5c\
\xc9\xeb\x9c\x80\xe6\x1f\x00\x00\x806\x8b\x1b\xd3Q\x15\xaf\
SM\x00\x90\xe9\xfa?\xcd?\x00\x00\x00m\x17+\xba\
q\xaf\x92\x00\xa0\xaab\x8eC\xf3\x0f\x00\x00@'\xc4\
\xf0\x9d*^f\xe6\x00`\xf5\xd2p\x98B\xa8\xec^\
\xc2\xa3\xd0\xfc\x03\x00\x00\xd0!\xfd\xd5K/\xcf\xfc\xe0\
}\xe6\x00 \x95\xd3\x85\x9e\xff\xd7\xfc\x03\x00\x00\xd05\
eY\xe4\x0f\x00\x16y\xfe_\xf3\x0f\x00\x00@\x17\xc5\
\x98f>\x060\xfb\x04\xc0\x82\xce\xffk\xfe\x01\x00\x00\
\xe8\xaa\x94\xc2\xf2x4\x9c\xe9\xf8\xfdL\x01\xc0\xea\xa5\
\xa1\xe6\x1f\x00\x00\x00\xe6\xaf\xbf\xb5\xb45\xd3\x11\xfc\x99\
\x02\x80\xb2,\xe7\x1e\x00h\xfe\x01\x00\x00`\xf6=\x00\
3\x05\x00U\x9cA8\x8c\xe6\x1f\x00\x00\x00v\xcd\xda\
\x83\xcf\x14\x00\xcc\xf3\xfc\xbf\xe6\x1f\x00\x00\x00\x1e\x99u\
\x0f\xc0\x89\x03\x80y\x9e\xff\xd7\xfc\x03\x00\x00\xc0Sf\
\xda\x03p\xe2\x00`^\xe7\xff5\xff\x00\x00\x00\xb0\xbf\
Y\xf6\x00\x9c8\x00\x98\xc7\xf9\x7f\xcd?\x00\x00\x00\x1c\
l\x96^\xfc\xe4;\x00R\x98\xe9\xfa\x81'i\xfe\x01\
\x00\x00\xe0pi\x86^\xfcD\x01\xc0\xea\xa5\xe10\x85\
p\xe2\xc5\x03O\xd2\xfc\x03\x00\x00\xc0\x91\xf4W/\xbd\
|\xa2c\x00'\x0a\x00R9\xad\xec\xe9\xbf\xe6\x1f\x00\
\x00\x00\x8enZ\xc6\x13\xf5\xe4'\x0b\x00b\xa8\xe4\xfc\
\xbf\xe6\x1f\x00\x00\x00\x8e'\x9e\xf0J\xfe\x13\x05\x00'\
\xfdb\x8f\xd3\xfc\x03\x00\x00\xc0\x09\x9c\xf0\xa1\xfc\xb1\x03\
\x80+\xaf\xbe\xb4<\xeb\xf9\x7f\xcd?\x00\x00\x00\x9cX\
\xff\xf2\xe5\xe1\xe0\xb8\xff\xd2\xf1'\x00\xa6\xbd\x99\xce\xff\
k\xfe\x01\x00\x00`6\xc5\xc6\xf4\xd8\x93\xf9\xc7\x0e\x00\
b8\xf9\xf9\x7f\xcd?\x00\x00\x00T \x1d\x7f\x11\xe0\
\xf1'\x00\xe2\xc9\xb6\x0dj\xfe\x01\x00\x00\xa0\x1a\xb18\
\xfe\xc3\xf9c\x05\x00\xe3\xd1\xb0\x9fR:v\x00\xa0\xf9\
\x07\x00\x00\x80\xeal\xf7\xe6\xdb=\xfaq\xfe\x9dc\x05\
\x00[KA\xf3\x0f\x00\x00\x005\xb0\xb5\xb4u\xac\x1e\
\xfdX\x01@Y\x96\xc7Z2\xa0\xf9\x07\x00\x00\x80\xf9\
\x98\x96\xc7;\xa2\x7f\xbc\x1d\x001\xfd\xeeQ?U\xf3\
\x0f\x00\x00\x00\xf3\x13S8\xd6C\xfac\x05\x00G}\
q\xcd?\x00\x00\x00\xccY<\xde\x22\xc0#\x07\x00\xe3\
\xd1p\x90Bx\xe6\x82\x01\xcd?\x00\x00\x00,D\xff\
\xf2\xe5\xe1\xe0\xa8\x9f|\xe4\x00`\xab7}\xe6\xd9\x02\
\xcd?\x00\x00\x00,N\xb11=\xf21\x80#\x07\x00\
e\x19\x0f}Q\xcd?\x00\x00\x00,X:\xfa\x22\xc0\
\xa5\xa3~b,\xd2\xef\xa6\xb4\xff?\xd3\xfc\x03,\xce\
\x8d\xbfx1w\x09{\xfc\xe0\x0f?\xce]\xc2\x1e?\
\xf8\xc3\xff\x94\xbb\x84=n\xfc\xc5\xbf\xc8]B\xb3|\
\xfdT\x08u\xfa\x1e_\xdf\x0a\xe1\x7f\xfa\xdb\xdcU\xd4\
W\x7f)\x84\xff\xedwrW\xf1\x88\xf7\xebpu{\
\xbf6z!\xfc_\xb9\x8b\x80\xe6\xdb\xee\xd5\x8f\xfc\xb9\
G\xfd\xc4\xd7/\xac\xfc\xe3~;\x004\xffp|\xbf\
\xf5\xc2s\xb9K\xd8#>\xf7\xb3\xdc%\xd4Z\xfa\xf2\
\xbb\xb9K\xa85\xdf?\x87\xf3\xfd\xd3p\xf7\x7f\x1d\xc2\
7>\xc8]E}\x9d\xf9Z\x08\x7f\xb7\x92\xbb\x8aG\
\xbc_\x87\xab\xd9\xfb\xf5\xd9g)\x5c\xfb\xa3/r\x97\
\x01m\xb0\xfe\xceO>\xf8\xcd\xa3|\xe2\x91\x8e\x00\x5c\
y\xf5\xa5e\xcd?\x00\x00\x00\xd4\xce\x91\x17\x01\x1e)\
\x00(\xca\xdeS/\xa6\xf9\x07\x00\x00\x80\xfc\x8e\xba\x08\
\xf0H\x01\xc0\x93\x0b\x005\xff\x00\x00\x00P\x13G\x5c\
\x04x\xa4\x00\xe0\xf1\xa5\x02\x9a\x7f\x00\x00\x00\xa8\x93T\
\xdd\x11\x80\x90\xc2N\x9a\xa0\xf9\x07\x00\x00\x80\x9a\x89\xe1\
;G\xf9\xb4g\x06\x00\xe3\xd1p\x90B\xe8k\xfe\x01\
\x00\x00\xa0\x96\x8e\xb4\x08\xf0\x99\x01\xc0\xd6R\x18h\xfe\
\x01\x00\x00\xa0\xbe\x966\xc33\xf7\x00,=\xeb\x13\xfe\
\xc7\x7f\x13\x86\xff\xec\x9fk\xfe\x01\x00\x00\xa0\xae\xa6i\
:\xfb\x04\xc0?\xfb\xe7\xe1w+\xab\x08\x00\x00\x00\xa8\
\x5c\x8c\xcf\xee\xdd\x9f\x19\x00\xa4#n\x13\x04\x00\x00\x00\
2Ia\xf8\xacOyf\x00\x10\xc3\xb3\xcf\x11\x00\x00\
\x00\x00Y\x0d\xc6\xa3a\xff\xb0O84\x00\xf8\x87O\
\x86\xcfL\x10\x00\x00\x00\x80\xfc6B8t\x82\xff\xd0\
\x00`3\x84C\xd3\x03\x00\x00\x00\xa0&\x8a\xe9\xa1\x13\
\xfc\x87\x06\x00Ex\xf6\x19\x02\x00\x00\x00\xa0\x06R\x9c\
!\x00\x88\xc9\x0d\x00\x00\x00\x00\xd0\x08\x87/\xf1?4\
\x00H\x16\x00\x02\x00\x00@3<\xe3*\xc0\x03\x03\x80\
O>\xd9\xd9\x1eh\x07\x00\x00\x00\x004\xc3\xa17\x01\
\x1c\x18\x00<\xef\xe9?\x00\x00\x004\xcaa7\x01\x1c\
\x18\x00\x18\xff\x07\x00\x00\x80\x869\xe4&\x80\x03\x03\x80\
\xf2\x19\xf7\x07\x02\x00\x00\x005s\xc8M\x00\x07\x06\x00\
n\x00\x00\x00\x00\x80\xa69\xf8&\x80\xc3&\x00,\x00\
\x04\x00\x00\x80&9\xe4&\x80\x03\x03\x80h\x07\x00\x00\
\x00\x004\xcd\x817\x01\xec\x1b\x00\xfc\xbf\x9f\x0c5\xff\
\x00\x00\x00\xd0@_<\xbf\xffD\xff\xbe\x01\x80\x05\x80\
\x00\x00\x00\xd0L\xc5\xc6t\xb8\xef\xc7\xf7\xfb`\xcf\xf8\
?\x00\x00\x004R:`\xa7\xdf\xbe\x01@2\x01\x00\
\x00\x00\x00\x8d\x14\x0fX\x04\xb8o\x00P\xc4tf\xee\
\x15\x01\x00\x00\x00\x95\x8b!\xee;\xd5\x7f\xd0\x04\x80#\
\x00\x00\x00\x00\xd0@)\xa5\xa3\x1d\x01\xf8\xe4\x93\x9d\xeb\
\x02\xf6\xfdd\x00\x00\x00\xa0\xf6\xf6\xbd\x0a\xf0\xa9\x00\xe0\
\x94\xf3\xff\x00\x00\x00\xd0h\x1b\xfb\xf4\xf6O\x05\x00\xae\
\x00\x04\x00\x00\x80\x86+\xa6O\x1d\xed\x7f*\x00X\x12\
\x00\x00\x00\x00@\xa3\xedw\x15\xa0\x09\x00\x00\x00\x00h\
\x99\xfd\xae\x02|*\x00(b\xda\xf7\xbe@\x00\x00\x00\
\xa0!\xca\xf0\x9bO~h\xbf\x09\x007\x00\x00\x00\x00\
@\x93\x1de\x02 \x86\xf0\xd4\xa2\x00\x00\x00\x00\xa0Q\
\x0e\xdf\x01\xf0\xc9'O\xdf\x13\x08\x00\x00\x004N\xff\
\xf2\xe5\xe1\x9e\x1d\x7f{\x02\x80\xe7=\xfd\x07\x00\x00\x80\
V(\xbe\xd8;\x05\xb0\xf4\xf8_6C\xe8\xf7\x16^\
\x12t\xcf\x0f\xfe\xf0?\xe5.\x81c\xa8\xdb\xfbu\xe3\
/\xfeE\xee\x12\xf6\xb8\xf1\x17/\xe6.a\x8f\x1f\xfc\
\xe1\xc7\xb9K\xd8\xc3\xf7\x0f\x00\x90M1]\x0e!\xdc\
}\xf8\xd7=\x01@\xcf\x04\x00,\xc4\xcd\x7f\xff\xf7\xb9\
K\xe0\x18\xea\xf6~\xd5\xad\x81\x1b\xff\xf7\xbf\x95\xbb\x84\
=\xea\x16\x00\xf8\xfe\x01\x00rIO\xec\x01(\x0e\xfb\
\x87\x00\x00\x00@3\xc5\x14\x0f\xde\x01\x10c8\xb3\xf0\
\x8a\x00\x00\x00\x809H\x07\x07\x00\xe9\x89\x7f\x08\x00\x00\
\x004S,\xe2\x9e\x87\xfc{'\x00B\x10\x00\x00\x00\
\x00@\x0b\xa4t\xc8\x04@\xb0\x03\x00\x00\x00\x00\xdab\
\xff%\x80\xff\xf0\xc9\xd0\xd3\x7f\x00\x00\x00h\x91\xcb\x97\
\x1f\xf5\xfa\x8fO\x00\x08\x00\x00\x00\x00\xa0E\x96\xb6\xb6\
\x9e\x0e\x006\x8d\xff\x03\x00\x00@\xab\x94e|:\x00\
X2\x01\x00\x00\x00\x00\xad\x92\x1e{\xd8_\xec\xf7A\
\x00\x00\x00\xa0\xf9b\xdag\x02 \x99\x00\x00\x00\x00\x80\
v)\xd2\xd7\xbf\xfa\xe3W\x7f\x88\xe9L\xb6\x82\x00\x00\
\x00\x80\xca\xc5\xc7\x1e\xf6\x7f\x15\x00\x94\x8e\x00\x00\x00\x00\
@\xab\xa4\xb4O\x00\x10\x1d\x01\x00\x00\x00\x80\xd6*\x1e\
\xfb\xb3\x09\x00\x00\x00\x00h\x97\xbd\x13\x00\xff\xf0\xc9\xd0\
\xd3\x7f\x00\x00\x00h\xa1\xcb\x97w{\xfe\x9d\x00`\xea\
\xe9?\x00\x00\x00\xb4\xdaN\x00\xd0\x13\x00\x00\x00\x00@\
+-mm=\x9a\x00\xd8\x14\x00\x00\x00\x00@+\x95\
e|\x14\x00,\xb9\x01\x00\x00\x00\x00Zm'\x00H\
&\x00\x00\x00\x00\xa0\xa5\x1e\x9b\x00\x10\x00\x00\x00\x00@\
K\xa5\xdd\x9e\xbfx\xf0W\x01\x00\x00\x00\x00\xb4Q\x91\
\xbe\x1e\x1e\x06\x00ELgr\xd7\x03\x00\x00\x00T/\
>\xd8\xfbW\xe4.\x04\x00\x00\x00\x98\xa7\xf8\xf8\x11\x80\
\xe8\x16\x00\x00\x00\x00h\xa1\x94\xd2\xa3\x00 \x85d\x07\
\x00\x00\x00\x00\xb4\x98%\x80\x00\x00\x00\xd0nv\x00\x00\
\x00\x00@\x17\x8cG\xc3~\xf1\x0f\x9f\x0c\x9d\xff\x07\x00\
\x00\x80\x16\xfb\xe2\xf9\xd0/\xa6\xc6\xff\x01\x00\x00\xa0\xf5\
\x8a\x9e\x00\x00\x00\x00\x00Zmikk`\x07\x00\x00\
\x00\x00t@\xb1i\x02\x00\x00\x00\x00Z\xad,\xe3\xa0\
(\x04\x00\x00\x00\x00\xd0z\x02\x00\x00\x00\x00\xe8\x80\x22\
\x09\x00\x00\x00\x00\xa0\xe5\xa2%\x80\x00\x00\x00\xd0\x05&\
\x00\x00\x00\x00\xa0\xedR\xe8/\x05\x01\x00,\xdc\x9d\xff\
\xf3\xf7s\x97\x00\xad\xe5?_T\xea\xeb\xa7B\xf0=\
u\xb0\x9d_%k\xc4\xfbu\xb8\xba\xbd_\xc0b\x15\
\xe9\xeb~\x0a@\x06\xc3\xf3\xbf\x99\xbb\x04h-\xff\xf9\
\xa2R\xdb\x0d\x93\xef\xa9\xe6\xf0~\x01\x1c\xaa\x881|\
=w\x11\x00\x00\x00\xc0|\x151$G\x00\x00\x00\x00\
\xa0\xc5b\x08n\x01\x00\x00\x00\x80.\x10\x00\x00\x00\x00\
@\x07\x08\x00\x00\x00\x00\xa0\x03\x8a\x10\xe2 w\x11\x00\
\x00\x00\xc0\xfc\xa4d\x07\x00\x00\x00\x00t\x82\x00\x00\x00\
\x00\x00:@\x00\x00\x00\x00\x00\x1d \x00\x00\x00\x00\x80\
\x0e\x10\x00\x00\x00\x00@\x07\x14)$\xb7\x00\x00\x00\x00\
@\xbb\xb9\x05\x00\x00\x00\x00\xba@\x00\x00\x00\x00\x00\x1d\
 \x00\x00\x00\x00\x80\x0e\x10\x00\x00\x00\x00@\x07\x08\x00\
\x00\x00\x00\xa0\x03\x04\x00\x00\x00\x00\xd0\x01\x02\x00\x00\x00\
\x00\xe8\x00\x01\x00\x00\x00\x00t\x80\x00\x00\x00\x00\x00:\
@\x00\x00\x00\x00\x00\x1d \x00\x00\x00\x00\x80\x0e\x10\x00\
\x00\x00\x00@\x07\x08\x00\x00\x00\x00\xa0\x03\x04\x00\x00\x00\
\x00\xd0\x01\x02\x00\x00\x00\x00\xe8\x80\x22\x86\xb8\x96\xbb\x08\
\x00\x00\x00`\xae\xd6L\x00\x00\x00\x00@\x07\x08\x00\x00\
\x00\x00\xa0\x03\x04\x00\x00\x00\x00\xd0\x01\x02\x00\x00\x00\x00\
\xe8\x00\x01\x00\x00\x00\x00t@\x11Br\x0b\x00\x00\x00\
\x00\xb4X\x8cn\x01\x00\x00\x00\x80N\x10\x00\x00\x00\x00\
@\x07\x08\x00\x00\x00\x00\xa0\x03\x8a2\xc5\xfb\xb9\x8b\x00\
\x00\x00\x00\xe6'\x95\xe1s\x13\x00\x00\x00\x00\xd0vE\
\xf8\xc7\xa5\xdc5@\x17\x9d\xfd\xc6\x07\xb9K\x80\xd6\xfa\
\xe4\xefVr\x97\xc0\x0c\xd6\xee\xff:\xbc\xf2/\xff\xef\
\xdce\x00\x0b\xf0O~\xe3\xf9\xf0\xeds/\xe6.\x03\
:e)\x84\xb0\x9e\xbb\x08\xe8\x9a\xed_p\x01\xd8\x9f\
\x9f\x91\xd0\x0d\xff\xd5o\xa4\xf0\xeds\xb9\xab\x80\x0e)\
\xe3\xe7E\x14\x00\x00\x00\x00@\xbb\xc5\xb0n\x07\x00\x00\
\x00\x00t@\x91BX\xcb]\x04\x00\x00\x000?)\
$\x13\x00\x00\x00\x00\xd0v18\x02\x00\x00\x00\x00\xad\
W\xc4\xdez\xd1s\x04\x00\x00\x00\x00\xda-n\x99\x00\
\x00\x00\x00\x80.(\x82\x09\x00\x00\x00\x00h\xb5rk\
\xc9\x04\x00\x00\x00\x00\xb4]\xf9|X/\xbe\x08a=\
w!\x00\x00\x00\xc0\xfc\xdc\xba5Y+\xce\x9e\x9d\x08\
\x00\x00\x00\x00\xa0\xe5v\x8e\x00\xc4\x10\xed\x01\x00\x00\x00\
\x80v\xday\xf0o\x07\x00\x00\x00\x00\xb4\xdb\xa3\x00\xa0\
\x0c\xc91\x00\x00\x00\x00h\xa1\x18wo\xff+\x1e\xfc\
\x0f\x01\x00\x00\x00\x00\xb4\xd8\xee\x04@\x8a\xf7s\x17\x02\
\x00\x00\x00T/\x85\xc7&\x00\x82\x09\x00\x00\x00\x00h\
\xa72~\x1e\x1e\xdd\x02 \x00\x00\x00\x00\x80V\x8a\x8f\
-\x01|8\x0e\x00\x00\x00\x00\xb4Kz\xb0\xf8\xdf5\
\x80\x00\x00\x00\xd0b\xbd\xd8{\xb4\x03\xa0g\x02\x00\x00\
\x00\x00\xda)n\xed\x99\x00\x10\x00\x00\x00\x00@\x0b\x95\
[K\x8e\x00\x00\x00\x00@\xdb\x95\xcf?\xb6\x04\xf0\x85\
\xb3\x13\x13\x00\x00\x00\x00\xd0B\xb7nM\x1e\xed\x00\x08\
;\xb7\x02D!\x00\x00\x00\x00\xb4\xcbW\xd7\xfe;\x02\
\x00\x00\x00\x00-\x15\xe3\xa3\x87\xfd\x8f\x05\x00\xc9\x04\x00\
\x00\x00\x00\xb4Jzz\x02\xa0L\xf1~\xb6z\x00\x00\
\x00\x80\xca\xa5\xc7n\xfd{\xfc\x08\xc0z\x9er\x00\x00\
\x00\x80\xb9x\xeca\x7f\xf1\xd8\x1f\x1c\x01\x00\x00\x00\x80\
\x16I\xfb\x1e\x010\x01\x00\x00\x00\x00\xad\xd2\x8b\xbd\xa7\
\x8f\x00\xf4L\x00\x00\x00\x00@\xbb\xc4\xad}\xaf\x01\x14\
\x00\x00\x00\x00@\x8bl--==\x01\xf0\xc2\xd9\x89\
\x00\x00\x00\x00\x00Z\xe4\xd6\xad\xc9\xbe\xb7\x00\x047\x01\
\x00\x00\x00@k\xec\xe9\xf1\xf7\x04\x00\xc91\x00\x00\x00\
\x00h\x85\x18\xe3\x9e\x1e\x7fO\x00\x10C\x14\x00\x00\x00\
\x00@\x0b\xa42\xdd\x7f\xfc\xef{'\x00R\xb8\xbf\xf0\
\x8a\x00\x00\x00\x8098d\x02\xa0p\x04\x00\x00\x00\x00\
\xda!\xee\xdd\x01\xb0\xf4\xf8_\xca\x10\xd6\xe3\xc2+\x82\
\xeeI_~7w\x09{\xc4\xe7~\x96\xbb\x84Z\xab\
\xdb\xfbU7u\xfb\xfe\xa9[=\xbe\x7f\x8egp\xe6\
k\xb5\xfa\xff\xd9\xda\xfd_\x87\xb3\xdf\xf8 w\x19\xb5\
\xb5\xfd~}\xf2w+\xb9\xcb\xa8-\xdf?@nE\
,\xee\xee\xf9\xfb\x13\xff\xfc\xeeb\xcb\x01\x00\x00\x00\xe6\
\x22n\x1d|\x0b@\xcf5\x80\x00\x00\x00\xd0\x0aK[\
K\x07O\x00\xbcpv\xb2\xf6\xe4=\x81\x00\x00\x00@\
\xf3\xdc\xbc=9x\x02 \xec^\x05(\x00\x00\x00\x00\
\x80\x06\x8b1>u\xc4\xff\xa9\x00 \xd9\x03\x00\x00\x00\
\x00\x0d\x97\x9ez\xb8\xfft\x00\x90\xc2\xe7\x0b\xab\x07\x00\
\x00\x00\xa8\x5c*\xe3\xaf\x9e\xfc\xd8S\x01@a\x02\x00\
\x00\x00\x00\x1a-\xc5\xb4\xf6\xe4\xc7\x9e\x0a\x00JK\x00\
\x01\x00\x00\xa0\xd1z\xb1\xf7\xec\x00 \x98\x00\x00\x00\x00\
\x80F+\xa7\xe1\xd9\x01\xc0fx\xfa\x93\x00\x00\x00\x80\
\xe68\xbdOo\xffT\x00p\xf6\xecd=\x86(\x04\
\x00\x00\x00\x80fZ\xbfy{\xf2\xec[\x00\xc2\xce\x1e\
\x80\xa7\xaf\x0b\x00\x00\x00\x00\xea/\xc6\xfd\x8f\xf6\xef\x1b\
\x00\x84\xf4\xf4u\x01\x00\x00\x00@\xfd\xa5\x03\x8e\xf6\xef\
\x1b\x00\xb8\x0a\x10\x00\x00\x00\x1a*\xc5\xfb\xfb}\xf8\x80\
#\x00\xae\x02\x04\x00\x00\x80&*bq\xf4#\x00\xbd\
\x10&s\xaf\x08\x00\x00\x00\xa8\xdc~W\x00\x86\x83\x02\
\x80/L\x00\x00\x00\x00@#\xbds{r\xf4\x09\x00\
W\x01\x02\x00\x00@\xf3\xc4\x18\x0f\xdc\xe9\xb7\xff-\x00\
\xbb[\x03-\x02\x04\x00\x00\x80F9\xf8Z\xff\x83\x03\
\x80\x14\xf6\xdd\x1a\x08\x00\x00\x00\xd4S*\x0f\xbe\xd6\xff\
\xc0\x00 \x98\x00\x00\x00\x00\x80FI1\x1dx\x9c_\
\x00\x00\x00\x00\x00-\xd1+\xd2\xf1w\x00l\x86\xfd\xaf\
\x0d\x00\x00\x00\x00\xeaiik\xe9\xf8\x01\x80\x9b\x00\x00\
\x00\x00\xa0Q\xd6o\xde\x9e\x1c\x7f\x09`p\x13\x00\x00\
\x00\x004F\x8c\x87\xf7\xf0\x87\x07\x00n\x02\x00\x00\x00\
\x80F8\xec\x06\x80\xf0\xac\x00\xc0\x22@\x00\x00\x00h\
\x86\xa2(&\x87\xfe\xf3g\xfc\xfb\x02\x00\x00\x00\x00h\
\x82\xb8u\xe0\xf9\xff\xf0\xac\x00\xc0M\x00\x00\x00\x00\xd0\
\x0co\xbf\xfb\x8b\x93O\x00\xb8\x09\x00\x00\x00\x00\xea/\
\xc6\xf8\xcc\x09\xfeg\x1d\x01\x08e\x0a\xefWV\x11\x00\
\x00\x00P\xb9T\xa6g.\xf1\x7ff\x00P\xd8\x03\x00\
\x00\x00\x00\xf5V\xc5\x04\xc0\x96=\x00\x00\x00\x00Pk\
EQ\x1ez\xfe?\x1c%\x008e\x02\x00\x00\x00\x00\
jmki\xe9\x99\x0f\xef\x9f\x19\x00\xbcpv\xb2\xfd\
\x22\x87^%\x00\x00\x00\x00d\xb3~\xeb\xd6d\xf6\x00\
`W|\xe6(\x01\x00\x00\x00\xb0x1\x1emr\xff\
H\x01@J\xe1\x99\xdb\x04\x01\x00\x00\x80\xc5Ke\xfc\
\xd5Q>\xef\x88\x13\x00\xf6\x00\x00\x00\x00@\x1d\x15E\
q\xa4\xa9\xfd#\x05\x00\xbd\x10\x1c\x01\x00\x00\x00\x80\x1a\
*\xa7G\xbb\xbdo\xe9(\x9f\xf4\xc2\xd9\xc9\xda\xdf\xaf\
}g=\x84\xd0\x9f\xb92\x00Ze0\xf8Z\xee\x12\
\xf6X[\xfbu\xee\x12\xf6X\xbb\xffE\xee\x12\xf6\x18\
\x9cy>w\x09\xd0)u\xfb\x19Y'\xff\xe47\xfc\
<\x82\x8a\xac\xbfs{r\xa4\xa9\xfd#\x05\x00\xdbb\
\x08wS\x08\xc3\x99\xca\x02\xa0u>\xf9\xcf+\xb9K\
\xd8#>\xf7\xb3\xdc%\xecq\xf6\x1b?\xcf]\xc2\x1e\
\xe9\xcb\xef\xe6.\x01:cp\xe6k\xb5\xfb\x19Y'\
\x9f}\x96\xc2\xb5?\xaaWH\x0aMt\xd4\x05\x80\xe1\
\x18;\x00B\x99\x8e\xb6T\x00\x00\x00\x00X\x8c\xa3.\
\x00\x0c\xc7\x09\x00,\x02\x04\x00\x00\x80z9\xea\x02\xc0\
p\x9c\x00\xc0\x22@\x00\x00\x00\xa8\x97\xadSs8\x02\
\xf0\xc2\xd9\xc9Z\x08a\xfd\xc4U\x01\x00\x00\x00UZ\
\xbfukr\xa4\x1b\x00\xc21\x8f\x00\x84\x10\xa2)\x00\
\x00\x00\x00\xa8\x83\x14\xde?\xce\xa7\x1f+\x00\x88\xc7|\
q\x00\x00\x00`Nb<\xd6\xae\xbec\x05\x00S\x8b\
\x00\x01\x00\x00\xa0\x16\x8a\xa2<\xd6\x94\xfe\xb1\x02\x80-\
\x01\x00\x00\x00\x00\xd4\xc2\xd2\xd6\xd2\xfc&\x00\xce\x9e\x9d\
\xac'!\x00\x00\x00\x00d\x15c\xbc{\xf3\xf6\xe4X\
\x8b\xfa\x8f\xb9\x040\x84\x90\xa2=\x00\x00\x00\x00\x90Q\
\x0a\xe9\xd8\x0f\xe7\x8f\x1f\x00\x98\x00\x00\x00\x00\x80\xbcN\
\xb0\xa4\xff\xd8\x01@/\x04W\x01\x02\x00\x00@Ne\
o\xfe\x13\x00/\x9c\x9d\xac\x85\x10\x8eu\xce\x00\x00\x00\
\x00\xa8\xcc\xfa;\xb7'\x0b9\x02\x10B\x88\xa6\x00\x00\
\x00\x00 \x87\x13\x8c\xff\x87\x93\x06\x00\xf1\x84_\x0c\x00\
\x00\x00\x98M\x8a';\x9a\x7f\xa2\x00`j\x11 \x00\
\x00\x00d\xd1+\x8e\x7f\x03@8i\x00\xf0\xdbg'\
\x13{\x00\x00\x00\x00`\xe1\xd6\xdf~\xf7\x17\x8b\x9b\x00\
\xd8\x16M\x01\x00\x00\x00\xc0B\xc5x\xf2^\xfc\xc4\x01\
@J\xd1\x1e\x00\x00\x00\x00X\xa0Yz\xf1\x13\x07\x00\
e8\xd9\xd2\x01\x00\x00\x00\xe0d\x8a\xa2<q/~\
\xe2\x00`k\xf7\x08\x80=\x00\x00\x00\x00\xb0 '=\
\xff\x1ff\x09\x00\xce\x9e\x9d\xac\xdb\x03\x00\x00\x00\x00\x8b\
\x11Ox\xfd\xdfC'\x0e\x00\x82=\x00\x00\x00\x00\xb0\
0\xb3\xf6\xe03\x05\x00\xf6\x00\x00\x00\x00\xc0b\xccr\
\xfe?\xcc\x1a\x00\xd8\x03\x00\x00\x00\x00\x8b1\xcb\xf9\xff\
0k\x00`\x0f\x00\x00\x00\x00\xcc\xdf\xac\xe7\xff\xc3\xac\
\x01@\xb0\x07\x00\x00\x00\x00\xe6\xaeL\xe1\xa7\xb3\xbe\xc6\
\xcc\x01\x80=\x00\x00\x00\x000_\xbd\x22\xcd<}?\
s\x00\xf0\xdbg'\x13{\x00\x00\x00\x00`n\xd6g\
=\xff\x1f\xaa\x08\x00vES\x00\x00\x00\x000\x0f)\
Tr\xf4\xbe\x92\x00 VT\x0c\x00\x00\x00\xf0\x84\x18\
nW\xf12\xd5\x04\x00\xa1\x9ab\x00\x00\x00\x80'\x94\
\xbdJn\xdf\xab$\x00x\xe1\xecd-\x86\xb8V\xc5\
k\x01\x00\x00\x00_Y{\xe7\xf6\xa4>\x01@\xa8\xe8\
J\x02\x00\x00\x00\xe01\x15\xdc\xff\xffPu\x01\x80\xeb\
\x00\x01\x00\x00\xa0RE\xe8U\xf6\xb0\xbd\xb2\x00`*\
\x00\x00\x00\x00\x80J-Mk8\x01p\xf6\xecd=\
\x0a\x01\x00\x00\x00\xa0\x121\x86\xc9\xcd\xdb\x93\xf5\xaa^\
\xaf\xb2\x00`[J\xd1u\x80\x00\x00\x00P\x81\xaaw\
\xedU\x1a\x00\xd8\x03\x00\x00\x00\x00\xd5\x88e\xaf\xd2\x1e\
{\xa9\xca\x17\xfb\xed\xb3\x93\xc9\xdf\xaf}g\xfd\xbf\xb0\
w7?r]\xe9y\xc0\xdfSEr\xc66\x02w\
\xb21\x14\x93\x1e\x16\x02x\x93\x00\xa6`+ '\xb0\
\xd5\x5c\xc4\xf0*#\xfd\x05\x12\x81\xec\x87\x04\xb2\x0d\xd4\
\x04\xb2\x0d\xd4\x0dd\x97\x00j\x02r\x93\xc0HTk\
\x15\xd8\x1b\xde1\xbf\x04I\x06{\x80xa\x07\x81j\
`eV\xf9(\x076g4b\xd7\x09\xba\x9bMQ\
\x1a\x91\xec\x8f\xaa:\xf7\xde\xf3\xfb\x01\x865\xb6\xcc~\
-7<x\x9e{\xce{\x22bi\x96\x7f.\x00\x00\
\xed\xd4\xfc\xc5\xff-=B\xab-\xff\xd1?.=\x02\
\xd0]3{\xfeo\xdfL\x0b\x80\xd8\xbb\x06\xf0aJ\
\xf9\x8dY\xff\xb9\x00\x00\xb4\xcb\xf8\xa7?\x8f\x8b\xff\xfa\
\x93\xd2c\xb4\xd6\xd9\xef\xfdZ|\xf67\x7fXz\x0c\
\xa0\xabf\xf8\xfc\xdf\xbe\x99^\x01\x88\xbdk\x00\x9b\xb3\
\xfe3\x01\x00\x00\xa0&\xb3|\xfe\xef\xab?s\xc6<\
\x07\x08\x00\x00\x00\xc73\xcb\xe7\xff\xf6\xcd\xbc\x00\xf0\x1c\
 \x00\x00\x00\x1c\xdd\xac\x9f\xff\xdb7\xf3\x02`WN\
3?\xaa\x00\x00\x00\x005\xc89\xae\xcd\xe3\xcf\x9dK\
\x01\x90\xec\x01\x00\x00\x00\x80#\x99\x9e\x9a\xed\xf3\x7f\xfb\
\xe6R\x00\xbc4j\xc69b\xa6\xcf\x15\x00\x00\x00@\
\xdf\xa5\x94\xb6n\xdch\xc6\xf3\xf8\xb3\xe7s\x05`g\
h\xd7\x00\x00\x00\x00\xe0P\xf24~<\xaf?{n\
\x05\xc0\xd4\x22@\x00\x00\x008\x94\xc1p:\xb7+\xf5\
s+\x00\xce\x8c\x9a&\x22f\xbe\xb5\x10\x00\x00\x00z\
j\xfc\xee{w\xe6\xf61}n\x05@\xecn.L\
s\xd9\x5c\x08\x00\x00\x00\xbd\x93\xe6{\x92~\xbe\x05\x80\
\xd7\x00\x00\x00\x00\xe0@\x06)\xcf\xf5#\xfa\x5c\x0b\x00\
\xd7\x00\x00\x00\x00\xe0@&\xf3<\xfe\x1f\xf3.\x00b\
\xef\x1a\x80\xd7\x00\x00\x00\x00\xe0y\xd2\xfcO\xd0\xcf\xbf\
\x00\x88X\x9f\xf7\xcf\x00\x00\x00\x80.\x1b\xc4p\xee\x1f\
\xcf\xe7^\x00<\x8a\xd8r\x0d\x00\x00\x00\x00\x9ei\xf2\
\xee\xfbM\xf7O\x00\x8cF\xcd$\x22\xcd\xf5\x1e\x03\x00\
\x00\x00tV\x8e\x1f/\xe2\xc7\xcc\xbd\x00\x88\xdd=\x00\
a\x0f\x00\x00\x00\x00|\x9b\x05\xdc\xff\x8fE\x15\x00_\
\xee=\x07\xe8\x1a\x00\x00\x00\x00|\xc3\xa9\xe9\xb0?\x05\
\xc0h\xd4L\xd2\xde.\x00\x00\x00\x00`_\x8e\x0f\xd7\
7\x9b\x85|0_H\x01\xb0c\x9a\xd3\xb5E\xfd,\
\x00\x00\x00\xe8\x84\x05\x1d\xff\x8fE\x16\x00\xae\x01\x00\x00\
\x00\xc0\xd7-\xea\xf8\x7f,\xb2\x00\x18\x8d\x9aI\xce\xc9\
2@\x00\x00\x00\x88\xdd\xaf\xff\xeb\x8b:\xfe\x1f\x8b,\
\x00b\xf7jC\xac/\xf2\xe7\x01\x00\x00@[\x0db\
\xb8\xd0\x8f\xe4\x0b-\x00\x1e\xed-\x02t\x0d\x00\x00\x00\
\x80\xdaM\xde}\xbfY\xd8\xf1\xffXt\x01\xf0\xf8\x1a\
\x80e\x80\x00\x00\x00\xd4m\x81\xcb\xff\xf6-\xb4\x00\x88\
\xbdk\x00\x0b\xff_\x12\x00\x00\x00\xdad\x90\xf2\xc2?\
\x8e/\xbc\x0083j\x1a\xd7\x00\x00\x00\x00\xa8\xd8\xf8\
\xdd\xf7\xee4\x8b\xfe\xa1\x0b/\x00v\xb8\x06\x00\x00\x00\
@\xb5R,<\xfcG\xb1\x02\xc05\x00\x00\x00\x00*\
U\xe2\xf8\x7f\x94*\x00\xce\x8c\x9a&E\x1a\x97\xf8\xd9\
\x00\x00\x00PP\x91\xe3\xffQ\xaa\x00\x88\xddk\x00\xe1\
\x1a\x00\x00\x00\x00U\xc9\x11k\xa5~v\xb1\x02\xe0\x97\
\x11\xab\xa5~6\x00\x00\x00\x94\x90O\x0d\x8b]\x89/\
V\x00\x8cF\xcd$E\x99\xc5\x07\x00\x00\x00\xb0h)\
Es\xe3FS\xec:|\xb1\x02`WN\x1f\x16\xfd\
\xf9\x00\x00\x00\xb0 \xa5\xaf\xc2\x17-\x00\xbe\x88X\x8f\
\x88I\xc9\x19\x00\x00\x00`\x11NM\xcb\x1d\xff\x8f\xd2\
\x05\xc0h\xd4L\x22\x92k\x00\x00\x00\x00\xf4[\x8a\xf5\
\xf5\xcd\xa6\xe8\x07\xf0\xb2W\x00\x22b\x9a\xcbm@\x04\
\x00\x00\x80E(\xf5\xf6\xff\xd7f(=\xc0\x99Q\xd3\
\xb8\x06\x00\x00\x00@\x8f\x15{\xfb\xffi\xc5\x0b\x80]\
99\x05\x00\x00\x00@?\xb5d\x01\xfe\x89\xd2\x03\xc4\
^\x0b\xb1>\x8dx\xab\xf4\x1c\x00\x00\x1c\xdc\xd2\xd2\x89\
x\xed\xdf\xfcV\xe91Zk\xe7\x9f\x0f\xc0\x8e\xe9w\
\x06\xab\xa5g\x88\xb6\x14\x00/\x8d\x9a\xf1\xcf\xc6\xaf6\
9b\xb9\xf4,\x00\x00\x1c\xcc\xd2o\x9e\x8cw\xfe\xf3\
?/=\x06@\xab\x95~\xfb\xffi\xed\xb8\x02\xb0\xbb\
\x0c0\x15_\x88\x00\x00\x00\x00\xb3T\xfa\xed\xff\xa7\xb5\
\xa6\x00\xf82b\xd32@\x00\x00\x00zd\xbcq\xf3\
\xf6z\xe9!\xf6\xb5\xa6\x00\x18\x8d\x9aIv\x0a\x00\x00\
\x00\x80\xbeHQ|\xf3\xff\xd3ZS\x00\xec\xc8{\xa7\
\x00\x00\x00\x00\xa0\xf3\xa6'\x87WK\xcf\xf0\xb4V\x15\
\x00gFM\x93\xa2]\x0d\x09\x00\x00\x00\x1cV\x9b\x96\
\xff\xedkU\x01\xb0\xab%\xef#\x02\x00\x00\xc0Q\xb5\
i\xf9\xdf\xbe\xd6\x15\x00_D\xac[\x06\x08\x00\x00@\
\x87\xb5j\xf9\xdf\xbe\xd6\x15\x00\x96\x01\x02\x00\x00\xd0i\
-[\xfe\xb7\xafu\x05@X\x06\x08\x00\x00@\x87\xb5\
m\xf9\xdf\xbeV\x16\x00\x96\x01\x02\x00\x00\xd0Em\x5c\
\xfe\xb7\xaf\x95\x05\xc0\x8eG9\xad\x95\x9e\x01\x00\x00\x00\
\x0e\xa3\x8d\xcb\xff\xf6\xb5\xb6\x00\xd8\xde;\x01`\x19 \
\x00\x00\x00]\xd1\xca\xe5\x7f\xfbZ[\x00\x8cF\xcd$\
\x9c\x02\x00\x00\x00\xa0+Z\xba\xfco_k\x0b\x80\x1d\
\xbf\x8cX-=\x03\x00\x00\x00\x1cD[\x97\xff\xedk\
u\x010\x1a5\x13\xcb\x00\x01\x00\x00h\xbd\x14\xebm\
]\xfe\xb7\xaf\xd5\x05\xc0\x8e\xed\x9cZ\xdd\xa0\x00\x00\x00\
\xc0 \xe5\xd6.\xff\xdb\xd7\xfa\x02\xc0\x93\x80\x00\x00\x00\
\xb4\xdc\xf8\xdd\xf7\xee\xb4>\xb7\xb6\xbe\x00\xd8\x95\xd3\x87\
\xa5G\x00\x00\x00\x80g\xe8\xc4\xc9\xf5N\x14\x00_D\
\xac{\x12\x10\x00\x00\x80\x16j\xf5\xd3\x7fO\xebD\x01\
\xe0I@\x00\x00\x00Z\xa9\xe5O\xff=\xad\x13\x05@\
x\x12\x10\x00\x00\x80\x16j\xfb\xd3\x7fO\xebL\x01\xb0\
{\x0a \xd2f\xe99\x00\x00\x00`W\x07\x9e\xfe{\
Zg\x0a\x80\x1d\xd3\x1c\xae\x01\x00\x00\x00\xd0\x0e\xdb\xc3\
Ne\xd4N\x15\x00\x9e\x04\x04\x00\x00\xa0\x0dR\x8af\
c\xb3\xd9*=\xc7at\xaa\x00\xd8\xb1\x9dSg\xee\
W\x00\x00\x00\xd0O9\xc7\xb5\xd23\x1cV\xe7\x0a\x80\
\xc7\xa7\x00:s\xc7\x02\x00\x00\x80\xde\xe9\xcc\xd3\x7fO\
\xeb\x5c\x01\xb0\xcb\x93\x80\x00\x00\x00\x94\xd3\xc9\x93\xe9\x9d\
,\x00\xbe\x88X\x8f\x88I\xe99\x00\x00\x00\xa8N'\
\xbf\xfeGW\x0b\x80\xdd'\x01\x9d\x02\x00\x00\x00`\xe1\
r\xe7\xee\xfe\xef\xebd\x01\xb0\xe3\x97\x11\xabN\x01\x00\
\x00\x00\xb0H\xd3S':\xf9\xf5?\xba\x5c\x008\x05\
\x00\x00\x00\xc0B\xa5X\xbfq\xa3\xe9\xecR\xfa\xce\x16\
\x00\xf1\xd5)\x00\x00\x00\x00\x98\xbb\xe9\xc9a'\x97\xff\
\xed\xebt\x010\x1a5\x93\x9cSg\xef_\x00\x00\x00\
\xd0\x11\x1d\xff\xfa\x1f]/\x00v\xe4\xbd\x17\x01\x00\x00\
\x00`n\xba\xfe\xf5?\xfaP\x00\x9c\x195M\x8ah\
J\xcf\x01\x00\x00@O\xf5\xe0\xeb\x7f\xf4\xa1\x00\xd8\xb1\
\x9dS\xe7\x9b\x18\x00\x00\x00\xdai\x90\xba\xfb\xf4\xdf\xd3\
zQ\x008\x05\x00\x00\x00\xc0<\xa4\x14\xcd\xbb\xef\xdd\
\xe9E\xde\xecE\x01\x10N\x01\x00\x00\x000\x07)\xe5\
\xded\xcd\xde\x14\x00N\x01\x00\x00\x000K}\xfa\xfa\
\xbf\xe3D\xe9\x01fi;\xa7\xab\x83\x94\x97K\xcf\x01\
P\x93\xab\xff\xe1\x7f\x94\x1e\xa1\xd5V\xfe\xfd?+=\
\x02P\xc8d\xf2(\xd6\xfe\xd3OK\x8f\xd1Z_~\
9\x8c\x88\xdf*=\x06<W\x8a\xe1Z\xe9\x19f)\
\x95\x1e`\xd6~6~\xf5V\x8eP\x02\xd0j\xff\xf4\
\xa5\xef\x94\x1e\xe1k\xd2w\xfe\xbc\xf4\x08\xad\x96\xbf\xf8\
\xe3\xd2#\xb4\x9a\xdf\x9f\xe7\xf3\xfb\xd3m\xe3\x9f\xfe<\
F\xbf{\xbb\xf4\x18\xadu\xf6{\xbf\x16\x9f\xfd\xcd\x1f\
\x96\x1e\xa3\xb5\xfc\xfe<\xdfo\xfc\xfaw\xe3\x07\x7f\xf2\
J\xe91\xe0y\xc6\x1b7o\x8fJ\x0f1K\xbd\xb9\
\x02\xb0\xcf.\x00\x00\x00\x00f\xa0w\xd9\xb2w\x05\x80\
]\x00\x00\x00\x00\x1c\xd3x\xe3\xe6\xed\xf5\xd2C\xccZ\
\xef\x0a\x80p\x0a\x00\x00\x00\x80\xe3\xe9e\xa6\xece\x01\
\xe0\x14\x00\x00\x00\x00G\xd4\xcb\xaf\xff\xd1\xd7\x02 \x9c\
\x02\x00\x00\x00\xe0hz\x9b%{[\x008\x05\x00\x00\
\x00\xc0!\xf5\xf6\xeb\x7f\xf4\xb9\x00\x08\xa7\x00\x00\x00\x00\
8\x9c^g\xc8^\x17\x00N\x01\x00\x00\x00p\x10)\
E\xd3\xe7\xaf\xff\xd1\xf7\x02 \x9c\x02\x00\x00\x00\xe0\x00\
R\xca\xbd\xcf\x8e\xbd/\x00\x9c\x02\x00\x00\x00\xe0yR\
\x8a\xe6\xdd\xf7\xee\xf4>7\xf6\xbe\x00\x08\xa7\x00\x00\x00\
\x00x\x8e<\xd8\xbeRz\x86E\xa8\xa2\x00p\x0a\x00\
\x00\x00\x80o\x95b}\xe3G\xf7\xb6J\x8f\xb1\x08U\
\x14\x00\xe1\x14\x00\x00\x00\x00\xdfbzrXMV\xac\
\xa6\x0083j\x9a\x9c\xd3\xb5\xd2s\x00\x00\x00\xd0\x12\
)\xd6o\xdch\xc6\xa5\xc7X\x94j\x0a\x80\x1d\xc3\x88\
\x95\xd23\x00\x00\x00\xd0\x0e5}\xfd\x8f\xda\x0a\x80\x97\
F\xcdx\x9a\xd3Z\xe99\x00\x00\x00(\xac\xb2\xaf\xff\
Q[\x01\xb0\xe3\xd1\xde)\x80I\xe99\x00\x00\x00(\
#ELj\xfb\xfa\x1f5\x16\x00\xa3Q3\x09\xa7\x00\
\x00\x00\x00\xaa\x95#\xaf\xd5\xf6\xf5?j,\x00v\xfc\
2b\xd5)\x00\x00\x00\x80*\x8d\x1fNO\xac\x96\x1e\
\xa2\x84*\x0b\x80\xd1\xa8\x99d\xcf\x02\x02\x00\x00\xd4\xe8\
\xea\xe6fS\xe5\x07\xe1*\x0b\x80\x1d\xa7G\xcdj\x8a\
\xa8\xee\xc8\x07\x00\x00@\xc5\xc6\x1b7o\xaf\x97\x1e\xa2\
\x94j\x0b\x80\x1d\xdb9]*=\x03\x00\x00\x00\x0bS\
\xf5I\xf0\xaa\x0b\x803\xa3\xa6I\x11M\xe99\x00\x00\
\x00\x98\xaf\x94\xa2\xa9\xf9\xeb\x7f\xd4^\x00\xc4\xde)\x80\
\xaa\x1b \x00\x00\x80\x1al\x9f\x1cV\x7f\x02\xbc\xfa\x02\
\xe0\xcc\xa8irN\xd7J\xcf\x01\x00\x00\xc0\x9c\xa4X\
\xaf\xf1\xd9\xbfo\xaa\xbe\x00\xd81\x8cX\xf1, \x00\
\x00@?MO\x0e\x9d\xfcV\x00\xecyi\xd4\x8c#\
\xa7\xb5\xd2s\x00\x00\x000k\xf9\xaa\xaf\xff{\x14\x00\
\x8f\xfd2b\xd5)\x00\x00\x00\x80^\x19?\x9c\x9eX\
-=D[(\x00\x1e\x1b\x8d\x9aI\xce\xe9J\xe99\
\x00\x00\x00\x98\x99\xab\x9b\x9b\x8d\x0f\xbd\x8f)\x00\x9er\
z\xd4\xac{\x16\x10\x00\x00\xa0\x17\xc6\xb5?\xfb\xf7M\
\x0a\x80o\xf0, \x00\x00@\xf7MO\x0d/\x96\x9e\
\xa1m\x14\x00\xdf\xe0Y@\x00\x00\x80\x8e\xf3\xec\xdf\xb7\
R\x00|\x8b/#.[\x08\x08\x00\x00\xd0=)b\
\xe2\xd9\xbfo\xa7\x00\xf8\x16\xa3Q3\xf1, \x00\x00\
@\xf7\xe4\xc8k\xbe\xfe\x7f;\x05\xc03\xfc\xf6\xa8Y\
I\x11~i\x00\x00\x00\xbac\xbcq\xf3\xceJ\xe9!\
\xdaJ\x01\xf0\x1c\xdb9]*=\x03\x00\x00\x00\x07\xe6\
\xe8\xffs(\x00\x9e\xe3\xcc\xa8i<\x0b\x08\x00\x00\xd0\
\x01)\xd6=\xfb\xf7|\x0a\x80\x17H{\xa7\x00,\x04\
\x04\x00\x00h1\x8b\xff^L\x01\xf0\x02/\x8d\x9a\xb1\
\x85\x80\x00\x00\x00m\x96\xafZ\xfc\xf7b'J\x0f\xd0\
\x05\xbf=jV~6~\xf5\x8d\x1cq\xb6\xf4,\xf4\
\xc3\xa5\x7f\xfbW\xa5G\xe0\x10\xfc\xdf\xab[\xde\xf9/\
\xff\xa2\xf4\x08\x1c\xc3d\xf2(\xae\xfc\xbb\xbf.=\xc6\
\x13\x93\xbf\xfb\xb2\xf4\x08\xad\xb6\xf3\xcf\xc7\xff\x8f|6\
\xbf?\xb00\x16\xff\x1dP*=@W\xfc\xedg\xcb\
\xcb\x83\x94o\x95\x9e\x83~\xf8\xed\xb3?.=\x02\xf4\
V\xfe\xe2\x8fK\x8f\xc01\x8c\x7f\xfa\xf3\x18\xfd\xee\xed\
\xd2c\x00\x0b\xf0\x1b\xbf\xfe\xdd\xf8\xc1\x9f\xbcRz\x0c\
z \xa7x\xfd\xfa\xfb\xb77K\xcf\xd1\x05\xae\x00\x1c\
\xd0\x99Q\xd3\xe4\x9c\xae\x95\x9e\x03\x00\x00\x80\xc7R\xac\
\x0b\xff\x07\xa7\x008\x84/#.[\x08\x08\x00\x00\xd0\
\x0ac\x8b\xff\x0eG\x01p\x08\xa3Q3\xc99\xf9\x05\
\x03\x00\x00(\xcf\xe2\xbfCR\x00\x1c\xd2\xe9Q\xb3\x9a\
\x22\x9a\xd2s\x00\x00\x00Tl\xec\xcd\xff\xc3S\x00\x1c\
\xc14\xa7+\xa5g\x00\x00\x00\xa8\xd5\xf4\xd4\xf0b\xe9\
\x19\xbaH\x01p\x04\xa7G\xcd\xd64\xa7\xb5\xd2s\x00\
\x00\x00\xd4\xc7\x9b\xffG\xa5\x008\xa2G\x11+)\xc2\
/\x1d\x00\x00\xc0\xe2x\xf3\xff\x18\x14\x00G4\x1a5\
\x93\xed\x9c.\x95\x9e\x03\x00\x00\xa0\x169\x85\xeb\xd8\xc7\
\xa0\x008\x863\xa3\xa6q\x15\x00\x00\x00`\x01\xbc\xf9\
\x7fl\x0a\x80cz\x14\xb1\x12\x11\x93\xd2s\x00\x00\x00\
\xf4\x987\xffg@\x01pL\xae\x02\x00\x00\x00\xcc\x9d\
\xc5\x7f3\xa0\x00\x98\x81\xdf\x195\x9b)\xa2)=\x07\
\x00\x00@\xef\xa4X\xf7\xe6\xffl(\x00f$\xed\x9d\
\x02p\x15\x00\x00\x00`v\x1c\xfd\x9f!\x05\xc0\x8c\xbc\
4j\xc69'\xbf\x98\x00\x00\x00\xb3\xe3\xe8\xff\x0c)\
\x00f\xe8\xf4\xa8Yu\x15\x00\x00\x00\xe0\xf8R\x8a\xc6\
\xd1\xff\xd9R\x00\xcc\x98\xab\x00\x00\x00\x00\xc7\x93\x22&\
\xdb'\x87\x96\xad\xcf\x98\x02`\xc6\x5c\x05\x00\x00\x008\
\x9eiL\x1d\xfd\x9f\x03\x05\xc0\x1c\xb8\x0a\x00\x00\x00p\
4)Es\xfd\xe6\xdd\xd5\xd2s\xf4\x91\x02`N\x5c\
\x05\x00\x00\x008\x1cG\xff\xe7K\x010'\xae\x02\x00\
\x00\x00\x1c\x8e\xa3\xff\xf3\xa5\x00\x98#W\x01\x00\x00\x00\
\x0e(\xc5\xba\xa3\xff\xf3\xa5\x00\x983W\x01\x00\x00\x00\
^h<=9t\x82z\xce\x14\x00s\xf6\xf8*\xc0\
\x95\xd2s\x00\x00\x00\xb4\x98\xa3\xff\x0b\xa0\x00X\x80\xd3\
\xa3f=El\x96\x9e\x03\x00\x00\xa0uR\xaco\xdc\
\xbc\xbd^z\x8c\x1a(\x00\x16\xe4\x8b\x9c.\xa5\x08\x8d\
\x16\x00\x00\xc0W\x1c\xfd_ \x05\xc0\x82\x8cF\xcdd\
{o\x1f\x00\x00\x00\x00\x11\x91S\x5cq\xf4\x7fq\x14\
\x00\x0btf\xd44\xd3\x9c\xd6J\xcf\x01\x00\x00P\x5c\
\xcek\xd7\xdf\xbf\xed\xaa\xf4\x02)\x00\x16\xecQ\xc4\x8a\
\xab\x00\x00\x00@\xe5\xc6\x1b\x1f\xdc\xb9\x5cz\x88\xda(\
\x00\x16l4j&\xd3\x9c^/=\x07\x00\x00@)\
\xd3S\xc3\x8b\xa5g\xa8\x91\x02\xa0\x80\xd3\xa3f\xcb\xd3\
\x80\x00\x00@\x9d\xb2'\xff\x0aQ\x00\x14rz\xd4\xac\
\xa6\x88\xa6\xf4\x1c\x00\x00\x00\x8b\x92R4\x1b7\xef\xac\
\x94\x9e\xa3V\x0a\x80\x82\xd2\xde\xab\x00\x93\xd2s\x00\x00\
\x00,\xc0x\xfb\xe4\xd0\xcbh\x05)\x00\x0azi\xd4\
\x8c=\x0d\x08\x00\x00T\xc2\xd1\xff\xc2\x14\x00\x85\xfd\xce\
\xa8\xd9\xf44 \x00\x00\xd0k9\xafm\xdc\xbc\xbd^\
z\x8c\xda)\x00Z\xe0Q\xc4JDl\x95\x9e\x03\x00\
\x00`\x0e<\xf9\xd7\x12\x0a\x80\x16\x18\x8d\x9a\xc9`\xef\
i@\xfb\x00\x00\x00\x80\xdeH\x11\x13O\xfe\xb5\x87\x02\
\xa0%^\x1a5\xe3\x9c\xd3\xd5\xd2s\x00\x00\x00\xcc\xca\
4\xa6\xee\xfd\xb7\x88\x02\xa0EN\x8f\x9a\xd5\x9c\xd3\xb5\
\xd2s\x00\x00\x00\x1c[\x8a\xf5\xeb7\xef\xae\x96\x1e\x83\
\xaf(\x00Z\xe6\xcb\x88\xcb)BC\x06\x00\x00t\xd9\
\xf8\xe1\xf6\xf0J\xe9!\xf8\xbaTz\x00~\xd5\xe7\x9f\
-\x9fK)\xdf\x8a\x88\xa5\xd2\xb30{_~\x99\xe3\
\xcf\xfe\xfc\x7f\x95\x1e\x03zk\xf9\x8f\xfeI\xe9\x118\
\x86\xc9\xdf=\x8a\xad\x9f\xfc\xbf\xd2c\x00\x0b\xf0\xdf\xff\
\xfaT\xfc\xec\xf3\x7fTz\x0c\xe6dzj8r\xf4\
\xbf}\x14\x00-\xf5\xf9g\xcb\x97S\xcao\x97\x9e\x83\
\xd9\xda\x09\xff\xff\xfb\xff|\x19y\x9aK\x8f\x02\x00P\
\xcc_\xfd\xb7A\xfc\xd9\x7f\x1d\x96\x1e\x839\xc91\xbd\
\xe2\xe8\x7f;)\x00Z\xec\xf3\xcf\x96\xd7S\xcao\x94\
\x9e\x83\xd9\x10\xfe\x01\x00\x84\xff\xdeK\xb1\xbe\xf1\xfe\xed\
K\xa5\xc7\xe0\xdb\xd9\x01\xd0b\xf6\x01\xf4\x87\xf0\x0f\x00\
 \xfcW\xc0\xbd\xff\x96S\x00\xb4\xd8h\xd4LRN\
\x17#bRz\x16\x8eN\xf8\x07\x00\x10\xfe\xfbn\xff\
\xbd\xff\xcd\xcdFvi1\x05@\xcb\xbd4j\xc69\
\xa7\xab\xa5\xe7\xe0h\x84\x7f\x00\x00\xe1\xbf\x06\xde\xfb\xef\
\x06\x05@\x07\x9c\x1e5\xab\xd3\x9c\xd6J\xcf\xc1\xe1\x08\
\xff\x00\x00\xc2\x7f\x15r^\xb3\xf4\xaf\x1b\x14\x00\x1d\xf1\
(b%\x22\xb6J\xcf\xc1\xc1\x08\xff\x00\x00\xc2\x7f%\
\xc6\x1b\x1f\xdc\xb9\x5cz\x08\x0eF\x01\xd0\x11\xa3Q3\
\x19\xe4\xf4\xba}\x00\xed'\xfc\x03\x00\x08\xff\x95\x18O\
O\x0d/\x96\x1e\x82\x83S\x00t\xc8K\xa3f<\xdd\
+\x01h)\xe1\x1f\x00@\xf8\xafENq\xc5\xbd\xff\
nQ\x00t\xcc\x99Q\xd3L-\x05l%\xe1\x1f\x00\
@\xf8\xafG\xbez\xfd\xfd\xdb\x9b\xa5\xa7\xe0pR\xe9\
\x018\x9a\x9f\x8d_\xfd G\xbcVz\x0e\xf6\x08\xff\
\x00\x00\xc2\x7f5Rln\xbc\x7f\xdb\xc9\xe4\x0er\x02\
\xa0\xa3\xbe\xc8\xe9R\x8ap\xdc\xa6\x05\x84\x7f\x00\x00\xe1\
\xbf\x22\xe3\x87\xdb\xc3K\xa5\x87\xe0h\x14\x00\x1d5\x1a\
5\x93\x94\xd3EK\x01\xcb\x12\xfe\x01\x00\x84\xffZ\xa4\
\x88\xc9\xf4\xd4\xf0\xe2\xe6f#\x83t\x94\x02\xa0\xc3^\
\x1a5\xe3\xed\x9c\xb4o\x85\x08\xff\x00\x00\xc2\x7fM\xa6\
).Y\xfa\xd7m\x0a\x80\x8e\xfb\x9dQ\xb3i)\xe0\
\xe2\x09\xff\x00\x00\xc2\x7f],\xfd\xeb\x03K\x00{\xe2\
\xf3\xcf\x96\xd7S\xcao\x94\x9e\xa3\x06\xc2?\x00\x80\xf0\
_\x15K\xffz\xc3\x09\x80\x9e\xf82\xe2\xb2\xa5\x80\xf3\
'\xfc\x03\x00\x08\xff\x95\xb1\xf4\xafG\x14\x00=a)\
\xe0\xfc\x09\xff\x00\x00\xc2\x7fe\xc6\x96\xfe\xf5\x8b+\x00\
=\xf3\xb7\x9f-/\x0fR\xbeUz\x8e\xbe\x11\xfe\x01\
\x00\x84\xff\xea\x0c\xb7_\xde\xf8\xd1\xbd\xad\xd2c0;\
N\x00\xf4\xcc\x99Q\xd3\xe4\x9c\xae\x94\x9e\xa3O\x84\x7f\
\x00\x00\xe1\xbf69\xa6W\x84\xff\xfeQ\x00\xf4\xd0\xe9\
Q\xb3:\xcdi\xad\xf4\x1c} \xfc\x03\x00\x08\xff\xf5\
\xc9W\xaf\xdf\xbc\xbbZz\x0af\xcf\x15\x80\x1e\xfb\xd9\
\xf8\xd5[9b\xb9\xf4\x1c]%\xfc\x03\x00\x08\xff\xd5\
\xb1\xf1\xbf\xd7\x9c\x00\xe8\xb1/rz\xdd\xcb\x00G#\
\xfc\x03\x00\x08\xff\x15\xb2\xf1\xbf\xe7\x14\x00=\xb6\xff2\
\x80\x12\xe0p\x84\x7f\x00\x00\xe1\xbfB6\xfeW\xc0\x15\
\x80\x0a|\xfe\xd9\xf2\xb9\x94\xf2\x83\xd2st\x81\xf0\x0f\
\x00 \xfcW\xc9\xc6\xff*8\x01P\x81\xd3\xa3f+\
\xe7\xe4(\xcf\x0b\x08\xff\x00\x00\xc2\x7f\x8dl\xfc\xaf\x87\
\x02\xa0\x12\xa7G\xcd\xfa4\xa7\xab\xa5\xe7h+\xe1\x1f\
\x00@\xf8\xaf\x93\x8d\xff5q\x05\xa02\x9f\x7f\xb6\xbc\
\x9eR~\xa3\xf4\x1cm\x22\xfc\x03\x00\x08\xffU\xcay\
m\xe3\x83;\x97K\x8f\xc1\xe2(\x00*\xe4y\xc0\xaf\
\x08\xff\x00\x00\xc2\x7f\x95R\xda\xdax\xff/^.=\
\x06\x8b\xe5\x0a@\x85<\x0f\xb8G\xf8\x07\x00\x10\xfe+\
5\x9e\x9e\x1cx\xeb\xbfB\x0a\x80\x0ay\x1eP\xf8\x07\
\x00\x08\xe1\xbfV\xbb\xcf\xfd\xdd\xb8\xd1T\x9b\x05j\xe6\
\x0a@\xc5\x1e?\x0fx+\x22\x96J\xcf\xb2H\xc2?\
\x00\x80\xf0_\xa3\x141\xd9>5|Y\xf8\xaf\x97\x13\
\x00\x15;=j\xb6\xa69Uu\xf4G\xf8\x07\x00\x10\
\xfek5MqI\xf8\xaf\x9b\x02\xa0rgFM\x93\
s\xbaRz\x8eE\x10\xfe\x01\x00\x84\xffZ\xe5\x98^\
\xb9\xfe\xfe\xed\xcd\xd2sP\x96\x02\x808=jV\xa7\
9]-=\xc7<\x09\xff\x00\x00\xc2\x7f\xbd\xbc\xf5\xcf\
\x1e\x05\x00\xbb\xce\x8c\x9a\x95\xbe\x96\x00\xc2?\x00\x80\xf0\
_\xaf|u\xe3\xe6\x9d\x95\xd2S\xd0\x0e\x96\x00\xf25\
\x9f\x7f\xb6\xbc\x9eR~\xa3\xf4\x1c\xb3\x22\xfc\x03\x00\x08\
\xff\xb5J9\xae\xfd\xe9\x07\xb7\xdf,=\x07\xed\xa1\x00\
\xe0W\xfc\xcf\xf1\xab\x0f\x22\xe2\x5c\xe99\x8eK\xf8\x07\
\x00\x10\xfe\xab\x95\xd2\xd6\xc6\xfb\x7f\xf1r\xe91h\x17\
W\x00\xf8\x15\xbf\xcc\xe9bDl\x95\x9e\xe38\x84\x7f\
\x00\x00\xe1\xbfb\xe3\x87\xdb\x83\x8b\xa5\x87\xa0}\x14\x00\
\xfc\x8a\xd1\xa8\x99\x0crz=Et\xf2\x89\x10\xe1\x1f\
\x00@\xf8\xaf\xd8xzjxqs\xb3\x99\x94\x1e\x84\
\xf6Q\x00\xf0\xad^\x1a5\xe3\x94\xd3\xc5\xae\x95\x00\xc2\
?\x00\x80\xf0_\xb1\xdd\xf0\xef\xad\x7f\x9eE\x01\xc03\
u\xad\x04\x10\xfe\x01\x00\x84\xff\x8a\x09\xff\xbc\x90%\x80\
\xbc\xd0\xe7\x9f-\x9fK)\xdf\x8a\x88\xa5\xd2\xb3<\x8b\
\xf0\x0f\x00 \xfc\xd7*EL\xf2p\xfb\xe2\xc6\x8f\xee\
uz\x8f\x17\xf3\xe7\x04\x00/tz\xd4l\xe5\xbd\xc5\
\x80\xad\xbcG$\xfc\x03\x00\x08\xff\xb5\x12\xfe9\x0c\x05\
\x00\x07\xf2\xb8\x04\xb8Rz\x8eo\x12\xfe\x01\x00\x84\xff\
\x9a\xe5\x88+\xc2?\x07\xa5\x00\xe0\xc0N\x8f\x9a\xf5\x9c\
\xd3\xa5\xd2s\xec\x13\xfe\x01\x00\x84\xff\xca]\xda\xb8y\
{\xbd\xf4\x10t\x87\x02\x80Cy\x5c\x02\x14?\x09 \
\xfc\x03\x00\x08\xff5\xcb1\xbd\x22\xfcsX\x0a\x00\x0e\
\xed\xf4\xa8Y\x9d\xe6t\xb5\xd4\xcf\x17\xfe\x01\x00\x84\xff\
\xba\xe5\xab\xd7o\xde]-=\x05\xdd\xa3\x00\xe0H\xce\
\x8c\x9a\x95\x12%\x80\xf0\x0f\x00 \xfc\xd7-_\xdd\xb8\
yg\xa5\xf4\x14t\x93\x02\x80#[t\x09 \xfc\x03\
\x00\x08\xffu\x13\xfe9\x1e\x05\x00\xc7\xb2\xa8\x12@\xf8\
\x07\x00\x10\xfe\xeb&\xfcs|\x0a\x00\x8em\xde%\x80\
\xf0\x0f\x00 \xfc\xd7M\xf8g6\x14\x00\xcc\xc4\xbcJ\
\x00\xe1\x1f\x00@\xf8\xaf\x9b\xf0\xcf\xec(\x00\x98\x99Y\
\x97\x00\xc2?\x00\x80\xf0_7\xe1\x9f\xd9R\x000S\
\xb3*\x01\x84\x7f\x00\x00\xe1\xbfn\xc2?\xb3\xa7\x00`\
\xe6\x8e[\x02\x08\xff\x00\x00\xc2\x7f\xdd\x84\x7f\xe6C\x01\
\xc0\x5c\x1c\xb5\x04\x10\xfe\x01\x00\x84\xff\xba\x09\xff\xcc\x8f\
\x02\x80\xb99l\x09 \xfc\x03\x00\x08\xffu\x13\xfe\x99\
/\x05\x00su\xd0\x12@\xf8\x07\x00\x10\xfe\xeb&\xfc\
3\x7f\x0a\x00\xe6\xeeE%\x80\xf0\x0f\x00 \xfc\xd7M\
\xf8g1\x14\x00,\xc4\xb3J\x00\xe1\x1f\x00@\xf8\xaf\
\x9b\xf0\xcf\xe2(\x00X\x98o\x96\x00\xc2?\x00\x80\xf0\
_7\xe1\x9f\xc5J\xa5\x07\xa0>\x7f\xfb\xd9\xf2\xca\xf6\
\xa3\xe9[\xc2?\x00P;\xe1\xbff\xc2?\x8b\xa7\x00\
\xa0\x88\x07\x9f\x5c\xb8\xbc\xfd(\xbf]z\x0e\x00\x80R\
\x84\xffz\xe5\x98^\xb9~\xf3\xeej\xe99\xa8\x8f\x02\
\x80b\xfe\xf2\xfe\xf97s\xc4;\xa5\xe7\x00\x00X4\
\xe1\xbfj\x976n\xde^/=\x04u\xb2\x03\x80b\
~\xff\xc2G\xeb)\xe2R\xe4<)=\x0b\x00\xc0\xa2\
\x08\xffuJ\x11\x13\xe1\x9f\xd2\x9c\x00\xa0\xb8\x8f\xef\xbe\
rn\x90\x06\xb7\x22\xa5\xa5\xd2\xb3\x00\x00\xcc\x93\xf0_\
\xa7\x9d\xf0\x9f\x87\xdb\x177~to\xab\xf4,\xd4\xcd\
\x09\x00\x8a\xfb\x97\xff\xea\x93\xadi\x9e^L\x11\xe3\xd2\
\xb3\x00\x00\xcc\x8b\xf0_\xad\xb1\xf0O[8\x01@k\
<\xb8\x7f\xfe\xec4\xe2V\x8e8[z\x16\x00\x80Y\
\x12\xfe\xab5\x9e\x9e\x1a^\xbcq\xa3\xf1\xa1\x8bVp\
\x02\x80\xd6x\xf9\xc2G\xe3A\x84\x93\x00\x00@\xaf\x08\
\xff\xd5\x12\xfei\x1d\x05\x00\xad\xa2\x04\x00\x00\xfaD\xf8\
\xafTJ[\xc2?m\xe4\x0a\x00\xad\xf4\xe0\xd6\xf2\xd2\
\xf6w\xbe\xb8\x15)\x9f+=\x0b\x00\xc0Q\x08\xff\x95\
Ji\xeb\xe1\xf6\xe0\xe2\xe6f\xe3\xa5+ZG\x01@\
\xab}z\xef\xfcz\xa4x\xa3\xf4\x1c\x00\x00\x87!\xfc\
\xd7)\xe5\xb8\xf6\xa7\x1f\xdc~\xb3\xf4\x1c\xf0,\xae\x00\
\xd0j\x7f\xf0\xfd\x8f\xde\xcc\x11WK\xcf\x01\x00pP\
\xc2\x7f\xad\xf2U\xe1\x9f\xb6S\x00\xd0z\xaf\x5c\xf8h\
E\x09\x00\x00t\x81\xf0_\xab|u\xe3\xe6\x9d\x95\xd2\
S\xc0\x8b\xb8\x02@g|\xf2\xd1\x85\xcb)\xe7\xb7K\
\xcf\x01\x00\xf0m\x84\xff:\xe5\x98^\xb9~\xf3\xeej\
\xe99\xe0 \x14\x00t\xca\xa7\xf7.\xbc\x161}'\
RZ*=\x0b\x00\xc0>\xe1\xbf>)b\x92\x06\xf9\
\xf5w\xdf\xbb\xd3\x94\x9e\x05\x0eJ\x01@\xe7<\xb8\x7f\
\xfe\xec4\xe2V\x8e8[z\x16\x00\x00\xe1\xbfJ\xe3\
\x18n\xbf\xbe\xf1\xa3{[\xa5\x07\x81\xc3P\x00\xd0I\
J\x00\x00\xa0\x0d\x84\xff*\x8d\xbd\xf1OWY\x02H\
'\xbd|\xe1\xa3\xf1 \xe2b\xe4\xa4u\x05\x00\x8a\x10\
\xfe\xeb\x93R4\x0f\xa7\xc3\x97\x85\x7f\xba\xca\x09\x00:\
\xef\xd3{\x17V#\xe5\x1f\x96\x9e\x03\x00\xa8\x87\xf0_\
\x1fo\xfc\xd3\x07N\x00\xd0y\x7f\xf0\xfd\xfb\x97=\x13\
\x08\x00,\x8a\xf0_#o\xfc\xd3\x0fN\x00\xd0\x1b\x9e\
\x09\x04\x00\xe6M\xf8\xaf\xd2\xa5\x8d\x9b\xb7\xd7K\x0f\x01\
\xb3\xa0\x00\xa0W>\xbe\xfb\xca\xb9\xe1`\xf8\x81\xe5\x80\
\x00\xc0\xac\x09\xff\xd5\xb1\xe9\x9f\xdeQ\x00\xd0;^\x08\
\x00\x00fM\xf8\xaf\x8eM\xff\xf4\x92\x1d\x00\xf4\xce\xee\
\x0b\x01\xbf\xf8\xee\xcb\x91\xf3f\xe9Y\x00\x80\xee\x13\xfe\
\xebb\xd3?}\xe6\x04\x00\xbd\xf6\xc9\xfd\xf3+)\xe2\
\xad\xd2s\x00\x00\xdd$\xfcW&\xe7\xb5\x8d\x0f\xee\x5c\
.=\x06\xcc\x8b\x02\x80\xde\xb3\x1c\x10\x008\x0a\xe1\xbf\
.9\xa6W\xae\xdf\xbc\xbbZz\x0e\x98'\x05\x00U\
\xb0\x1c\x10\x008\x0c\xe1\xbf\x1e)b\x92\x06\xf9\xf5w\
\xdf\xbb\xd3\x94\x9e\x05\xe6M\x01@5,\x07\x04\x00\x0e\
B\xf8\xaf\x8ae\x7fT\xc5\x12@\xaaa9 \x00\xf0\
\x22\xc2\x7f=R\x8ek\x96\xfdQ\x1b'\x00\xa8\x92\xe5\
\x80\x00\xc07\x09\xff5\xc9W7n\xdeY)=\x05\
,\x9a\x02\x80j}z\xef\xc2k\x11\xd3w\x22\xa5\xa5\
\xd2\xb3\x00\x00e\x09\xffuH\x11\x93i\x8aK\xd7\xdf\
\xbf\xedD(UR\x00P5{\x01\x00\x00\xe1\xbf\x1a\
\xee\xfbS=;\x00\xa8\x9a\xbd\x00\x00P7\xe1\xbf\x12\
)6\xdd\xf7\x07'\x00\xe0\x09{\x01\x00\xa0.\xc2\x7f\
-\xdc\xf7\x87}\x0a\x00x\xca\xa7\xf7.\xbc\x96R~\
\xdb\x95\x00\x00\xe87\xe1\xbf\xff\xbc\xef\x0f\xbfJ\x01\x00\
\xdf`/\x00\x00\xf4\x9b\xf0_\x81\x94\xb6\xa6'\x07\xaf\
;\xf2\x0f_\xa7\x00\x80g\xf8\xf4\xde\x85\xd5H\xf9\x87\
\xa5\xe7\x00\x00fG\xf8\xaf@\xcek\x0f\xf3\x89\x95\xcd\
\xcdfRz\x14h\x1b\x05\x00<\xc7'\x1f]\xb8\x9c\
\xa6\xd3\xb7<\x15\x08\x00\xdd'\xfc\xf7\xdb\xee\x13\x7f1\
\xbdz\xfd\xe6\xdd\xd5\xd2\xb3@[)\x00\xe0\x05\x5c\x09\
\x00\x80\xee\x13\xfe{\xcf\x13\x7fp\x00\x9e\x01\x84\x17x\
\xf2T`\xc4\xb5\xd2\xb3\x00\x00\x87'\xfc\xf7[\xcaq\
\xcd\x13\x7fp0N\x00\xc0!\xec^\x09\xc8\xf9\xed\xd2\
s\x00\x00\x07#\xfc\xf7\x97#\xffpx\x0a\x008$\
W\x02\x00\xa0\x1b\x84\xff^\x1b\xc7p\xfb\xf5\x8d\x1f\xdd\
\xdb*=\x08t\x89+\x00pH\xae\x04\x00@\xfb\x09\
\xff\xfd\xb5\x7f\xe4_\xf8\x87\xc3s\x02\x00\x8e\xc1+\x01\
\x00\xd0>\xc2\x7f?9\xf2\x0f\xc7\xa7\x00\x80cr%\
\x00\x00\xdaC\xf8\xef\xa9\x94\xb6\xa6'\x07\xaf[\xf4\x07\
\xc7\xa3\x00\x80\x19\xf9\xf4\xde\x85\xd5H\xf9\x87\xa5\xe7\x00\
\x80Z\x09\xff=\x95\xf3\xda\xc3|bes\xb3\x99\x94\
\x1e\x05\xbaN\x01\x003\xf4\x97\xf7\xcf\xbf\x19\x11o9\
\x0d\x00\x00\x8b%\xfc\xf7\xcf\xee\x91\xff\x14\x97\xae\xbf\x7f\
{\xb3\xf4,\xd0\x17\x0a\x00\x98\xb1\x07\xf7\xcf\x9f\xdd\x8e\
x'\x22\x96K\xcf\x02\x005\x10\xfe\xfb'\xa5h\xb6\
O\x0e/9\xf2\x0f\xb3\xa5\x00\x809\xf9\xe4\xfe\xf9\x95\
\x14\xf1V\xe99\x00\xa0\xcf\x84\xff\xfe\xc91\xbdb\xd1\
\x1f\xcc\x87\x02\x00\xe6\xc8\x82@\x00\x98\x1f\xe1\xbfw\xbc\
\xed\x0fs\xa6\x00\x80\x05\xb0 \x10\x00fK\xf8\xef\x19\
\x8b\xfe`!\x14\x00\xb0 \x9f\xde\xbb\xf0ZJ\xf9m\
\xa7\x01\x00\xe0x\x84\xff^\x19\x0f\x06\xf9\xd2\xbb\xef\xdd\
iJ\x0f\x025\x18\x94\x1e\x00j\xf1\x07\xdf\xbf\xbf9\
\x88\xb8\x18\x11\xd7J\xcf\x02\x00]%\xfc\xf7H\x8a\xcd\
\x87\xd3\xe1\xcb\xc2?,\x8e\x13\x00P\x80\xe7\x02\x01\xe0\
\xf0\x84\xff~H\x11\x93\x1cqe\xe3\xe6\xed\xf5\xd2\xb3\
@m\x14\x00P\xc8\xe3\xe7\x02W\x22\xe2\x8d\xd2\xb3\x00\
@\xdb\x09\xff\xfd\xe0y?(K\x01\x00\x85}\xf2\xd1\
\x85\xcbi:}+RZ*=\x0b\x00\xb4\x91\xf0\xdf\
})b2\x8d\xe9U\xcf\xfbAY\x0a\x00h\x81\xc7\
\xa7\x01\xde\x89\x88\xe5\xd2\xb3\x00@\x9b\x08\xff\xdd\xe7\xab\
?\xb4\x87\x02\x00Z\xc4i\x00\x00\xf8\x8a\xf0\xdfm\xbe\
\xfaC\xfb(\x00\xa0e\x9c\x06\x00\x00\xe1\xbf\xeb|\xf5\
\x87vR\x00@Ky)\x00\x80Z\x09\xff\xdd\xe5\xab\
?\xb4\x9b\x02\x00Z\xccK\x01\x00\xd4F\xf8\xef._\
\xfd\xa1\xfd\x14\x00\xd0\x01N\x03\x00P\x03\xe1\xbf\x9bv\
\xbf\xfa\xa7\xb8t\xfd\xfd\xdb\x9b\xa5g\x01\x9eoPz\
\x00\xe0\xc5~\xff\xc2G\xeb\x83\x88\x8b\x11q\xad\xf4,\
\x000\x0f\xc2\x7fG\xe5\xbc\xf6\x0f\xd3\xe1H\xf8\x87n\
p\x02\x00:\xe6\xd3{\x17^K)\xbf\xed4\x00\x00\
}!\xfcw\xd2x0\xc8\x97\xde}\xefNSz\x10\
\xe0\xe0\x14\x00\xd0Q\x9f\xdc?\xbf\x92\x22\xde*=\x07\
\x00\x1c\x87\xf0\xdfA9\xaf=\xcc'V67\x9bI\
\xe9Q\x80\xc3Q\x00@\x87=\xb8\x7f\xfe\xec4\xe2\x96\
\xd3\x00\x00t\x91\xf0\xdf-)E\x93\x07\xdbW6~\
to\xab\xf4,\xc0\xd1(\x00\xa0\x07,\x09\x04\xa0k\
\x84\xff\xee\xf0\xb4\x1f\xf4\x87\x02\x00z\xc2\x93\x81\x00t\
\x85\xf0\xdf!)\xd6\x1fn\x0f\xaf8\xee\x0f\xfd\xa0\x00\
\x80\x9e\xb1$\x10\x806\x13\xfe;\xc3\x92?\xe8!\x05\
\x00\xf4\x94%\x81\x00\xb4\x8d\xf0\xdf~)b\x92#\xaf\
m\xdc\xbc\xb3Rz\x16`\xf6\x14\x00\xd0c\xae\x05\x00\
\xd0\x16\xc2\x7f\xfb\xa5\x14\xcd\xf6\xc9\xe1\xa5\x1b7\x9aq\
\xe9Y\x80\xf9P\x00@\x05,\x09\x04\xa0$\xe1\xbf\xf5\
\x1c\xf7\x87J(\x00\xa0\x22\xbb\xd7\x02r\xfea\xa4\xb4\
Tz\x16\x00\xea \xfc\xb7\x97\xe3\xfeP\x1f\x05\x00T\
\xc6\xb5\x00\x00\x16E\xf8o1\xdb\xfd\xa1J\x0a\x00\xa8\
\xd4\x83\xfb\xe7\xcfN#n\xb9\x16\x00\xc0<\x08\xff\xed\
\x94R4)\xe5\xab\x8e\xfbC\x9d\x14\x00P9\xfb\x01\
\x00\x985\xe1\xbf}\xf6\x8e\xfb\xc7\x95\x8d\x9b\xb7\xd7K\
\xcf\x02\x94\xa3\x00\x00\xe2\xc1\xad\xe5\xa5G\xdf\xfd\xc5e\
\xcf\x06\x02p\x5c\xc2\x7f\xbb\xec\xdf\xf3\x7f8=\xb1\xea\
\xb8?\xa0\x00\x00\x9e\xb0\x1f\x00\x80\xe3\x10\xfe[&\xc5\
\xfa\xf4\xe4\xf0\xaag\xfd\x80}\x0a\x00\xe0W<.\x02\
\xde\x89\x88\xe5\xd2\xb3\x00\xd0\x0d\xc2\x7f{\xb8\xe7\x0f<\
\x8b\x02\x00x&\xfb\x01\x008\x08\xe1\xbf5\xbc\xe7\x0f\
<\x97\x02\x00x!E\x00\x00\xcf\x22\xfc\x97\x97\x22&\
\xd3\x98^\xbd~\xf3\xeej\xe9Y\x80vS\x00\x00\x07\
\xf2dQ`\xce?\x8c\x94\x96J\xcf\x03@y\xc2\x7f\
Y\x16\xfc\x01\x87\xa5\x00\x00\x0e\xc5\xa2@\x00B\xf8/\
/\xe7\xb5\x87\xf9\xc4\x8a\xe0\x0f\x1c\x86\x02\x008\x12E\
\x00@\xbd\x84\xff\x82l\xf6\x07\x8eA\x01\x00\x1c\x8b\x22\
\x00\xa0.\xc2\x7f\x196\xfb\x03\xb3\xa0\x00\x00f\xe2\xe3\
\x8f\xbf\x7fn\xb0=}\xdb\xd3\x81\x00\xfd%\xfc/\x9e\
\xe0\x0f\xcc\x92\x02\x00\x98\xa9O\xee\x9f_N\x11o)\
\x02\x00\xfaE\xf8_,\xc1\x1f\x98\x07\x05\x000\x17\x9e\
\x0e\x04\xe8\x0f\xe1\x7fq\x04\x7f`\x9e\x14\x00\xc0\x5c)\
\x02\x00\xbaM\xf8_\x0c\xc1\x1fX\x04\x05\x00\xb0\x10\x8a\
\x00\x80\xee\x11\xfe\xe7O\xf0\x07\x16I\x01\x00,\x94\x22\
\x00\xa0\x1b\x84\xff\xf9\x12\xfc\x81\x12\x14\x00@\x11\x9f\xde\
\xbb\xf0Z\xa4\xfcC\xcb\x02\x01\xdaG\xf8\x9f\x1f\xc1\x1f\
(I\x01\x00\x14\xe5\xd5\x00\x80v\x11\xfe\xe7C\xf0\x07\
\xda@\x01\x00\xb4\xc2\xe3\x22\xe0\xcd\x88x\xa3\xf4,\x00\
\xb5\x12\xfegO\xf0\x07\xdaD\x01\x00\xb4\xca\x83\xfb\xe7\
\xcfnG\xac(\x02\x00\x16K\xf8\x9f\xb1\x14\xeb\x83\x94\
\xaf\x09\xfe@\x9b(\x00\x80VR\x04\x00,\x8e\xf0?\
\x1b)b\x92#\xaf=\x9c\x9eX\xdd\xdcl&\xa5\xe7\
\x01\xf8&\x05\x00\xd0j\x0f\xee\x9f?\xfb(\xe2\xcdA\
\xc4\x1b^\x0e\x00\x98=\xe1\xff\xf8\x04\x7f\xa0+\x14\x00\
@gxB\x10`\xb6\x84\xffc\x1b\xa7\x88\xb5\x7f\x98\
\x0e\xd7\x05\x7f\xa0\x0b\x14\x00@\xe7\xfc\xe5\xfd\xf3o\xe6\
\xbd\xab\x01^\x0e\x008\x22\xe1\xff\xe8,\xf6\x03\xbaJ\
\x01\x00t\xd6\xc7w_97\x18\x0c/\xdb\x13\x00p\
8\xc2\xff\x11\xa5\xd8\x1c\xa4\xbc&\xf8\x03]\xa5\x00\x00\
:o\x7fa`\x8ax\xd5\xf5\x00\x80\xe7\x13\xfe\x0f\xc7\
\xfd~\xa0O\x14\x00@\xaf\xd8\x13\x00\xf0l\xc2\xff\xc1\
\xa5\x14M\xe4\xf8\xd0\xfd~\xa0O\x14\x00@/}r\
\xff\xfcr\x8ax\xd3\xf5\x00\x80=\xc2\xff\xc1\xb8\xdf\x0f\
\xf4\x99\x02\x00\xe85\xd7\x03\x00\x84\xff\x17q\xcc\x1f\xa8\
\x85\x02\x00\xa8\x86\xd7\x03\x80\x1a\x09\xff\xcf\x96R4\xd3\
\x88\xb5\x9fo\x0f\x1b\xc1\x1f\xa8\x81\x02\x00\xa8\x8eS\x01\
@-\x84\xff_\x95\x22&\xd3\x9c\xae\x0d\x87\xd3M\xc7\
\xfc\x81\xda(\x00\x80\xaa9\x15\x00\xf4\x95\xf0\xffu\x96\
\xfa\x01(\x00\x00v9\x15\x00\xf4\x89\xf0\xbf\xc7\xd7~\
\x80\xafS\x00\x00|\x83S\x01@\x97\x09\xff{_\xfb\
s\x8ek\x0f\xa7\xc3M_\xfb\x01\xbe\xa2\x00\x00x\x86\
\xddS\x01)]N9\xff\xc0\xa9\x00\xa0\x0bj\x0e\xff\
\xfb\x9b\xfc\xa7\xa7N\xac\xdf\xb8\xd1\x8cK\xcf\x03\xd0F\
\x0a\x00\x80\x03\xf8\xe4\xfe\xf9\xe5\x14\xf1f\xec\x9d\x0c\x00\
h\x9d\x1a\xc3\xffn\xe8O\xd1\x0cR^s\xc4\x1f\xe0\
\xc5\x14\x00\x00\x87\xf0\xe0\xc1\xf2\xd2\xf4\x17\xbfx\xcd\x15\
\x01\xa0Mj\x0b\xff\x16\xfa\x01\x1c\x8d\x02\x00\xe0\x88\x1e\
\xdc?\x7f\xf6Q\xce\xaf\x0dR\xfa\xa1+\x02@)\xf5\
\x84\xff4\x8e\x98^{8=\xb1*\xf4\x03\x1c\x8d\x02\
\x00`\x06\xf6\xaf\x08xE\x00X\xa4\xbe\x87\x7f[\xfc\
\x01fK\x01\x000cO\xf6\x05\xe4\xfc\x83Hi\xa9\
\xf4<@?\xf55\xfc\x0b\xfd\x00\xf3\xa3\x00\x00\x98\xa3\
O\xef]x-R~M\x19\x00\xccR\xdf\xc2\xff\xe3\
e~\x9b\x83\x94\xaf\xfd\xfd\xa3\x13[\x8e\xf8\x03\xcc\x87\
\x02\x00`\x01\x9e,\x0f\xdc+\x02^+=\x0f\xd0]\
}\x09\xff;\xa1?Rly\xaf\x1f`q\x14\x00\x00\
\x0b\xf6\xb52 b\xd9\xc9\x00\xe0\xa0\xba\x1e\xfe\xf7\x9f\
\xed\x8b\x1c\x1f\x0a\xfd\x00\x8b\xa7\x00\x00(\xcc5\x01\xe0\
 \xba\x1a\xfe\x1d\xef\x07h\x0f\x05\x00@\x8bxM\x00\
\xf86]\x0b\xff\x16\xf9\x01\xb4\x93\x02\x00\xa0\xa5v\xcb\
\x80\x94^\x8bi\xbc\x1a)\x9f+=\x0fPFW\xc2\
\x7fJi+\xe7\xe9\x87\x83A4B?@;)\x00\
\x00:\xe0\xc1\xfd\xf3g\xa7\x11\xcb9\xe2\x8d\xdd\xbd\x01\
@\x15\xda\x1e\xfe\xd3\xe3\xfb\xfc\xdb\xa7\x86\x9b7n4\
\xe3\xd2\xf3\x00\xf0|\x0a\x00\x80\x8ey\xf0`yi\xfb\
\xe7_,G\xca\xaf\xb9*\x00\xfd\xd5\xc6\xf0\xff\xe4>\
\x7f\xc4\x87\x7f\xbf=l\xdc\xe7\x07\xe8\x16\x05\x00@\xc7\
}|\xf7\x95s)\x0d\x96SJ?p:\x00\xfa\xa1\
M\xe1?\xa5hr\xce?v\xb4\x1f\xa0\xfb\x14\x00\x00\
=\xe2t\x00t_\xf9\xf0\x9f\xc69\xc7\x87\xc3An\
|\xe5\x07\xe8\x17\x05\x00@\x8f}|\xf7\x95s\xc3\xc1\
\xf0\x5c\xcey\xeft\x80g\x06\xa1\xd5J\x84\xff\xfd\xb7\
\xf9S\x8e\x1f\xbb\xcb\x0f\xd0o\x0a\x00\x80\x8a|r\xff\
\xfcr\xe4|\xceu\x01h\x9fE\x85\xff\x9d\xc0\x1f)\
\xb6\x1c\xeb\x07\xa8\x8f\x02\x00\xa0b\xbb\x85@\xc4r\x8a\
xU!\x00\xe5\xcc3\xfc\x7f3\xf0\xff\xfd\xa3\x13[\
\x8e\xf5\x03\xd4I\x01\x00\xc0\x13_+\x04r>\xe7\xca\
\x00\xcc\xdf\xac\xc3\xbf\xc0\x0f\xc0\xb3(\x00\x00x\xa6'\
W\x06\xf6O\x08(\x04`\xa6f\x11\xfe\x9f\xbe\xc3\x9f\
\x06y\xcb\x91~\x00\x9eE\x01\x00\xc0\x81=Y*\x18\
\xb1\x1c9\xfd^\xa4|\xae\xf4L\xd0UG\x0d\xff)\
\xa5\xad\xe94~\x9cR\xde\x9a\x9e\x1a6\x96\xf6\x01p\
P\x0a\x00\x00\x8e\xec\xc1\x83\xe5\xa5G\xbf\xf8\xc5\xb9\xdd\
k\x039\xff\x9eS\x02p0\x07\x0d\xff\xdf\xfc\xba\xef\
8?\x00\xc7\xa1\x00\x00`\xa6\x1e\xdc?\x7fv;\xa7\
s1\x88\xe5\xc8\xf9\xf7\xec\x12\x80\xaf{V\xf8\xdf\xbf\
\xbb?\x9d\xa6\x9f\xf8\xba\x0f\xc0<(\x00\x00\x98\xbb\x8f\
\xef\xbern\x90N\x9cU\x0aP\xbb\xfd\xf0\xbf\xffe\
?O\xd3O\x85}\x00\x16E\x01\x00@\x11\x0f\xee\x9f\
?\xfb(\xe2\xecW\xd7\x07\x06g\xed\x14\xa0\x8fR\xc4\
N\xb0o\xa69\xffd\xed?\x9e\x1a?:9\xdc\x12\
\xf6\x01(A\x01\x00@\xab|r\xff\xfcr\xcai\xc9\
i\x01\xbaf'\xe8\xe7\x9c\xb7b0\xf8i\xcayk\
{\xba\xbdu\xf2\xd7\x7fc\xfc\xf2\xcb\xee\xec\x03\xd0\x0e\
\x0a\x00\x00Z\xef\xc9\xb2\xc1\x9c\xcf\xa5\xc1\xe0\xec^1\
\x90\x96\x9c\x18\xa0\x04A\x1f\x80\xaeR\x00\x00\xd0i\xfb\
\xfb\x05r\xca\xe7\x06\x11\xdf\xcb\x11g\x9d\x1a\xe0\xb8\xf6\
B~\x9a\xec\xde\xcf\xcf\xf9'\x83\x94&\x83\x88&\xbe\
\xfb\xdd\x89\xa0\x0f@W)\x00\x00\xe8\xa5\x07\x0f\x96\x97\
\xbe|\xf8\x0fgw\xcb\x81\x98\x9eur\x80\xaf\xc9y\
\x92R\x9a\xe4\x9c\xb7v\xfe\xf3~\xc8\xf75\x1f\x80>\
S\x00\x00P\xa5\xfdk\x05)\xa7\xa5\x9c\xf2\xb9\x94\xd2\
RL\xa7\xdf\xdb]F\x18\xd3\xb3N\x10t\x5c\xce\x93\
\x88\xc18b:\x8e\xc1\xe0\xa7y:\x1d?\x09\xf8\x83\
\xe1\xe4\xe5\x0b\x1fY\xc2\x07@u\x14\x00\x00\xf0\x0c\xfb\
/\x15\xec\x96\x04\x8fK\x81\xaf\xae\x19\xa4%E\xc1\xe2\
=\xde\xa8\x1f9b\xbc{L?\xa5\xbf\xdb\x0f\xf7\xd3\
\x88\xf1\x89\x88\xb1p\x0f\x00\xdfN\x01\x00\x00\xc7\xf4\xe0\
\xfe\xf9\xb3_N\xb7\x97\xd2`\xb8\xf4tY\x90v\xfe\
#\xe7\xdf\xcc{\xcf\x1d\xee\xfc\x9b\xee\xd9\x9c\xf3\x92\xd2\
`\xcf\x930\x9f\xd3$R\x9e<\x09\xf49O\x06\x8f\
\xff{\xfb\xa1~\xe7\xaf\x05{\x008\x1e\x05\x00\x00\x14\
\xf2tq\xb0\xf3\xafSNK)\xe5\xa5\xe9S%\xc1\
~\x89\xb0\xff?\xb3_&\xecK\xdf\xf8\xd7\xcf\xfa\xfb\
\x0ek?\x9c\x7f\xcb\x9f;~\xd6\xdf\xb7\x1f\xdew\xfe\
z\xf0\xd4\x7f}\xfa\xf8\xaf\xf7\x83\xbcEz\x00P\xc6\
\xff\x0f\x00\x00\xff\xff\x8eG\xa7\xce\xa8\xf7\xf4a\x00\x00\
\x00\x00IEND\xaeB`\x82\
"

qt_resource_name = b"\
\x00\x05\
\x00o\xa6S\
\x00i\
\x00c\x00o\x00n\x00s\
\x00\x14\
\x03\xa8Eg\
\x00r\
\x00u\x00d\x00e\x00_\x00i\x00c\x00o\x00n\x00_\x00s\x00q\x00u\x00a\x00r\x00e\x00.\
\x00p\x00n\x00g\
\x00\x17\
\x0c5\xa6'\
\x00r\
\x00u\x00d\x00e\x00_\x00i\x00c\x00o\x00n\x00_\x00r\x00o\x00u\x00n\x00d\x00e\x00d\
\x00g\x00e\x00.\x00p\x00n\x00g\
\x00\x18\
\x06\xd7\xda\xe7\
\x00r\
\x00u\x00d\x00e\x00_\x00i\x00c\x00o\x00n\x00_\x00r\x00o\x00u\x00n\x00d\x00_\x00t\
\x00r\x00a\x00y\x00.\x00p\x00n\x00g\
\x00\x13\
\x02\xf5Q\xa7\
\x00r\
\x00u\x00d\x00e\x00_\x00i\x00c\x00o\x00n\x00_\x00r\x00o\x00u\x00n\x00d\x00.\x00p\
\x00n\x00g\
"

qt_resource_struct = b"\
\x00\x00\x00\x00\x00\x02\x00\x00\x00\x01\x00\x00\x00\x01\
\x00\x00\x00\x00\x00\x00\x00\x00\
\x00\x00\x00\x00\x00\x02\x00\x00\x00\x01\x00\x00\x00\x02\
\x00\x00\x00\x00\x00\x00\x00\x00\
\x00\x00\x00\x00\x00\x02\x00\x00\x00\x04\x00\x00\x00\x03\
\x00\x00\x00\x00\x00\x00\x00\x00\
\x00\x00\x00\xa8\x00\x00\x00\x00\x00\x01\x00\x01aS\
\x00\x00\x01\x96.\xc1[\x90\
\x00\x00\x00\x10\x00\x00\x00\x00\x00\x01\x00\x00\x00\x00\
\x00\x00\x01\x96.\xc1[\x90\
\x00\x00\x00r\x00\x00\x00\x00\x00\x01\x00\x01Ud\
\x00\x00\x01\x96-\x8d\xadJ\
\x00\x00\x00>\x00\x00\x00\x00\x00\x01\x00\x00!\x1f\
\x00\x00\x01\x96.\xc1[\x90\
"

def qInitResources():
    QtCore.qRegisterResourceData(0x03, qt_resource_struct, qt_resource_name, qt_resource_data)

def qCleanupResources():
    QtCore.qUnregisterResourceData(0x03, qt_resource_struct, qt_resource_name, qt_resource_data)

qInitResources()
